{
  "updateTime": "2026-06-15 23:43:26",
  "assets": {
    "美元": {
      "收盘价": 99.662003,
      "1天": -0.000882,
      "1星期": -0.003878,
      "1个月": 0.007909,
      "1年": 0.01779,
      "QTD": 0.00012,
      "YTD": 0.012619
    },
    "2年美债": {
      "收盘价": 3.618,
      "1天": 0.0,
      "1星期": -0.002756,
      "1个月": 0.008361,
      "1年": -0.150305,
      "QTD": 0.003606,
      "YTD": 0.024059
    },
    "10年美债": {
      "收盘价": 4.469,
      "1天": -0.004012,
      "1星期": -0.018234,
      "1个月": 0.001793,
      "1年": 0.025706,
      "QTD": 0.03473,
      "YTD": 0.067351
    },
    "TLT": {
      "收盘价": 85.720001,
      "1天": -0.000583,
      "1星期": 0.012999,
      "1个月": 0.013391,
      "1年": 0.028217,
      "QTD": 0.001332,
      "YTD": 0.003576
    },
    "标普500": {
      "收盘价": 754.830017,
      "1天": 0.017634,
      "1星期": 0.021117,
      "1个月": 0.008902,
      "1年": 0.264568,
      "QTD": 0.15199,
      "YTD": 0.107911
    },
    "纳指": {
      "收盘价": 744.0,
      "1天": 0.031414,
      "1星期": 0.039005,
      "1个月": 0.033635,
      "1年": 0.400895,
      "QTD": 0.273297,
      "YTD": 0.214996
    },
    "道指": {
      "收盘价": 518.440002,
      "1天": 0.010486,
      "1星期": 0.018726,
      "1个月": 0.035795,
      "1年": 0.222746,
      "QTD": 0.114862,
      "YTD": 0.077066
    },
    "黄金": {
      "收盘价": 396.549988,
      "1天": 0.025896,
      "1星期": -0.001812,
      "1个月": -0.071768,
      "1年": 0.270179,
      "QTD": -0.094263,
      "YTD": -0.004344
    },
    "WTI原油": {
      "收盘价": 121.209999,
      "1天": -0.033644,
      "1星期": -0.103145,
      "1个月": -0.152378,
      "1年": 0.615057,
      "QTD": -0.023209,
      "YTD": 0.757686
    },
    "VIX": {
      "收盘价": 16.200001,
      "1天": -0.08371,
      "1星期": -0.143763,
      "1个月": -0.120998,
      "1年": -0.221902,
      "QTD": -0.339853,
      "YTD": 0.116471
    },
    "罗素2000": {
      "收盘价": 294.640015,
      "1天": 0.005769,
      "1星期": 0.037063,
      "1个月": 0.035824,
      "1年": 0.399639,
      "QTD": 0.180638,
      "YTD": 0.186446
    },
    "比特币": {
      "收盘价": 66170.078125,
      "1天": 0.006996,
      "1星期": 0.076824,
      "1个月": -0.143761,
      "1年": -0.469589,
      "QTD": -0.028033,
      "YTD": -0.25427
    },
    "通讯服务": {
      "收盘价": 119.769997,
      "1天": 0.004782,
      "1星期": 0.00842,
      "1个月": -0.036211,
      "1年": 0.138496,
      "QTD": 0.037509,
      "YTD": -0.009101
    },
    "非必需品消费": {
      "收盘价": 118.57,
      "1天": 0.016895,
      "1星期": 0.027559,
      "1个月": -0.000843,
      "1年": 0.118405,
      "QTD": 0.079872,
      "YTD": 0.003871
    },
    "必需品消费": {
      "收盘价": 85.480003,
      "1天": -0.003962,
      "1星期": 0.029012,
      "1个月": 0.005884,
      "1年": 0.07179,
      "QTD": 0.049349,
      "YTD": 0.106463
    },
    "能源": {
      "收盘价": 55.549999,
      "1天": -0.034752,
      "1星期": -0.04766,
      "1个月": -0.043396,
      "1年": 0.32425,
      "QTD": -0.057996,
      "YTD": 0.224818
    },
    "银行": {
      "收盘价": 92.07,
      "1天": -0.005724,
      "1星期": 0.029405,
      "1个月": 0.091653,
      "1年": 0.407485,
      "QTD": 0.148864,
      "YTD": 0.080446
    },
    "公共事业": {
      "收盘价": 44.740002,
      "1天": 0.004716,
      "1星期": 0.028033,
      "1个月": -0.003563,
      "1年": 0.123779,
      "QTD": -0.029712,
      "YTD": 0.043372
    },
    "REITS": {
      "收盘价": 103.080002,
      "1天": -0.01236,
      "1星期": 0.019786,
      "1个月": 0.01727,
      "1年": 0.100359,
      "QTD": 0.086425,
      "YTD": 0.099791
    },
    "科技": {
      "收盘价": 191.789993,
      "1天": 0.037825,
      "1星期": 0.041318,
      "1个月": 0.068468,
      "1年": 0.590354,
      "QTD": 0.421614,
      "YTD": 0.330759
    },
    "医疗": {
      "收盘价": 152.889999,
      "1天": -0.005981,
      "1星期": 0.001572,
      "1个月": 0.042692,
      "1年": 0.137466,
      "QTD": 0.034929,
      "YTD": -0.012806
    },
    "趋势板块": {
      "收盘价": 333.630005,
      "1天": 0.028453,
      "1星期": 0.058874,
      "1个月": 0.085858,
      "1年": 0.447836,
      "QTD": 0.360422,
      "YTD": 0.321288
    },
    "保险板块": {
      "收盘价": 135.020004,
      "1天": -0.004057,
      "1星期": 0.025988,
      "1个月": 0.029116,
      "1年": 0.039076,
      "QTD": 0.058068,
      "YTD": 0.015314
    },
    "芯片": {
      "收盘价": 628.450012,
      "1天": 0.054004,
      "1星期": 0.099746,
      "1个月": 0.185688,
      "1年": 1.787788,
      "QTD": 0.856354,
      "YTD": 1.004645
    },
    "罗素1000价值": {
      "收盘价": 243.779999,
      "1天": 0.006814,
      "1星期": 0.027437,
      "1个月": 0.036612,
      "1年": 0.293849,
      "QTD": 0.134177,
      "YTD": 0.153193
    },
    "罗素1000成长": {
      "收盘价": 124.360001,
      "1天": 0.022613,
      "1星期": 0.011221,
      "1个月": -0.012153,
      "1年": 0.215593,
      "QTD": 0.156541,
      "YTD": 0.055362
    },
    "前7大科技": {
      "收盘价": 66.620003,
      "1天": 0.026344,
      "1星期": 0.001353,
      "1个月": -0.060897,
      "1年": 0.263278,
      "QTD": 0.13531,
      "YTD": 0.019434
    },
    "标普等权指数": {
      "收盘价": 212.880005,
      "1天": 0.005812,
      "1星期": 0.025384,
      "1个月": 0.045272,
      "1年": 0.205746,
      "QTD": 0.10564,
      "YTD": 0.108531
    },
    "PUT/CALL": {
      "收盘价": 1.05,
      "1天": -0.32,
      "1星期": -0.01,
      "1个月": 0.23,
      "1年": 0.19
    }
  }
}