{
  "updateTime": "2026-02-13 22:28:46",
  "assets": {
    "美元": {
      "收盘价": 96.882004,
      "1天": -0.000495,
      "1星期": -0.007662,
      "1个月": -0.022677,
      "1年": -0.097176,
      "QTD": -0.015627,
      "YTD": -0.015627
    },
    "2年美债": {
      "收盘价": 3.593,
      "1天": -0.00139,
      "1星期": 0.000836,
      "1个月": 0.00927,
      "1年": -0.150189,
      "QTD": 0.016983,
      "YTD": 0.016983
    },
    "10年美债": {
      "收盘价": 4.056,
      "1天": -0.011696,
      "1星期": -0.035663,
      "1个月": -0.02029,
      "1年": -0.125296,
      "QTD": -0.031287,
      "YTD": -0.031287
    },
    "TLT": {
      "收盘价": 89.720001,
      "1天": 0.005491,
      "1星期": 0.024903,
      "1个月": 0.019622,
      "1年": 0.074596,
      "QTD": 0.034852,
      "YTD": 0.034852
    },
    "标普500": {
      "收盘价": 681.75,
      "1天": 0.000705,
      "1星期": -0.012844,
      "1个月": -0.012472,
      "1年": 0.143191,
      "QTD": -0.002079,
      "YTD": -0.002079
    },
    "纳指": {
      "收盘价": 601.919983,
      "1天": 0.002131,
      "1星期": -0.012679,
      "1个月": -0.028456,
      "1年": 0.145131,
      "QTD": -0.018267,
      "YTD": -0.018267
    },
    "道指": {
      "收盘价": 495.279999,
      "1天": 0.001233,
      "1星期": -0.011476,
      "1个月": 0.007892,
      "1年": 0.133843,
      "QTD": 0.024459,
      "YTD": 0.024459
    },
    "黄金": {
      "收盘价": 462.619995,
      "1天": 0.024879,
      "1星期": 0.01572,
      "1个月": 0.086115,
      "1年": 0.728322,
      "QTD": 0.161545,
      "YTD": 0.161545
    },
    "WTI原油": {
      "收盘价": 76.220001,
      "1天": -0.002095,
      "1星期": -0.010001,
      "1个月": 0.049718,
      "1年": -0.00131,
      "QTD": 0.105278,
      "YTD": 0.105278
    },
    "VIX": {
      "收盘价": 20.6,
      "1天": -0.010567,
      "1星期": 0.011291,
      "1个月": 0.229851,
      "1年": 0.296413,
      "QTD": 0.419711,
      "YTD": 0.419711
    },
    "罗素2000": {
      "收盘价": 262.959991,
      "1天": 0.013177,
      "1星期": -0.007773,
      "1个月": -0.000874,
      "1年": 0.189148,
      "QTD": 0.056998,
      "YTD": 0.056998
    },
    "比特币": {
      "收盘价": 68794.054688,
      "1天": 0.038842,
      "1星期": -0.02093,
      "1个月": -0.231385,
      "1年": -0.340992,
      "QTD": -0.224698,
      "YTD": -0.224698
    },
    "通讯服务": {
      "收盘价": 120.309998,
      "1天": -0.003891,
      "1星期": -0.01012,
      "1个月": -0.003314,
      "1年": 0.18143,
      "QTD": -0.004633,
      "YTD": -0.004633
    },
    "非必需品消费": {
      "收盘价": 116.18,
      "1天": 0.000431,
      "1星期": -0.01534,
      "1个月": -0.049652,
      "1年": 0.047512,
      "QTD": -0.018335,
      "YTD": -0.018335
    },
    "必需品消费": {
      "收盘价": 89.510002,
      "1天": 0.003363,
      "1星期": 0.017853,
      "1个月": 0.088532,
      "1年": 0.141589,
      "QTD": 0.152143,
      "YTD": 0.152143
    },
    "能源": {
      "收盘价": 54.349998,
      "1天": 0.006854,
      "1星期": 0.020657,
      "1个月": 0.130878,
      "1年": 0.261577,
      "QTD": 0.19058,
      "YTD": 0.19058
    },
    "银行": {
      "收盘价": 85.610001,
      "1天": 0.003164,
      "1星期": -0.055077,
      "1个月": 0.005757,
      "1年": 0.243883,
      "QTD": -0.001749,
      "YTD": -0.001749
    },
    "公共事业": {
      "收盘价": 46.5,
      "1天": 0.027624,
      "1星期": 0.072664,
      "1个月": 0.077137,
      "1年": 0.207022,
      "QTD": 0.076887,
      "YTD": 0.076887
    },
    "REITS": {
      "收盘价": 100.220001,
      "1天": 0.013654,
      "1星期": 0.026213,
      "1个月": 0.040166,
      "1年": 0.075658,
      "QTD": 0.066284,
      "YTD": 0.066284
    },
    "科技": {
      "收盘价": 139.559998,
      "1天": 0.002514,
      "1星期": -0.011125,
      "1个月": -0.035522,
      "1年": 0.190988,
      "QTD": -0.032848,
      "YTD": -0.032848
    },
    "医疗": {
      "收盘价": 157.669998,
      "1天": 0.010705,
      "1星期": -0.000254,
      "1个月": -0.001204,
      "1年": 0.100283,
      "QTD": 0.01389,
      "YTD": 0.01389
    },
    "趋势板块": {
      "收盘价": 251.479996,
      "1天": 0.005116,
      "1星期": -0.007929,
      "1个月": -0.016619,
      "1年": 0.126142,
      "QTD": -0.004946,
      "YTD": -0.004946
    },
    "保险板块": {
      "收盘价": 134.520004,
      "1天": -0.008038,
      "1星期": -0.015011,
      "1个月": 0.020792,
      "1年": 0.070713,
      "QTD": -0.003777,
      "YTD": -0.003777
    },
    "芯片": {
      "收盘价": 354.660004,
      "1天": 0.00899,
      "1星期": 0.017647,
      "1个月": 0.068575,
      "1年": 0.622432,
      "QTD": 0.130607,
      "YTD": 0.130607
    },
    "罗素1000价值": {
      "收盘价": 223.710007,
      "1天": 0.00675,
      "1星期": -0.00383,
      "1个月": 0.024689,
      "1年": 0.179208,
      "QTD": 0.054241,
      "YTD": 0.054241
    },
    "罗素1000成长": {
      "收盘价": 447.170013,
      "1天": -0.003987,
      "1星期": -0.021167,
      "1个月": -0.048858,
      "1年": 0.093355,
      "QTD": -0.052124,
      "YTD": -0.052124
    },
    "前7大科技": {
      "收盘价": 61.150002,
      "1天": -0.009396,
      "1星期": -0.031057,
      "1个月": -0.058941,
      "1年": 0.142683,
      "QTD": -0.064269,
      "YTD": -0.064269
    },
    "标普等权指数": {
      "收盘价": 202.869995,
      "1天": 0.010359,
      "1星期": 0.003016,
      "1个月": 0.021089,
      "1年": 0.148496,
      "QTD": 0.051903,
      "YTD": 0.051903
    },
    "垃圾债券利差": {
      "收盘价": 2.92,
      "1天": 0.08,
      "1星期": -0.05,
      "1个月": 0.21,
      "1年": 0.11
    },
    "PUT/CALL": {
      "收盘价": 1.05,
      "1天": -0.32,
      "1星期": -0.01,
      "1个月": 0.23,
      "1年": 0.19
    }
  }
}