{
  "updateTime": "2026-04-21 22:35:12",
  "assets": {
    "美元": {
      "收盘价": 98.407997,
      "1天": 0.003651,
      "1星期": 0.002935,
      "1个月": -0.012464,
      "1年": 0.001302,
      "QTD": -0.012464,
      "YTD": -0.000122
    },
    "2年美债": {
      "收盘价": 3.598,
      "1天": 0.0,
      "1星期": -0.003876,
      "1个月": -0.005528,
      "1年": -0.144352,
      "QTD": -0.001942,
      "YTD": 0.018398
    },
    "10年美债": {
      "收盘价": 4.292,
      "1天": 0.009882,
      "1星期": 0.008459,
      "1个月": -0.022546,
      "1年": -0.009462,
      "QTD": -0.006251,
      "YTD": 0.025078
    },
    "TLT": {
      "收盘价": 86.57,
      "1天": -0.005514,
      "1星期": -0.007339,
      "1个月": 0.012652,
      "1年": 0.033911,
      "QTD": 0.003594,
      "YTD": 0.005843
    },
    "标普500": {
      "收盘价": 704.080017,
      "1天": -0.006547,
      "1星期": 0.013852,
      "1个月": 0.085588,
      "1年": 0.352845,
      "QTD": 0.074538,
      "YTD": 0.033422
    },
    "纳指": {
      "收盘价": 644.330017,
      "1天": -0.003803,
      "1星期": 0.025024,
      "1个月": 0.108378,
      "1年": 0.45789,
      "QTD": 0.102719,
      "YTD": 0.052229
    },
    "道指": {
      "收盘价": 491.359985,
      "1天": -0.006008,
      "1星期": 0.01252,
      "1个月": 0.078261,
      "1年": 0.275014,
      "QTD": 0.056046,
      "YTD": 0.020244
    },
    "黄金": {
      "收盘价": 429.570007,
      "1天": -0.02832,
      "1星期": -0.034869,
      "1个月": 0.039165,
      "1年": 0.403273,
      "QTD": -0.018843,
      "YTD": 0.078563
    },
    "WTI原油": {
      "收盘价": 128.25,
      "1天": 0.057122,
      "1星期": 0.035527,
      "1个月": 0.056164,
      "1年": 0.845855,
      "QTD": 0.033524,
      "YTD": 0.859774
    },
    "VIX": {
      "收盘价": 19.5,
      "1天": 0.033386,
      "1星期": 0.062091,
      "1个月": -0.271845,
      "1年": -0.342327,
      "QTD": -0.205379,
      "YTD": 0.343901
    },
    "罗素2000": {
      "收盘价": 274.51001,
      "1天": -0.01024,
      "1星期": 0.021547,
      "1个月": 0.133309,
      "1年": 0.487925,
      "QTD": 0.099976,
      "YTD": 0.105388
    },
    "比特币": {
      "收盘价": 75362.117188,
      "1天": -0.006727,
      "1星期": 0.002794,
      "1个月": 0.104477,
      "1年": -0.372886,
      "QTD": 0.106988,
      "YTD": -0.150677
    },
    "通讯服务": {
      "收盘价": 121.800003,
      "1天": -0.010882,
      "1星期": 0.005531,
      "1个月": 0.054911,
      "1年": 0.352025,
      "QTD": 0.055094,
      "YTD": 0.007694
    },
    "非必需品消费": {
      "收盘价": 118.970001,
      "1天": -0.007508,
      "1星期": 0.021728,
      "1个月": 0.106451,
      "1年": 0.293531,
      "QTD": 0.083515,
      "YTD": 0.007258
    },
    "必需品消费": {
      "收盘价": 81.839996,
      "1天": -0.006676,
      "1星期": 0.004541,
      "1个月": 0.012433,
      "1年": 0.027277,
      "QTD": 0.004665,
      "YTD": 0.059347
    },
    "能源": {
      "收盘价": 55.869999,
      "1天": 0.014527,
      "1星期": -0.00143,
      "1个月": -0.051846,
      "1年": 0.41506,
      "QTD": -0.052569,
      "YTD": 0.231874
    },
    "银行": {
      "收盘价": 87.650002,
      "1天": -0.001481,
      "1星期": 0.022873,
      "1个月": 0.144405,
      "1年": 0.580704,
      "QTD": 0.093711,
      "YTD": 0.028577
    },
    "公共事业": {
      "收盘价": 44.950001,
      "1天": -0.017486,
      "1星期": -0.032709,
      "1个月": 0.013757,
      "1年": 0.188867,
      "QTD": -0.025157,
      "YTD": 0.048269
    },
    "REITS": {
      "收盘价": 101.449997,
      "1天": -0.017243,
      "1星期": 0.010257,
      "1个月": 0.085607,
      "1年": 0.129727,
      "QTD": 0.069245,
      "YTD": 0.0824
    },
    "科技": {
      "收盘价": 154.690002,
      "1天": 0.000841,
      "1星期": 0.045627,
      "1个月": 0.144817,
      "1年": 0.613336,
      "QTD": 0.146616,
      "YTD": 0.073336
    },
    "医疗": {
      "收盘价": 145.919998,
      "1天": -0.010175,
      "1星期": -0.019553,
      "1个月": 0.008187,
      "1年": 0.096187,
      "QTD": -0.012252,
      "YTD": -0.057811
    },
    "趋势板块": {
      "收盘价": 271.589996,
      "1天": -0.007201,
      "1星期": 0.004661,
      "1个月": 0.124503,
      "1年": 0.401474,
      "QTD": 0.107446,
      "YTD": 0.075588
    },
    "保险板块": {
      "收盘价": 133.539993,
      "1天": -7.5e-05,
      "1星期": 0.018923,
      "1个月": 0.050999,
      "1年": 0.059524,
      "QTD": 0.04647,
      "YTD": 0.004184
    },
    "芯片": {
      "收盘价": 420.700012,
      "1天": 0.007544,
      "1星期": 0.0485,
      "1个月": 0.265225,
      "1年": 1.542108,
      "QTD": 0.242689,
      "YTD": 0.341959
    },
    "罗素1000价值": {
      "收盘价": 225.869995,
      "1天": -0.006248,
      "1星期": 0.004983,
      "1个月": 0.068903,
      "1年": 0.303632,
      "QTD": 0.050851,
      "YTD": 0.06847
    },
    "罗素1000成长": {
      "收盘价": 471.26001,
      "1天": -0.007309,
      "1星期": 0.02321,
      "1个月": 0.102517,
      "1年": 0.384725,
      "QTD": 0.095673,
      "YTD": -0.000181
    },
    "前7大科技": {
      "收盘价": 65.309998,
      "1天": -0.006843,
      "1星期": 0.026725,
      "1个月": 0.118897,
      "1年": 0.559999,
      "QTD": 0.112986,
      "YTD": -0.000612
    },
    "标普等权指数": {
      "收盘价": 202.550003,
      "1天": -0.006133,
      "1星期": 0.014475,
      "1个月": 0.067919,
      "1年": 0.266151,
      "QTD": 0.051989,
      "YTD": 0.05474
    },
    "PUT/CALL": {
      "收盘价": 1.05,
      "1天": -0.32,
      "1星期": -0.01,
      "1个月": 0.23,
      "1年": 0.19
    }
  }
}