{
  "updateTime": "2026-06-04 23:06:35",
  "assets": {
    "美元": {
      "收盘价": 99.431999,
      "1天": -0.000985,
      "1星期": 0.004161,
      "1个月": 0.009667,
      "1年": 0.001834,
      "QTD": -0.002188,
      "YTD": 0.010282
    },
    "2年美债": {
      "收盘价": 3.62,
      "1天": -0.000828,
      "1星期": 0.008357,
      "1个月": 0.005556,
      "1年": -0.145218,
      "QTD": 0.004161,
      "YTD": 0.024625
    },
    "10年美债": {
      "收盘价": 4.477,
      "1天": -0.003117,
      "1星期": 0.004938,
      "1个月": 0.013813,
      "1年": 0.003812,
      "QTD": 0.036583,
      "YTD": 0.069262
    },
    "TLT": {
      "收盘价": 85.5,
      "1天": 0.002227,
      "1星期": 0.001123,
      "1个月": 0.004756,
      "1年": 0.051636,
      "QTD": -0.001237,
      "YTD": 0.001001
    },
    "标普500": {
      "收盘价": 757.090027,
      "1天": 0.003779,
      "1星期": 0.0033,
      "1个月": 0.046037,
      "1年": 0.284653,
      "QTD": 0.155439,
      "YTD": 0.111228
    },
    "纳指": {
      "收盘价": 740.609985,
      "1天": -0.004837,
      "1星期": 0.006811,
      "1个月": 0.08656,
      "1年": 0.411331,
      "QTD": 0.267495,
      "YTD": 0.209459
    },
    "道指": {
      "收盘价": 516.700012,
      "1天": 0.016606,
      "1星期": 0.019032,
      "1个月": 0.048736,
      "1年": 0.231458,
      "QTD": 0.11112,
      "YTD": 0.073451
    },
    "黄金": {
      "收盘价": 411.269989,
      "1天": 0.008336,
      "1星期": -0.003634,
      "1个月": -0.016736,
      "1年": 0.331359,
      "QTD": -0.060641,
      "YTD": 0.032615
    },
    "WTI原油": {
      "收盘价": 136.740005,
      "1天": -0.029249,
      "1星期": 0.045573,
      "1个月": -0.051536,
      "1年": 0.956503,
      "QTD": 0.101942,
      "YTD": 0.982889
    },
    "VIX": {
      "收盘价": 15.4,
      "1天": -0.041096,
      "1星期": -0.021601,
      "1个月": -0.114434,
      "1年": -0.125497,
      "QTD": -0.372453,
      "YTD": 0.061337
    },
    "罗素2000": {
      "收盘价": 292.01001,
      "1天": 0.015087,
      "1星期": -6.8e-05,
      "1个月": 0.033444,
      "1年": 0.412031,
      "QTD": 0.170099,
      "YTD": 0.175856
    },
    "比特币": {
      "收盘价": 63734.550781,
      "1天": -0.004371,
      "1星期": -0.135859,
      "1个月": -0.213651,
      "1年": -0.415544,
      "QTD": -0.063809,
      "YTD": -0.281718
    },
    "通讯服务": {
      "收盘价": 121.349998,
      "1天": 0.0,
      "1星期": -0.02741,
      "1个月": -0.013655,
      "1年": 0.182407,
      "QTD": 0.051195,
      "YTD": 0.003971
    },
    "非必需品消费": {
      "收盘价": 117.260002,
      "1天": 0.00454,
      "1星期": -0.039325,
      "1个月": -0.00686,
      "1年": 0.097167,
      "QTD": 0.067942,
      "YTD": -0.00722
    },
    "必需品消费": {
      "收盘价": 82.040001,
      "1天": -0.001461,
      "1星期": -0.028307,
      "1个月": -0.02403,
      "1年": 0.018222,
      "QTD": 0.00712,
      "YTD": 0.061936
    },
    "能源": {
      "收盘价": 58.75,
      "1天": 0.000681,
      "1星期": 0.031607,
      "1个月": -0.011775,
      "1年": 0.450973,
      "QTD": -0.003731,
      "YTD": 0.295375
    },
    "银行": {
      "收盘价": 90.339996,
      "1天": 0.036485,
      "1星期": 0.044514,
      "1个月": 0.047785,
      "1年": 0.393525,
      "QTD": 0.127277,
      "YTD": 0.060144
    },
    "公共事业": {
      "收盘价": 43.939999,
      "1天": 0.005262,
      "1星期": -0.015461,
      "1个月": -0.052405,
      "1年": 0.096853,
      "QTD": -0.047061,
      "YTD": 0.024715
    },
    "REITS": {
      "收盘价": 101.790001,
      "1天": 0.0179,
      "1星期": -0.005083,
      "1个月": -0.001471,
      "1年": 0.103854,
      "QTD": 0.072829,
      "YTD": 0.086027
    },
    "科技": {
      "收盘价": 193.169998,
      "1天": -0.015594,
      "1星期": 0.033824,
      "1个月": 0.166274,
      "1年": 0.643256,
      "QTD": 0.431843,
      "YTD": 0.340334
    },
    "医疗": {
      "收盘价": 152.080002,
      "1天": 0.030701,
      "1星期": 0.007953,
      "1个月": 0.046662,
      "1年": 0.163589,
      "QTD": 0.029446,
      "YTD": -0.018036
    },
    "趋势板块": {
      "收盘价": 325.869995,
      "1天": -0.011017,
      "1星期": 0.035659,
      "1个月": 0.119443,
      "1年": 0.402029,
      "QTD": 0.32878,
      "YTD": 0.290556
    },
    "保险板块": {
      "收盘价": 129.470001,
      "1天": 0.011721,
      "1星期": -0.000618,
      "1个月": -0.014538,
      "1年": -0.030373,
      "QTD": 0.014576,
      "YTD": -0.026421
    },
    "芯片": {
      "收盘价": 602.719971,
      "1天": -0.02105,
      "1星期": 0.058388,
      "1个月": 0.248565,
      "1年": 1.839486,
      "QTD": 0.780351,
      "YTD": 0.922571
    },
    "罗素1000价值": {
      "收盘价": 241.029999,
      "1天": 0.007229,
      "1星期": 0.012603,
      "1个月": 0.038788,
      "1年": 0.290901,
      "QTD": 0.121383,
      "YTD": 0.140184
    },
    "罗素1000成长": {
      "收盘价": 126.830002,
      "1天": 0.001579,
      "1星期": -0.002281,
      "1个月": 0.053318,
      "1年": 0.25802,
      "QTD": 0.179512,
      "YTD": 0.076324
    },
    "前7大科技": {
      "收盘价": 69.120003,
      "1天": 0.010231,
      "1星期": -0.024693,
      "1个月": 0.029951,
      "1年": 0.326801,
      "QTD": 0.177914,
      "YTD": 0.057689
    },
    "标普等权指数": {
      "收盘价": 210.830002,
      "1天": 0.007551,
      "1星期": 0.012389,
      "1个月": 0.037345,
      "1年": 0.204062,
      "QTD": 0.094993,
      "YTD": 0.097856
    },
    "PUT/CALL": {
      "收盘价": 1.05,
      "1天": -0.32,
      "1星期": -0.01,
      "1个月": 0.23,
      "1年": 0.19
    }
  }
}