{
  "updateTime": "2026-02-23 22:37:18",
  "assets": {
    "美元": {
      "收盘价": 97.723,
      "1天": -0.000787,
      "1星期": 0.008702,
      "1个月": -0.006476,
      "1年": -0.08336,
      "QTD": -0.007082,
      "YTD": -0.007082
    },
    "2年美债": {
      "收盘价": 3.588,
      "1天": -0.001947,
      "1星期": -0.001392,
      "1个月": 0.0,
      "1年": -0.14673,
      "QTD": 0.015568,
      "YTD": 0.015568
    },
    "10年美债": {
      "收盘价": 4.029,
      "1天": -0.01395,
      "1星期": -0.006657,
      "1个月": -0.051777,
      "1年": -0.104667,
      "QTD": -0.037736,
      "YTD": -0.037736
    },
    "TLT": {
      "收盘价": 89.739998,
      "1天": 0.003691,
      "1星期": 0.000223,
      "1个月": 0.027292,
      "1年": 0.058933,
      "QTD": 0.035083,
      "YTD": 0.035083
    },
    "标普500": {
      "收盘价": 682.390015,
      "1天": -0.010211,
      "1星期": 0.000939,
      "1个月": -0.009565,
      "1年": 0.131104,
      "QTD": -0.001142,
      "YTD": -0.001142
    },
    "纳指": {
      "收盘价": 601.409973,
      "1天": -0.012155,
      "1星期": -0.000847,
      "1个月": -0.031172,
      "1年": 0.125142,
      "QTD": -0.019099,
      "YTD": -0.019099
    },
    "道指": {
      "收盘价": 488.01001,
      "1天": -0.016267,
      "1星期": -0.013455,
      "1个月": -0.010278,
      "1年": 0.121723,
      "QTD": 0.010675,
      "YTD": 0.010675
    },
    "黄金": {
      "收盘价": 481.279999,
      "1天": 0.027016,
      "1星期": 0.040335,
      "1个月": 0.065274,
      "1年": 0.776007,
      "QTD": 0.208396,
      "YTD": 0.208396
    },
    "WTI原油": {
      "收盘价": 80.900002,
      "1天": 0.000618,
      "1星期": 0.061401,
      "1个月": 0.126427,
      "1年": 0.040381,
      "QTD": 0.173144,
      "YTD": 0.173144
    },
    "VIX": {
      "收盘价": 21.01,
      "1天": 0.100576,
      "1星期": 0.019903,
      "1个月": 0.34335,
      "1年": 0.341635,
      "QTD": 0.447967,
      "YTD": 0.447967
    },
    "罗素2000": {
      "收盘价": 260.48999,
      "1天": -0.01557,
      "1星期": -0.009393,
      "1个月": -0.034471,
      "1年": 0.174616,
      "QTD": 0.04707,
      "YTD": 0.04707
    },
    "比特币": {
      "收盘价": 64896.078125,
      "1天": -0.040842,
      "1星期": -0.023022,
      "1个月": -0.175282,
      "1年": -0.39234,
      "QTD": -0.268628,
      "YTD": -0.268628
    },
    "通讯服务": {
      "收盘价": 120.225998,
      "1天": -0.011543,
      "1星期": -0.000698,
      "1个月": -0.006643,
      "1年": 0.171566,
      "QTD": -0.005328,
      "YTD": -0.005328
    },
    "非必需品消费": {
      "收盘价": 114.989998,
      "1天": -0.020945,
      "1星期": -0.010243,
      "1个月": -0.062225,
      "1年": 0.03424,
      "QTD": -0.02839,
      "YTD": -0.02839
    },
    "必需品消费": {
      "收盘价": 88.970001,
      "1天": 0.012288,
      "1星期": -0.006033,
      "1个月": 0.081439,
      "1年": 0.125203,
      "QTD": 0.145192,
      "YTD": 0.145192
    },
    "能源": {
      "收盘价": 55.150002,
      "1天": 0.00492,
      "1星期": 0.014719,
      "1个月": 0.127581,
      "1年": 0.227485,
      "QTD": 0.208105,
      "YTD": 0.208105
    },
    "银行": {
      "收盘价": 83.25,
      "1天": -0.043983,
      "1星期": -0.027567,
      "1个月": -0.03523,
      "1年": 0.213554,
      "QTD": -0.029268,
      "YTD": -0.029268
    },
    "公共事业": {
      "收盘价": 46.68,
      "1天": 0.007554,
      "1星期": 0.003871,
      "1个月": 0.092953,
      "1年": 0.196596,
      "QTD": 0.081056,
      "YTD": 0.081056
    },
    "REITS": {
      "收盘价": 100.510002,
      "1天": -0.000298,
      "1星期": 0.002894,
      "1个月": 0.049603,
      "1年": 0.061973,
      "QTD": 0.069369,
      "YTD": 0.069369
    },
    "科技": {
      "收盘价": 138.520004,
      "1天": -0.016752,
      "1星期": -0.007452,
      "1个月": -0.043898,
      "1年": 0.15474,
      "QTD": -0.040055,
      "YTD": -0.040055
    },
    "医疗": {
      "收盘价": 158.539993,
      "1天": 0.010968,
      "1星期": 0.005518,
      "1个月": 0.001579,
      "1年": 0.095833,
      "QTD": 0.019484,
      "YTD": 0.019484
    },
    "趋势板块": {
      "收盘价": 249.75,
      "1天": -0.019743,
      "1星期": -0.006879,
      "1个月": -0.024681,
      "1年": 0.119985,
      "QTD": -0.011791,
      "YTD": -0.011791
    },
    "保险板块": {
      "收盘价": 134.151001,
      "1天": -0.011123,
      "1星期": -0.002743,
      "1个月": 0.024444,
      "1年": 0.056777,
      "QTD": -0.00651,
      "YTD": -0.00651
    },
    "芯片": {
      "收盘价": 356.820007,
      "1天": -0.007261,
      "1星期": 0.00609,
      "1个月": 0.023375,
      "1年": 0.555102,
      "QTD": 0.137492,
      "YTD": 0.137492
    },
    "罗素1000价值": {
      "收盘价": 223.059998,
      "1天": -0.00981,
      "1星期": -0.002906,
      "1个月": 0.015247,
      "1年": 0.162838,
      "QTD": 0.051178,
      "YTD": 0.051178
    },
    "罗素1000成长": {
      "收盘价": 447.98999,
      "1天": -0.012933,
      "1星期": 0.001834,
      "1个月": -0.038607,
      "1年": 0.085683,
      "QTD": -0.050386,
      "YTD": -0.050386
    },
    "前7大科技": {
      "收盘价": 61.599998,
      "1天": -0.015974,
      "1星期": 0.007359,
      "1个月": -0.051286,
      "1年": 0.136648,
      "QTD": -0.057383,
      "YTD": -0.057383
    },
    "标普等权指数": {
      "收盘价": 201.850006,
      "1天": -0.010976,
      "1星期": -0.005028,
      "1个月": 0.010969,
      "1年": 0.125929,
      "QTD": 0.046614,
      "YTD": 0.046614
    },
    "垃圾债券利差": {
      "收盘价": 2.86,
      "1天": -0.02,
      "1星期": -0.09,
      "1个月": 0.18,
      "1年": -0.13
    },
    "PUT/CALL": {
      "收盘价": 1.05,
      "1天": -0.32,
      "1星期": -0.01,
      "1个月": 0.23,
      "1年": 0.19
    }
  }
}