{
  "updateTime": "2026-01-23 22:15:45",
  "assets": {
    "美元": {
      "收盘价": 97.456001,
      "1天": -0.009191,
      "1星期": -0.018768,
      "1个月": -0.008485,
      "1年": -0.098047,
      "QTD": -0.009795,
      "YTD": -0.009795
    },
    "2年美债": {
      "收盘价": 3.582,
      "1天": -0.001672,
      "1星期": 0.004769,
      "1个月": 0.015306,
      "1年": -0.150178,
      "QTD": 0.013869,
      "YTD": 0.013869
    },
    "10年美债": {
      "收盘价": 4.239,
      "1天": -0.002354,
      "1星期": 0.01899,
      "1个月": 0.016791,
      "1年": -0.078278,
      "QTD": 0.012419,
      "YTD": 0.012419
    },
    "TLT": {
      "收盘价": 87.93,
      "1天": 0.002737,
      "1星期": -0.004303,
      "1个月": 0.006525,
      "1年": 0.049518,
      "QTD": 0.010341,
      "YTD": 0.010341
    },
    "标普500": {
      "收盘价": 689.22998,
      "1天": 0.000363,
      "1星期": -0.004348,
      "1个月": 0.006425,
      "1年": 0.149864,
      "QTD": 0.00887,
      "YTD": 0.00887
    },
    "纳指": {
      "收盘价": 622.719971,
      "1天": 0.003157,
      "1星期": 0.001512,
      "1个月": 0.005668,
      "1年": 0.177547,
      "QTD": 0.015658,
      "YTD": 0.015658
    },
    "道指": {
      "收盘价": 490.929993,
      "1天": -0.005591,
      "1星期": -0.00682,
      "1个月": 0.015819,
      "1年": 0.12987,
      "QTD": 0.015462,
      "YTD": 0.015462
    },
    "黄金": {
      "收盘价": 458.0,
      "1天": 0.013745,
      "1星期": 0.081898,
      "1个月": 0.121917,
      "1年": 0.800102,
      "QTD": 0.149945,
      "YTD": 0.149945
    },
    "WTI原油": {
      "收盘价": 73.949997,
      "1天": 0.029657,
      "1星期": 0.039646,
      "1个月": 0.060519,
      "1年": -0.080567,
      "QTD": 0.072361,
      "YTD": 0.072361
    },
    "VIX": {
      "收盘价": 16.09,
      "1天": 0.028772,
      "1星期": 0.015783,
      "1个月": 0.142756,
      "1年": 0.065563,
      "QTD": 0.10889,
      "YTD": 0.10889
    },
    "罗素2000": {
      "收盘价": 264.809998,
      "1天": -0.018459,
      "1星期": -0.002636,
      "1个月": 0.044286,
      "1年": 0.173017,
      "QTD": 0.064434,
      "YTD": 0.064434
    },
    "比特币": {
      "收盘价": 89620.023438,
      "1天": 0.001761,
      "1星期": -0.042873,
      "1个月": -0.00361,
      "1年": -0.134016,
      "QTD": 0.010008,
      "YTD": 0.010008
    },
    "通讯服务": {
      "收盘价": 121.709999,
      "1天": 0.005618,
      "1星期": 0.012647,
      "1个月": 0.012141,
      "1年": 0.260876,
      "QTD": 0.00695,
      "YTD": 0.00695
    },
    "非必需品消费": {
      "收盘价": 123.129997,
      "1天": 0.004159,
      "1星期": 0.003504,
      "1个月": 0.006457,
      "1年": 0.079818,
      "QTD": 0.040389,
      "YTD": 0.040389
    },
    "必需品消费": {
      "收盘价": 82.910004,
      "1天": 0.007779,
      "1星期": 0.006556,
      "1个月": 0.064587,
      "1年": 0.103014,
      "QTD": 0.06719,
      "YTD": 0.06719
    },
    "能源": {
      "收盘价": 49.189999,
      "1天": 0.005725,
      "1星期": 0.033186,
      "1个月": 0.112644,
      "1年": 0.107715,
      "QTD": 0.077546,
      "YTD": 0.077546
    },
    "银行": {
      "收盘价": 84.410004,
      "1天": -0.021787,
      "1星期": -0.024049,
      "1个月": -0.016773,
      "1年": 0.236096,
      "QTD": -0.015742,
      "YTD": -0.015742
    },
    "公共事业": {
      "收盘价": 42.560001,
      "1天": -0.003512,
      "1星期": -0.024077,
      "1个月": 0.002119,
      "1年": 0.117868,
      "QTD": -0.014358,
      "YTD": -0.014358
    },
    "REITS": {
      "收盘价": 96.040001,
      "1天": 0.002924,
      "1星期": -0.010203,
      "1个月": 0.025959,
      "1年": 0.046914,
      "QTD": 0.021811,
      "YTD": 0.021811
    },
    "科技": {
      "收盘价": 145.089996,
      "1天": 0.001449,
      "1星期": -0.002544,
      "1个月": -0.000482,
      "1年": 0.20961,
      "QTD": 0.005475,
      "YTD": 0.005475
    },
    "医疗": {
      "收盘价": 157.479996,
      "1天": -0.005117,
      "1星期": 0.003313,
      "1个月": 0.014037,
      "1年": 0.127092,
      "QTD": 0.012668,
      "YTD": 0.012668
    },
    "趋势板块": {
      "收盘价": 255.490005,
      "1天": -0.002265,
      "1星期": -0.006687,
      "1个月": 0.008288,
      "1年": 0.16219,
      "QTD": 0.010921,
      "YTD": 0.010921
    },
    "保险板块": {
      "收盘价": 129.929993,
      "1天": -0.007789,
      "1星期": -0.010961,
      "1个月": -0.053609,
      "1年": 0.041022,
      "QTD": -0.037769,
      "YTD": -0.037769
    },
    "芯片": {
      "收盘价": 344.709991,
      "1天": -0.011358,
      "1星期": 0.022211,
      "1个月": 0.134512,
      "1年": 0.472126,
      "QTD": 0.098887,
      "YTD": 0.098887
    },
    "罗素1000价值": {
      "收盘价": 218.479996,
      "1天": -0.005598,
      "1星期": -0.003285,
      "1个月": 0.0331,
      "1年": 0.154629,
      "QTD": 0.029595,
      "YTD": 0.029595
    },
    "罗素1000成长": {
      "收盘价": 468.26001,
      "1天": 0.004893,
      "1星期": -0.00512,
      "1个月": -0.016901,
      "1年": 0.131175,
      "QTD": -0.007419,
      "YTD": -0.007419
    },
    "前7大科技": {
      "收盘价": 65.620003,
      "1天": 0.010627,
      "1星期": 0.008143,
      "1个月": -0.013434,
      "1年": 0.179719,
      "QTD": 0.004132,
      "YTD": 0.004132
    },
    "标普等权指数": {
      "收盘价": 198.770004,
      "1天": -0.004458,
      "1星期": -0.003959,
      "1个月": 0.027023,
      "1年": 0.114186,
      "QTD": 0.030644,
      "YTD": 0.030644
    },
    "垃圾债券利差": {
      "收盘价": 2.64,
      "1天": -0.05,
      "1星期": -0.07,
      "1个月": -0.24,
      "1年": -0.07
    },
    "PUT/CALL": {
      "收盘价": 1.05,
      "1天": -0.32,
      "1星期": -0.01,
      "1个月": 0.23,
      "1年": 0.19
    }
  }
}