{
  "updateTime": "2026-04-14 22:41:52",
  "assets": {
    "美元": {
      "收盘价": 98.106003,
      "1天": -0.002684,
      "1星期": -0.015395,
      "1个月": -0.022459,
      "1年": -0.016777,
      "QTD": -0.015494,
      "YTD": -0.00319
    },
    "2年美债": {
      "收盘价": 3.612,
      "1天": 0.002498,
      "1星期": -0.00083,
      "1个月": 0.002498,
      "1年": -0.139385,
      "QTD": 0.001942,
      "YTD": 0.022361
    },
    "10年美债": {
      "收盘价": 4.256,
      "1天": -0.009542,
      "1星期": -0.020032,
      "1个月": -0.006768,
      "1年": -0.031406,
      "QTD": -0.014587,
      "YTD": 0.01648
    },
    "TLT": {
      "收盘价": 87.209999,
      "1天": 0.005303,
      "1星期": 0.006579,
      "1个月": 0.011769,
      "1年": 0.054933,
      "QTD": 0.011013,
      "YTD": 0.013279
    },
    "标普500": {
      "收盘价": 694.460022,
      "1天": 0.012185,
      "1星期": 0.053457,
      "1个月": 0.051438,
      "1年": 0.339016,
      "QTD": 0.059856,
      "YTD": 0.019302
    },
    "纳指": {
      "收盘价": 628.599976,
      "1天": 0.018157,
      "1星期": 0.067976,
      "1个月": 0.060083,
      "1年": 0.415668,
      "QTD": 0.075799,
      "YTD": 0.026541
    },
    "道指": {
      "收盘价": 485.48999,
      "1天": 0.006969,
      "1星期": 0.042092,
      "1个月": 0.043157,
      "1年": 0.246118,
      "QTD": 0.042988,
      "YTD": 0.007628
    },
    "黄金": {
      "收盘价": 445.089996,
      "1天": 0.022349,
      "1星期": 0.030754,
      "1个月": -0.034177,
      "1年": 0.522456,
      "QTD": 0.016605,
      "YTD": 0.11753
    },
    "WTI原油": {
      "收盘价": 123.849998,
      "1天": -0.035962,
      "1星期": -0.103056,
      "1个月": 0.03303,
      "1年": 0.89605,
      "QTD": -0.001934,
      "YTD": 0.795969
    },
    "VIX": {
      "收盘价": 18.360001,
      "1天": -0.039749,
      "1星期": -0.28782,
      "1个月": -0.324752,
      "1年": -0.549116,
      "QTD": -0.251834,
      "YTD": 0.265334
    },
    "罗素2000": {
      "收盘价": 268.720001,
      "1天": 0.01377,
      "1星期": 0.062512,
      "1个月": 0.091683,
      "1年": 0.494777,
      "QTD": 0.076775,
      "YTD": 0.082073
    },
    "比特币": {
      "收盘价": 74078.25,
      "1天": -0.005456,
      "1星期": 0.032193,
      "1个月": 0.050489,
      "1年": -0.350996,
      "QTD": 0.088129,
      "YTD": -0.165146
    },
    "通讯服务": {
      "收盘价": 121.129997,
      "1天": 0.02073,
      "1星期": 0.047928,
      "1个月": 0.024788,
      "1年": 0.345023,
      "QTD": 0.04929,
      "YTD": 0.002151
    },
    "非必需品消费": {
      "收盘价": 116.440002,
      "1天": 0.022121,
      "1星期": 0.080449,
      "1个月": 0.052444,
      "1年": 0.249179,
      "QTD": 0.060474,
      "YTD": -0.014162
    },
    "必需品消费": {
      "收盘价": 81.470001,
      "1天": -0.000981,
      "1星期": 0.002584,
      "1个月": -0.033177,
      "1年": 0.05511,
      "QTD": 0.000123,
      "YTD": 0.054558
    },
    "能源": {
      "收盘价": 55.950001,
      "1天": -0.020312,
      "1星期": -0.06998,
      "1个月": -0.023994,
      "1年": 0.500292,
      "QTD": -0.051212,
      "YTD": 0.233638
    },
    "银行": {
      "收盘价": 85.690002,
      "1天": -0.000816,
      "1星期": 0.054387,
      "1个月": 0.137107,
      "1年": 0.58358,
      "QTD": 0.069254,
      "YTD": 0.005576
    },
    "公共事业": {
      "收盘价": 46.470001,
      "1天": 0.001725,
      "1星期": 0.004322,
      "1个月": -0.003516,
      "1年": 0.267702,
      "QTD": 0.007807,
      "YTD": 0.083717
    },
    "REITS": {
      "收盘价": 100.419998,
      "1天": 0.009754,
      "1星期": 0.041053,
      "1个月": 0.03284,
      "1年": 0.177295,
      "QTD": 0.05839,
      "YTD": 0.07141
    },
    "科技": {
      "收盘价": 147.940002,
      "1天": 0.016002,
      "1星期": 0.076475,
      "1个月": 0.082777,
      "1年": 0.530951,
      "QTD": 0.096583,
      "YTD": 0.0265
    },
    "医疗": {
      "收盘价": 148.830002,
      "1天": 0.005812,
      "1星期": 0.015419,
      "1个月": -0.002324,
      "1年": 0.123021,
      "QTD": 0.007446,
      "YTD": -0.039021
    },
    "趋势板块": {
      "收盘价": 270.329987,
      "1天": 0.016087,
      "1星期": 0.084443,
      "1个月": 0.111454,
      "1年": 0.410058,
      "QTD": 0.102308,
      "YTD": 0.070598
    },
    "保险板块": {
      "收盘价": 131.059998,
      "1天": -0.004708,
      "1星期": 0.014475,
      "1个月": 0.016242,
      "1年": 0.049823,
      "QTD": 0.027035,
      "YTD": -0.014464
    },
    "芯片": {
      "收盘价": 401.23999,
      "1天": 0.020084,
      "1星期": 0.153784,
      "1个月": 0.211781,
      "1年": 1.394897,
      "QTD": 0.185207,
      "YTD": 0.279885
    },
    "罗素1000价值": {
      "收盘价": 224.75,
      "1天": 0.004649,
      "1星期": 0.037244,
      "1个月": 0.050596,
      "1年": 0.318632,
      "QTD": 0.045641,
      "YTD": 0.063172
    },
    "罗素1000成长": {
      "收盘价": 460.570007,
      "1天": 0.018014,
      "1星期": 0.066208,
      "1个月": 0.051759,
      "1年": 0.344498,
      "QTD": 0.070819,
      "YTD": -0.022861
    },
    "前7大科技": {
      "收盘价": 63.610001,
      "1天": 0.029955,
      "1星期": 0.091268,
      "1个月": 0.061228,
      "1年": 0.466238,
      "QTD": 0.084015,
      "YTD": -0.026626
    },
    "标普等权指数": {
      "收盘价": 199.660004,
      "1天": 0.004174,
      "1星期": 0.031888,
      "1个月": 0.036145,
      "1年": 0.272014,
      "QTD": 0.036979,
      "YTD": 0.039691
    },
    "PUT/CALL": {
      "收盘价": 1.05,
      "1天": -0.32,
      "1星期": -0.01,
      "1个月": 0.23,
      "1年": 0.19
    }
  }
}