{
  "updateTime": "2026-03-24 22:26:27",
  "assets": {
    "美元": {
      "收盘价": 99.182999,
      "1天": 0.002355,
      "1星期": -0.003987,
      "1个月": 0.015179,
      "1年": -0.048696,
      "QTD": 0.007752,
      "YTD": 0.007752
    },
    "2年美债": {
      "收盘价": 3.62,
      "1天": 0.002215,
      "1星期": 0.004161,
      "1个月": 0.008919,
      "1年": -0.135006,
      "QTD": 0.024625,
      "YTD": 0.024625
    },
    "10年美债": {
      "收盘价": 4.392,
      "1天": 0.013382,
      "1星期": 0.045216,
      "1个月": 0.090097,
      "1年": 0.032926,
      "QTD": 0.048961,
      "YTD": 0.048961
    },
    "TLT": {
      "收盘价": 86.010002,
      "1天": -0.004399,
      "1星期": -0.016466,
      "1个月": -0.038377,
      "1年": -0.009075,
      "QTD": -0.004641,
      "YTD": -0.004641
    },
    "标普500": {
      "收盘价": 653.179993,
      "1天": -0.003357,
      "1星期": -0.023593,
      "1个月": -0.040191,
      "1年": 0.171438,
      "QTD": -0.041287,
      "YTD": -0.041287
    },
    "纳指": {
      "收盘价": 583.97998,
      "1天": -0.006837,
      "1星期": -0.03204,
      "1个月": -0.028982,
      "1年": 0.220659,
      "QTD": -0.047527,
      "YTD": -0.047527
    },
    "道指": {
      "收盘价": 461.170013,
      "1天": -0.001732,
      "1星期": -0.018547,
      "1个月": -0.052957,
      "1年": 0.116164,
      "QTD": -0.042847,
      "YTD": -0.042847
    },
    "黄金": {
      "收盘价": 404.130005,
      "1天": 0.000223,
      "1星期": -0.12006,
      "1个月": -0.160302,
      "1年": 0.451147,
      "QTD": 0.014688,
      "YTD": 0.014688
    },
    "WTI原油": {
      "收盘价": 114.540001,
      "1天": 0.035999,
      "1星期": -0.036183,
      "1个月": 0.415822,
      "1年": 0.552243,
      "QTD": 0.660963,
      "YTD": 0.660963
    },
    "VIX": {
      "收盘价": 26.950001,
      "1天": 0.030593,
      "1星期": 0.204738,
      "1个月": 0.282723,
      "1年": 0.397822,
      "QTD": 0.85734,
      "YTD": 0.85734
    },
    "罗素2000": {
      "收盘价": 248.779999,
      "1天": 0.005375,
      "1星期": -0.005079,
      "1个月": -0.043255,
      "1年": 0.233922,
      "QTD": 0.001779,
      "YTD": 0.001779
    },
    "比特币": {
      "收盘价": 70419.6875,
      "1天": -0.006983,
      "1星期": 0.00725,
      "1个月": 0.031131,
      "1年": -0.402094,
      "QTD": -0.206378,
      "YTD": -0.206378
    },
    "通讯服务": {
      "收盘价": 115.050003,
      "1天": -0.012446,
      "1星期": -0.038285,
      "1个月": -0.043084,
      "1年": 0.196691,
      "QTD": -0.048151,
      "YTD": -0.048151
    },
    "非必需品消费": {
      "收盘价": 109.68,
      "1天": -0.003996,
      "1星期": -0.030924,
      "1个月": -0.046178,
      "1年": 0.120577,
      "QTD": -0.073257,
      "YTD": -0.073257
    },
    "必需品消费": {
      "收盘价": 81.110001,
      "1天": -0.000862,
      "1星期": -0.042385,
      "1个月": -0.088344,
      "1年": 0.050366,
      "QTD": 0.044021,
      "YTD": 0.044021
    },
    "能源": {
      "收盘价": 60.84,
      "1天": 0.020292,
      "1星期": 0.039822,
      "1个月": 0.103173,
      "1年": 0.359105,
      "QTD": 0.332749,
      "YTD": 0.332749
    },
    "银行": {
      "收盘价": 78.610001,
      "1天": 0.011972,
      "1星期": 0.020512,
      "1个月": -0.055736,
      "1年": 0.266966,
      "QTD": -0.083372,
      "YTD": -0.083372
    },
    "公共事业": {
      "收盘价": 45.09,
      "1天": 0.006923,
      "1星期": -0.043285,
      "1个月": -0.034062,
      "1年": 0.177853,
      "QTD": 0.044233,
      "YTD": 0.044233
    },
    "REITS": {
      "收盘价": 93.489998,
      "1天": -0.006588,
      "1星期": -0.049609,
      "1个月": -0.067233,
      "1年": 0.013631,
      "QTD": -0.002528,
      "YTD": -0.002528
    },
    "科技": {
      "收盘价": 136.149994,
      "1天": -0.005842,
      "1星期": -0.024294,
      "1个月": -0.01711,
      "1年": 0.280596,
      "QTD": -0.05648,
      "YTD": -0.05648
    },
    "医疗": {
      "收盘价": 144.789993,
      "1天": 0.000138,
      "1星期": -0.032411,
      "1个月": -0.086729,
      "1年": 0.005025,
      "QTD": -0.068934,
      "YTD": -0.068934
    },
    "趋势板块": {
      "收盘价": 245.539993,
      "1天": 0.004171,
      "1星期": -0.010837,
      "1个月": -0.015976,
      "1年": 0.208998,
      "QTD": -0.027578,
      "YTD": -0.027578
    },
    "保险板块": {
      "收盘价": 128.087006,
      "1天": -0.000179,
      "1星期": -0.015624,
      "1个月": -0.030502,
      "1年": -0.017664,
      "QTD": -0.036821,
      "YTD": -0.036821
    },
    "芯片": {
      "收盘价": 341.019989,
      "1天": 0.013161,
      "1星期": 0.002263,
      "1个月": -0.043691,
      "1年": 0.721331,
      "QTD": 0.087794,
      "YTD": 0.087794
    },
    "罗素1000价值": {
      "收盘价": 213.820007,
      "1天": 0.003237,
      "1星期": -0.013927,
      "1个月": -0.037777,
      "1年": 0.162671,
      "QTD": 0.011468,
      "YTD": 0.011468
    },
    "罗素1000成长": {
      "收盘价": 429.420013,
      "1天": -0.010599,
      "1星期": -0.032206,
      "1个月": -0.040608,
      "1年": 0.165317,
      "QTD": -0.088948,
      "YTD": -0.088948
    },
    "前7大科技": {
      "收盘价": 58.509998,
      "1天": -0.012989,
      "1星期": -0.04286,
      "1个月": -0.050162,
      "1年": 0.254892,
      "QTD": -0.104667,
      "YTD": -0.104667
    },
    "标普等权指数": {
      "收盘价": 191.919998,
      "1天": 0.0012,
      "1星期": -0.021066,
      "1个月": -0.049195,
      "1年": 0.12313,
      "QTD": -0.004874,
      "YTD": -0.004874
    },
    "PUT/CALL": {
      "收盘价": 1.05,
      "1天": -0.32,
      "1星期": -0.01,
      "1个月": 0.23,
      "1年": 0.19
    }
  }
}