{
  "updateTime": "2026-06-12 23:14:02",
  "assets": {
    "美元": {
      "收盘价": 99.806999,
      "1天": -0.000531,
      "1星期": -0.002628,
      "1个月": 0.013475,
      "1年": 0.011934,
      "QTD": 0.001575,
      "YTD": 0.014093
    },
    "2年美债": {
      "收盘价": 3.618,
      "1天": -0.00138,
      "1星期": -0.001931,
      "1个月": 0.005,
      "1年": -0.148706,
      "QTD": 0.003606,
      "YTD": 0.024059
    },
    "10年美债": {
      "收盘价": 4.487,
      "1天": 0.005378,
      "1星期": -0.010802,
      "1个月": 0.001339,
      "1年": 0.016999,
      "QTD": 0.038898,
      "YTD": 0.07165
    },
    "TLT": {
      "收盘价": 85.769997,
      "1天": -0.002443,
      "1星期": 0.008347,
      "1个月": 0.015417,
      "1年": 0.041118,
      "QTD": 0.001916,
      "YTD": 0.004162
    },
    "标普500": {
      "收盘价": 741.75,
      "1天": 0.005408,
      "1星期": 0.005695,
      "1个月": -0.000754,
      "1年": 0.247594,
      "QTD": 0.132028,
      "YTD": 0.088713
    },
    "纳指": {
      "收盘价": 721.340027,
      "1天": 0.005885,
      "1星期": 0.02309,
      "1个月": 0.009276,
      "1年": 0.361416,
      "QTD": 0.234516,
      "YTD": 0.177991
    },
    "道指": {
      "收盘价": 513.059998,
      "1天": 0.007264,
      "1星期": 0.006592,
      "1个月": 0.032592,
      "1年": 0.212564,
      "QTD": 0.103293,
      "YTD": 0.065889
    },
    "黄金": {
      "收盘价": 386.540009,
      "1天": 0.000569,
      "1星期": -0.02448,
      "1个月": -0.102114,
      "1年": 0.253494,
      "QTD": -0.117126,
      "YTD": -0.029477
    },
    "WTI原油": {
      "收盘价": 125.43,
      "1天": -0.026391,
      "1星期": -0.057059,
      "1个月": -0.116939,
      "1年": 0.676423,
      "QTD": 0.010799,
      "YTD": 0.818881
    },
    "VIX": {
      "收盘价": 17.68,
      "1天": -0.090535,
      "1星期": -0.178057,
      "1个月": 0.024334,
      "1年": -0.018868,
      "QTD": -0.279544,
      "YTD": 0.21847
    },
    "罗素2000": {
      "收盘价": 292.950012,
      "1天": 0.008746,
      "1星期": 0.040121,
      "1个月": 0.036367,
      "1年": 0.386074,
      "QTD": 0.173866,
      "YTD": 0.179641
    },
    "比特币": {
      "收盘价": 63421.671875,
      "1天": -0.002193,
      "1星期": 0.00288,
      "1个月": -0.159847,
      "1年": -0.481283,
      "QTD": -0.068405,
      "YTD": -0.285245
    },
    "通讯服务": {
      "收盘价": 119.199997,
      "1天": 0.003536,
      "1星期": 0.001176,
      "1个月": -0.046858,
      "1年": 0.129537,
      "QTD": 0.032571,
      "YTD": -0.013817
    },
    "非必需品消费": {
      "收盘价": 116.599998,
      "1天": 0.002579,
      "1星期": 0.015149,
      "1个月": -0.017857,
      "1年": 0.09465,
      "QTD": 0.061931,
      "YTD": -0.012808
    },
    "必需品消费": {
      "收盘价": 85.82,
      "1天": 0.00645,
      "1星期": 0.028523,
      "1个月": 0.012984,
      "1年": 0.082392,
      "QTD": 0.053523,
      "YTD": 0.110864
    },
    "能源": {
      "收盘价": 57.549999,
      "1天": 0.007528,
      "1星期": -0.002081,
      "1个月": -0.001388,
      "1年": 0.376698,
      "QTD": -0.02408,
      "YTD": 0.268916
    },
    "银行": {
      "收盘价": 92.599998,
      "1天": 0.017024,
      "1星期": 0.033944,
      "1个月": 0.108186,
      "1年": 0.410532,
      "QTD": 0.155478,
      "YTD": 0.086665
    },
    "公共事业": {
      "收盘价": 44.529999,
      "1天": 0.010897,
      "1星期": 0.004059,
      "1个月": -0.003134,
      "1年": 0.132052,
      "QTD": -0.034266,
      "YTD": 0.038474
    },
    "REITS": {
      "收盘价": 104.370003,
      "1天": 0.008893,
      "1星期": 0.017847,
      "1个月": 0.023135,
      "1年": 0.119852,
      "QTD": 0.100021,
      "YTD": 0.113554
    },
    "科技": {
      "收盘价": 184.800003,
      "1天": 0.008679,
      "1星期": 0.024958,
      "1个月": 0.044953,
      "1年": 0.54661,
      "QTD": 0.369802,
      "YTD": 0.282258
    },
    "医疗": {
      "收盘价": 153.809998,
      "1天": -0.001817,
      "1星期": 0.005228,
      "1个月": 0.048395,
      "1年": 0.153246,
      "QTD": 0.041156,
      "YTD": -0.006866
    },
    "趋势板块": {
      "收盘价": 324.399994,
      "1天": 0.016896,
      "1星期": 0.058505,
      "1个月": 0.062213,
      "1年": 0.407296,
      "QTD": 0.322786,
      "YTD": 0.284734
    },
    "保险板块": {
      "收盘价": 135.570007,
      "1天": 0.006758,
      "1星期": 0.014746,
      "1个月": 0.042045,
      "1年": 0.057976,
      "QTD": 0.062378,
      "YTD": 0.01945
    },
    "芯片": {
      "收盘价": 596.25,
      "1天": 0.015879,
      "1星期": 0.104637,
      "1个月": 0.128642,
      "1年": 1.648569,
      "QTD": 0.761239,
      "YTD": 0.901933
    },
    "罗素1000价值": {
      "收盘价": 242.130005,
      "1天": 0.009801,
      "1星期": 0.024152,
      "1个月": 0.031701,
      "1年": 0.288047,
      "QTD": 0.1265,
      "YTD": 0.145387
    },
    "罗素1000成长": {
      "收盘价": 121.610001,
      "1天": 0.000329,
      "1星期": -0.008803,
      "1个月": -0.02172,
      "1年": 0.19336,
      "QTD": 0.130967,
      "YTD": 0.032025
    },
    "前7大科技": {
      "收盘价": 64.910004,
      "1天": 0.0,
      "1星期": -0.024057,
      "1个月": -0.079682,
      "1年": 0.230162,
      "QTD": 0.106169,
      "YTD": -0.006733
    },
    "标普等权指数": {
      "收盘价": 211.649994,
      "1天": 0.009058,
      "1星期": 0.01838,
      "1个月": 0.043022,
      "1年": 0.201591,
      "QTD": 0.099252,
      "YTD": 0.102126
    },
    "PUT/CALL": {
      "收盘价": 1.05,
      "1天": -0.32,
      "1星期": -0.01,
      "1个月": 0.23,
      "1年": 0.19
    }
  }
}