{
  "updateTime": "2026-04-29 22:54:02",
  "assets": {
    "美元": {
      "收盘价": 98.974998,
      "1天": 0.0036,
      "1星期": 0.003905,
      "1个月": -0.015272,
      "1年": -0.00267,
      "QTD": -0.006774,
      "YTD": 0.005639
    },
    "2年美债": {
      "收盘价": 3.59,
      "1天": 0.0,
      "1星期": -0.001391,
      "1个月": -0.002223,
      "1年": -0.143811,
      "QTD": -0.004161,
      "YTD": 0.016134
    },
    "10年美债": {
      "收盘价": 4.418,
      "1天": 0.014699,
      "1星期": 0.028878,
      "1个月": 0.017504,
      "1年": 0.047913,
      "QTD": 0.022922,
      "YTD": 0.055171
    },
    "TLT": {
      "收盘价": 85.699997,
      "1天": -0.007757,
      "1星期": -0.01199,
      "1个月": -0.008499,
      "1年": 0.001551,
      "QTD": -0.006492,
      "YTD": -0.004266
    },
    "标普500": {
      "收盘价": 711.580017,
      "1天": -0.000155,
      "1星期": 0.00052,
      "1个月": 0.125971,
      "1年": 0.306594,
      "QTD": 0.085984,
      "YTD": 0.04443
    },
    "纳指": {
      "收盘价": 661.570007,
      "1天": 0.006114,
      "1星期": 0.009861,
      "1个月": 0.185015,
      "1年": 0.407194,
      "QTD": 0.132224,
      "YTD": 0.080383
    },
    "道指": {
      "收盘价": 488.670013,
      "1天": -0.005596,
      "1星期": -0.012309,
      "1个月": 0.081444,
      "1年": 0.233644,
      "QTD": 0.050265,
      "YTD": 0.014659
    },
    "黄金": {
      "收盘价": 417.410004,
      "1天": -0.010666,
      "1星期": -0.04101,
      "1个月": 0.006826,
      "1年": 0.350535,
      "QTD": -0.046617,
      "YTD": 0.048032
    },
    "WTI原油": {
      "收盘价": 150.630005,
      "1天": 0.079011,
      "1星期": 0.164065,
      "1个月": 0.16021,
      "1年": 1.222993,
      "QTD": 0.213877,
      "YTD": 1.18431
    },
    "VIX": {
      "收盘价": 18.809999,
      "1天": 0.054964,
      "1星期": -0.005814,
      "1个月": -0.385495,
      "1年": -0.252087,
      "QTD": -0.233496,
      "YTD": 0.296347
    },
    "罗素2000": {
      "收盘价": 272.079987,
      "1天": -0.006681,
      "1星期": -0.015914,
      "1个月": 0.135512,
      "1年": 0.410752,
      "QTD": 0.090239,
      "YTD": 0.095602
    },
    "比特币": {
      "收盘价": 75893.289062,
      "1天": -0.005991,
      "1星期": -0.020167,
      "1个月": 0.067066,
      "1年": -0.33587,
      "QTD": 0.11479,
      "YTD": -0.144691
    },
    "通讯服务": {
      "收盘价": 121.07,
      "1天": -0.002883,
      "1星期": -0.013927,
      "1个月": 0.086707,
      "1年": 0.278268,
      "QTD": 0.04877,
      "YTD": 0.001655
    },
    "非必需品消费": {
      "收盘价": 116.839996,
      "1天": -0.001453,
      "1星期": -0.017573,
      "1个月": 0.105811,
      "1年": 0.191516,
      "QTD": 0.064117,
      "YTD": -0.010776
    },
    "必需品消费": {
      "收盘价": 82.919998,
      "1天": -0.001926,
      "1星期": 0.009865,
      "1个月": 0.012702,
      "1年": 0.057628,
      "QTD": 0.017923,
      "YTD": 0.073326
    },
    "能源": {
      "收盘价": 59.029999,
      "1天": 0.022873,
      "1星期": 0.04404,
      "1个月": -0.047289,
      "1年": 0.468606,
      "QTD": 0.001017,
      "YTD": 0.301548
    },
    "银行": {
      "收盘价": 86.029999,
      "1天": -0.00967,
      "1星期": -0.013304,
      "1个月": 0.126047,
      "1年": 0.460891,
      "QTD": 0.073496,
      "YTD": 0.009566
    },
    "公共事业": {
      "收盘价": 45.68,
      "1天": -0.012324,
      "1星期": 0.018052,
      "1个月": -0.005226,
      "1年": 0.19405,
      "QTD": -0.009326,
      "YTD": 0.065293
    },
    "REITS": {
      "收盘价": 100.900002,
      "1天": -0.008256,
      "1星期": 0.002683,
      "1个月": 0.084247,
      "1年": 0.113669,
      "QTD": 0.063449,
      "YTD": 0.076532
    },
    "科技": {
      "收盘价": 159.110001,
      "1天": 0.007982,
      "1星期": 0.006452,
      "1个月": 0.247922,
      "1年": 0.537686,
      "QTD": 0.179379,
      "YTD": 0.104004
    },
    "医疗": {
      "收盘价": 142.839996,
      "1天": -0.006952,
      "1星期": -0.024184,
      "1个月": -0.006814,
      "1年": 0.048972,
      "QTD": -0.033101,
      "YTD": -0.077698
    },
    "趋势板块": {
      "收盘价": 277.709991,
      "1天": 0.005431,
      "1星期": 0.006232,
      "1个月": 0.203406,
      "1年": 0.347455,
      "QTD": 0.132401,
      "YTD": 0.099826
    },
    "保险板块": {
      "收盘价": 131.429993,
      "1天": -0.014103,
      "1星期": -0.005975,
      "1个月": 0.030904,
      "1年": 0.032177,
      "QTD": 0.029935,
      "YTD": -0.011682
    },
    "芯片": {
      "收盘价": 449.98999,
      "1天": 0.025712,
      "1星期": 0.042198,
      "1个月": 0.452565,
      "1年": 1.45482,
      "QTD": 0.329208,
      "YTD": 0.435389
    },
    "罗素1000价值": {
      "收盘价": 227.070007,
      "1天": -4.4e-05,
      "1星期": 0.002295,
      "1个月": 0.08428,
      "1年": 0.27632,
      "QTD": 0.056434,
      "YTD": 0.074147
    },
    "罗素1000成长": {
      "收盘价": 118.800003,
      "1天": -0.750572,
      "1星期": -0.751916,
      "1个月": -0.710886,
      "1年": -0.672818,
      "QTD": -0.723792,
      "YTD": -0.747955
    },
    "前7大科技": {
      "收盘价": 66.580002,
      "1天": -0.004188,
      "1星期": 0.002107,
      "1个月": 0.202022,
      "1年": 0.458808,
      "QTD": 0.134629,
      "YTD": 0.018822
    },
    "标普等权指数": {
      "收盘价": 200.410004,
      "1天": -0.001743,
      "1星期": -0.010125,
      "1个月": 0.065614,
      "1年": 0.213531,
      "QTD": 0.040875,
      "YTD": 0.043596
    },
    "PUT/CALL": {
      "收盘价": 1.05,
      "1天": -0.32,
      "1星期": -0.01,
      "1个月": 0.23,
      "1年": 0.19
    }
  }
}