{
  "updateTime": "2025-12-29 22:17:13",
  "assets": {
    "美元": {
      "收盘价": 98.026001,
      "1天": 6.1e-05,
      "1星期": -0.005821,
      "1个月": -0.015803,
      "1年": -0.092352,
      "QTD": 0.003234,
      "YTD": -0.103885
    },
    "2年美债": {
      "收盘价": 3.538,
      "1天": -0.001411,
      "1星期": 0.004543,
      "1个月": -0.057287,
      "1年": -0.157619,
      "QTD": -0.079844,
      "YTD": -0.159221
    },
    "10年美债": {
      "收盘价": 4.116,
      "1天": -0.004836,
      "1星期": -0.008432,
      "1个月": 0.029515,
      "1年": -0.103463,
      "QTD": 0.002436,
      "YTD": -0.100328
    },
    "TLT": {
      "收盘价": 88.07,
      "1天": 0.003761,
      "1星期": 0.005939,
      "1个月": -0.021089,
      "1年": 0.046883,
      "QTD": -0.002699,
      "YTD": 0.050469
    },
    "标普500": {
      "收盘价": 687.849976,
      "1天": -0.003564,
      "1星期": 0.010667,
      "1个月": 0.015011,
      "1年": 0.157372,
      "QTD": 0.032063,
      "YTD": 0.190352
    },
    "纳指": {
      "收盘价": 620.869995,
      "1天": -0.004841,
      "1星期": 0.007487,
      "1个月": 0.012047,
      "1年": 0.177483,
      "QTD": 0.030535,
      "YTD": 0.223015
    },
    "道指": {
      "收盘价": 484.589996,
      "1天": -0.00501,
      "1星期": 0.00715,
      "1个月": 0.023812,
      "1年": 0.137935,
      "QTD": 0.047733,
      "YTD": 0.161295
    },
    "黄金": {
      "收盘价": 398.600006,
      "1天": -0.043528,
      "1星期": -0.001053,
      "1个月": 0.040405,
      "1年": 0.650928,
      "QTD": 0.119569,
      "YTD": 0.624155
    },
    "WTI原油": {
      "收盘价": 69.610001,
      "1天": 0.016501,
      "1星期": 0.023225,
      "1个月": -0.006139,
      "1年": -0.054854,
      "QTD": -0.048264,
      "YTD": -0.095151
    },
    "VIX": {
      "收盘价": 14.2,
      "1天": 0.044118,
      "1星期": -0.047619,
      "1个月": -0.173938,
      "1年": -0.004905,
      "QTD": -0.1283,
      "YTD": -0.208031
    },
    "罗素2000": {
      "收盘价": 249.880005,
      "1天": -0.006125,
      "1星期": -0.003628,
      "1个月": 0.013821,
      "1年": 0.131161,
      "QTD": 0.033931,
      "YTD": 0.14267
    },
    "比特币": {
      "收盘价": 87017.734375,
      "1天": -0.009314,
      "1星期": -0.006782,
      "1个月": -0.039965,
      "1年": -0.005726,
      "QTD": -0.266595,
      "YTD": -0.078395
    },
    "通讯服务": {
      "收盘价": 121.120003,
      "1天": -0.001237,
      "1星期": 0.011441,
      "1个月": 0.002122,
      "1年": 0.260083,
      "QTD": 0.01109,
      "YTD": 0.286702
    },
    "非必需品消费": {
      "收盘价": 120.849998,
      "1天": -0.009832,
      "1星期": -0.006241,
      "1个月": 0.030549,
      "1年": 0.039754,
      "QTD": 0.004309,
      "YTD": 0.101134
    },
    "必需品消费": {
      "收盘价": 78.279999,
      "1天": 0.000639,
      "1星期": 0.001625,
      "1个月": -2.5e-05,
      "1年": 0.012314,
      "QTD": 0.008409,
      "YTD": 0.026136
    },
    "能源": {
      "收盘价": 44.619999,
      "1天": 0.009502,
      "1星期": 0.019723,
      "1个月": 0.008073,
      "1年": 0.089565,
      "QTD": 0.007395,
      "YTD": 0.064168
    },
    "银行": {
      "收盘价": 85.400002,
      "1天": -0.011231,
      "1星期": 0.006767,
      "1个月": 0.089429,
      "1年": 0.321078,
      "QTD": 0.113306,
      "YTD": 0.339292
    },
    "公共事业": {
      "收盘价": 42.860001,
      "1天": 0.00187,
      "1星期": 0.012927,
      "1个月": -0.040313,
      "1年": 0.152832,
      "QTD": -0.019169,
      "YTD": 0.156006
    },
    "REITS": {
      "收盘价": 94.5,
      "1天": 0.001908,
      "1星期": 0.015911,
      "1个月": -0.011971,
      "1年": 0.036633,
      "QTD": -0.018176,
      "YTD": 0.049213
    },
    "科技": {
      "收盘价": 145.869995,
      "1天": -0.004504,
      "1星期": 0.010313,
      "1个月": 0.029609,
      "1年": 0.220461,
      "QTD": 0.026571,
      "YTD": 0.265497
    },
    "医疗": {
      "收盘价": 155.809998,
      "1天": -0.001538,
      "1星期": 0.009897,
      "1个月": -0.012287,
      "1年": 0.138031,
      "QTD": 0.090636,
      "YTD": 0.152173
    },
    "趋势板块": {
      "收盘价": 253.490005,
      "1天": -0.006038,
      "1星期": 0.008915,
      "1个月": 0.026231,
      "1年": 0.203797,
      "QTD": -0.006734,
      "YTD": 0.230712
    },
    "保险板块": {
      "收盘价": 137.050003,
      "1天": 0.001388,
      "1星期": 0.004029,
      "1个月": 0.020093,
      "1年": 0.094362,
      "QTD": 0.033025,
      "YTD": 0.1089
    },
    "芯片": {
      "收盘价": 305.320007,
      "1天": -0.002353,
      "1星期": 0.018378,
      "1个月": 0.049341,
      "1年": 0.375108,
      "QTD": 0.10649,
      "YTD": 0.418108
    },
    "罗素1000价值": {
      "收盘价": 212.039993,
      "1天": -0.00193,
      "1星期": 0.010292,
      "1个月": 0.021986,
      "1年": 0.152234,
      "QTD": 0.045096,
      "YTD": 0.168448
    },
    "罗素1000成长": {
      "收盘价": 477.940002,
      "1天": -0.004976,
      "1星期": 0.009377,
      "1个月": 0.008056,
      "1年": 0.151429,
      "QTD": 0.015373,
      "YTD": 0.19761
    },
    "前7大科技": {
      "收盘价": 67.459999,
      "1天": -0.007795,
      "1星期": 0.005065,
      "1个月": 0.017343,
      "1年": 0.170645,
      "QTD": 0.034504,
      "YTD": 0.245569
    },
    "标普等权指数": {
      "收盘价": 193.520004,
      "1天": -0.001651,
      "1星期": 0.007308,
      "1个月": 0.019893,
      "1年": 0.108455,
      "QTD": 0.021878,
      "YTD": 0.126789
    },
    "垃圾债券利差": {
      "收盘价": 2.86,
      "1天": 0.02,
      "1星期": -0.09,
      "1个月": -0.14,
      "1年": 0.04
    },
    "PUT/CALL": {
      "收盘价": 1.05,
      "1天": -0.32,
      "1星期": -0.01,
      "1个月": 0.23,
      "1年": 0.19
    }
  }
}