{
  "updateTime": "2026-06-16 23:21:12",
  "assets": {
    "美元": {
      "收盘价": 99.540001,
      "1天": -0.000903,
      "1星期": -0.003703,
      "1个月": 0.00272,
      "1年": 0.013852,
      "3年": -0.033686,
      "QTD": -0.001104,
      "YTD": 0.01138
    },
    "2年美债": {
      "收盘价": 3.63,
      "1天": 0.003317,
      "1星期": 0.000551,
      "1个月": 0.011706,
      "1年": -0.147487,
      "3年": -0.287537,
      "QTD": 0.006935,
      "YTD": 0.027455
    },
    "10年美债": {
      "收盘价": 4.428,
      "1天": -0.013149,
      "1星期": -0.027241,
      "1个月": -0.007397,
      "1年": 0.016296,
      "3年": 0.182377,
      "QTD": 0.025237,
      "YTD": 0.057559
    },
    "TLT": {
      "收盘价": 86.190002,
      "1天": 0.005483,
      "1星期": 0.01257,
      "1个月": 0.034294,
      "1年": 0.043914,
      "3年": -0.04555,
      "QTD": 0.006823,
      "YTD": 0.009079
    },
    "标普500": {
      "收盘价": 750.330017,
      "1天": -0.005962,
      "1星期": 0.018018,
      "1个月": 0.015098,
      "1年": 0.271242,
      "3年": 0.79742,
      "QTD": 0.145122,
      "YTD": 0.101306
    },
    "纳指": {
      "收盘价": 729.859985,
      "1天": -0.019005,
      "1星期": 0.031123,
      "1个月": 0.029523,
      "1年": 0.391743,
      "3年": 1.060546,
      "QTD": 0.249097,
      "YTD": 0.191904
    },
    "道指": {
      "收盘价": 521.440002,
      "1天": 0.005787,
      "1星期": 0.023616,
      "1个月": 0.052627,
      "1年": 0.25216,
      "3年": 0.605228,
      "QTD": 0.121313,
      "YTD": 0.083299
    },
    "黄金": {
      "收盘价": 397.630005,
      "1天": 0.002724,
      "1星期": 0.017529,
      "1个月": -0.047114,
      "1年": 0.257169,
      "3年": 1.186222,
      "QTD": -0.091796,
      "YTD": -0.001632
    },
    "WTI原油": {
      "收盘价": 115.470001,
      "1天": -0.047356,
      "1星期": -0.120564,
      "1个月": -0.221008,
      "1年": 0.439417,
      "3年": 0.916833,
      "QTD": -0.069466,
      "YTD": 0.674449
    },
    "VIX": {
      "收盘价": 16.41,
      "1天": 0.012963,
      "1星期": -0.174132,
      "1个月": -0.079125,
      "1年": -0.141287,
      "3年": 0.123203,
      "QTD": -0.331296,
      "YTD": 0.130944
    },
    "罗素2000": {
      "收盘价": 292.079987,
      "1天": -0.008689,
      "1星期": 0.027207,
      "1个月": 0.054663,
      "1年": 0.416677,
      "3年": 0.628614,
      "QTD": 0.173163,
      "YTD": 0.178935
    },
    "比特币": {
      "收盘价": 65591.8125,
      "1天": -0.010525,
      "1星期": 0.03195,
      "1个月": -0.134966,
      "1年": -0.459934,
      "3年": -0.051076,
      "5年": 2.889633,
      "QTD": -0.036528,
      "YTD": -0.260787
    },
    "通讯服务": {
      "收盘价": 119.580002,
      "1天": -0.001586,
      "1星期": 0.015778,
      "1个月": -0.020898,
      "1年": 0.1546,
      "3年": 0.865195,
      "QTD": 0.042968,
      "YTD": -0.003887
    },
    "非必需品消费": {
      "收盘价": 118.459999,
      "1天": -0.000928,
      "1星期": 0.022353,
      "1个月": 0.016562,
      "1年": 0.127763,
      "3年": 0.480698,
      "QTD": 0.078871,
      "YTD": 0.00294
    },
    "必需品消费": {
      "收盘价": 85.589996,
      "1天": 0.001287,
      "1星期": 0.017717,
      "1个月": 0.011224,
      "1年": 0.086425,
      "3年": 0.270652,
      "QTD": 0.0507,
      "YTD": 0.107887
    },
    "能源": {
      "收盘价": 55.360001,
      "1天": -0.00342,
      "1星期": -0.035372,
      "1个月": -0.068641,
      "1年": 0.297101,
      "3年": 0.515586,
      "QTD": -0.061218,
      "YTD": 0.220629
    },
    "银行": {
      "收盘价": 93.550003,
      "1天": 0.016075,
      "1星期": 0.037255,
      "1个月": 0.117549,
      "1年": 0.460204,
      "3年": 1.432662,
      "QTD": 0.167332,
      "YTD": 0.097814
    },
    "公共事业": {
      "收盘价": 45.060001,
      "1天": 0.007152,
      "1星期": 0.024557,
      "1个月": 0.027126,
      "1年": 0.13835,
      "3年": 0.490717,
      "QTD": -0.022772,
      "YTD": 0.050835
    },
    "REITS": {
      "收盘价": 103.339996,
      "1天": 0.002522,
      "1星期": 0.003454,
      "1个月": 0.040556,
      "1年": 0.118347,
      "3年": 0.323464,
      "QTD": 0.094514,
      "YTD": 0.107979
    },
    "科技": {
      "收盘价": 186.440002,
      "1天": -0.027895,
      "1星期": 0.031366,
      "1个月": 0.057756,
      "1年": 0.567968,
      "3年": 1.244344,
      "QTD": 0.381958,
      "YTD": 0.293637
    },
    "医疗": {
      "收盘价": 152.940002,
      "1天": 0.000327,
      "1星期": -0.010545,
      "1个月": 0.054032,
      "1年": 0.143521,
      "3年": 0.228325,
      "QTD": 0.035267,
      "YTD": -0.012483
    },
    "趋势板块": {
      "收盘价": 326.049988,
      "1天": -0.02272,
      "1星期": 0.047429,
      "1个月": 0.094345,
      "1年": 0.428993,
      "3年": 1.391858,
      "QTD": 0.330983,
      "YTD": 0.292695
    },
    "保险板块": {
      "收盘价": 135.830002,
      "1天": 0.005999,
      "1星期": 0.027422,
      "1个月": 0.031936,
      "1年": 0.056671,
      "3年": 0.676025,
      "QTD": 0.067517,
      "YTD": 0.024382
    },
    "芯片": {
      "收盘价": 591.23999,
      "1天": -0.059209,
      "1星期": 0.052266,
      "1个月": 0.16322,
      "1年": 1.694153,
      "3年": 2.600624,
      "QTD": 0.74727,
      "YTD": 0.886847
    },
    "罗素1000价值": {
      "收盘价": 242.960007,
      "1天": -0.003364,
      "1星期": 0.023328,
      "1个月": 0.049729,
      "1年": 0.306578,
      "3年": 0.666963,
      "QTD": 0.133926,
      "YTD": 0.152937
    },
    "罗素1000成长": {
      "收盘价": 123.349998,
      "1天": -0.008122,
      "1星期": 0.01179,
      "1个月": -0.007328,
      "1年": 0.222255,
      "3年": 0.86992,
      "QTD": 0.148159,
      "YTD": 0.047713
    },
    "前7大科技": {
      "收盘价": 66.419998,
      "1天": -0.003002,
      "1星期": 0.011575,
      "1个月": -0.048969,
      "1年": 0.268016,
      "3年": 1.311775,
      "QTD": 0.131902,
      "YTD": 0.016373
    },
    "标普等权指数": {
      "收盘价": 212.169998,
      "1天": -0.003335,
      "1星期": 0.014245,
      "1个月": 0.052639,
      "1年": 0.216429,
      "3年": 0.525864,
      "QTD": 0.101953,
      "YTD": 0.104834
    },
    "PUT/CALL": {
      "收盘价": 1.05,
      "1天": -0.32,
      "1星期": -0.01,
      "1个月": 0.23,
      "1年": 0.19,
      "3年": 0.15,
      "5年": 0.13
    }
  }
}