{
  "updateTime": "2026-01-12 22:16:34",
  "assets": {
    "美元": {
      "收盘价": 98.875999,
      "1天": -0.002562,
      "1星期": 0.006167,
      "1个月": 0.000871,
      "1年": -0.098258,
      "QTD": 0.004633,
      "YTD": 0.004633
    },
    "2年美债": {
      "收盘价": 3.533,
      "1天": 0.005693,
      "1星期": 0.005121,
      "1个月": -0.016699,
      "1年": -0.15981,
      "QTD": 0.0,
      "YTD": 0.0
    },
    "10年美债": {
      "收盘价": 4.187,
      "1天": 0.003836,
      "1星期": 0.005282,
      "1个月": 0.005523,
      "1年": -0.10782,
      "QTD": 0.0,
      "YTD": 0.0
    },
    "TLT": {
      "收盘价": 87.669998,
      "1天": -0.002957,
      "1星期": 0.002401,
      "1个月": -0.003384,
      "1年": 0.064417,
      "QTD": 0.007354,
      "YTD": 0.007354
    },
    "标普500": {
      "收盘价": 695.159973,
      "1天": 0.00157,
      "1星期": 0.010818,
      "1个月": 0.014026,
      "1年": 0.193105,
      "QTD": 0.017551,
      "YTD": 0.017551
    },
    "纳指": {
      "收盘价": 627.169983,
      "1天": 0.00083,
      "1星期": 0.014855,
      "1个月": 0.000586,
      "1年": 0.223341,
      "QTD": 0.022916,
      "YTD": 0.022916
    },
    "道指": {
      "收盘价": 495.899994,
      "1天": 0.001778,
      "1星期": 0.012516,
      "1个月": 0.032471,
      "1年": 0.181901,
      "QTD": 0.025371,
      "YTD": 0.025371
    },
    "黄金": {
      "收盘价": 422.230011,
      "1天": 0.018723,
      "1星期": 0.032953,
      "1个月": 0.085285,
      "1年": 0.71736,
      "QTD": 0.060134,
      "YTD": 0.060134
    },
    "WTI原油": {
      "收盘价": 71.650002,
      "1天": 0.012292,
      "1星期": 0.020365,
      "1个月": 0.015736,
      "1年": -0.073092,
      "QTD": 0.039008,
      "YTD": 0.039008
    },
    "VIX": {
      "收盘价": 15.12,
      "1天": 0.043478,
      "1星期": 0.014765,
      "1个月": -0.041218,
      "1年": -0.145763,
      "QTD": 0.04204,
      "YTD": 0.04204
    },
    "罗素2000": {
      "收盘价": 261.5,
      "1天": 0.00488,
      "1星期": 0.034701,
      "1个月": 0.029696,
      "1年": 0.192733,
      "QTD": 0.05113,
      "YTD": 0.05113
    },
    "比特币": {
      "收盘价": 91350.257812,
      "1天": 0.005756,
      "1星期": 0.000462,
      "1个月": 0.032323,
      "1年": -0.035861,
      "QTD": 0.029508,
      "YTD": 0.029508
    },
    "通讯服务": {
      "收盘价": 122.230003,
      "1天": 0.002872,
      "1星期": 0.002625,
      "1个月": 0.01098,
      "1年": 0.297826,
      "QTD": 0.011252,
      "YTD": 0.011252
    },
    "非必需品消费": {
      "收盘价": 124.519997,
      "1天": 0.000884,
      "1星期": 0.035079,
      "1个月": 0.042242,
      "1年": 0.126383,
      "QTD": 0.052133,
      "YTD": 0.052133
    },
    "必需品消费": {
      "收盘价": 80.18,
      "1天": 0.011735,
      "1星期": 0.036587,
      "1个月": 0.033281,
      "1年": 0.064489,
      "QTD": 0.03205,
      "YTD": 0.03205
    },
    "能源": {
      "收盘价": 46.34,
      "1天": -0.007071,
      "1星期": -0.01173,
      "1个月": 0.012019,
      "1年": 0.08799,
      "QTD": 0.015115,
      "YTD": 0.015115
    },
    "银行": {
      "收盘价": 86.800003,
      "1天": -0.009245,
      "1星期": -0.011952,
      "1个月": 0.034187,
      "1年": 0.339295,
      "QTD": 0.012127,
      "YTD": 0.012127
    },
    "公共事业": {
      "收盘价": 42.580002,
      "1天": 0.001647,
      "1星期": -0.00281,
      "1个月": 0.003955,
      "1年": 0.152382,
      "QTD": -0.013895,
      "YTD": -0.013895
    },
    "REITS": {
      "收盘价": 94.889999,
      "1天": 0.001583,
      "1星期": 0.008074,
      "1个月": 0.013207,
      "1年": 0.060091,
      "QTD": 0.009576,
      "YTD": 0.009576
    },
    "科技": {
      "收盘价": 146.789993,
      "1天": 0.004379,
      "1星期": 0.015005,
      "1个月": -0.011547,
      "1年": 0.263079,
      "QTD": 0.017256,
      "YTD": 0.017256
    },
    "医疗": {
      "收盘价": 157.380005,
      "1天": 0.000445,
      "1星期": 0.015093,
      "1个月": 0.038847,
      "1年": 0.140413,
      "QTD": 0.012025,
      "YTD": 0.012025
    },
    "趋势板块": {
      "收盘价": 258.950012,
      "1天": 0.007627,
      "1星期": 0.015013,
      "1个月": 0.014581,
      "1年": 0.246433,
      "QTD": 0.024611,
      "YTD": 0.024611
    },
    "保险板块": {
      "收盘价": 134.440002,
      "1天": -0.003927,
      "1星期": -0.015524,
      "1个月": 0.017857,
      "1年": 0.089949,
      "QTD": -0.004369,
      "YTD": -0.004369
    },
    "芯片": {
      "收盘价": 330.350006,
      "1天": 0.004775,
      "1星期": 0.038641,
      "1个月": 0.045851,
      "1年": 0.488238,
      "QTD": 0.05311,
      "YTD": 0.05311
    },
    "罗素1000价值": {
      "收盘价": 217.720001,
      "1天": 0.000597,
      "1星期": 0.014444,
      "1个月": 0.034427,
      "1年": 0.190278,
      "QTD": 0.026013,
      "YTD": 0.026013
    },
    "罗素1000成长": {
      "收盘价": 477.25,
      "1天": 0.002247,
      "1星期": 0.007771,
      "1个月": -0.003208,
      "1年": 0.184909,
      "QTD": 0.011637,
      "YTD": 0.011637
    },
    "前7大科技": {
      "收盘价": 66.285004,
      "1天": -0.001281,
      "1星期": 0.005995,
      "1个月": 0.001013,
      "1年": 0.221986,
      "QTD": 0.014308,
      "YTD": 0.014308
    },
    "标普等权指数": {
      "收盘价": 197.779999,
      "1天": 0.000911,
      "1星期": 0.01608,
      "1个月": 0.027937,
      "1年": 0.144389,
      "QTD": 0.025511,
      "YTD": 0.025511
    },
    "垃圾债券利差": {
      "收盘价": 2.74,
      "1天": -0.02,
      "1星期": -0.09,
      "1个月": -0.15,
      "1年": 0.15
    },
    "PUT/CALL": {
      "收盘价": 1.05,
      "1天": -0.32,
      "1星期": -0.01,
      "1个月": 0.23,
      "1年": 0.19
    }
  }
}