{
  "updateTime": "2026-01-13 22:19:11",
  "assets": {
    "美元": {
      "收盘价": 99.170998,
      "1天": 0.003146,
      "1星期": 0.005995,
      "1个月": 0.008348,
      "1年": -0.098118,
      "QTD": 0.007631,
      "YTD": 0.007631
    },
    "2年美债": {
      "收盘价": 3.56,
      "1天": 0.007642,
      "1星期": 0.011364,
      "1个月": -0.002242,
      "1年": -0.154996,
      "QTD": 0.007642,
      "YTD": 0.007642
    },
    "10年美债": {
      "收盘价": 4.171,
      "1天": -0.003821,
      "1星期": -0.001914,
      "1个月": 0.007245,
      "1年": -0.126675,
      "QTD": -0.003821,
      "YTD": -0.003821
    },
    "TLT": {
      "收盘价": 87.82,
      "1天": 0.001711,
      "1星期": 0.006187,
      "1个月": -0.00032,
      "1年": 0.07335,
      "QTD": 0.009077,
      "YTD": 0.009077
    },
    "标普500": {
      "收盘价": 693.77002,
      "1天": -0.001999,
      "1星期": 0.002833,
      "1个月": 0.009649,
      "1年": 0.20918,
      "QTD": 0.015516,
      "YTD": 0.015516
    },
    "纳指": {
      "收盘价": 626.23999,
      "1天": -0.001483,
      "1星期": 0.004523,
      "1个月": 0.002345,
      "1年": 0.240987,
      "QTD": 0.021399,
      "YTD": 0.021399
    },
    "道指": {
      "收盘价": 491.940002,
      "1天": -0.007985,
      "1星期": -0.005398,
      "1个月": 0.010538,
      "1年": 0.191476,
      "QTD": 0.017183,
      "YTD": 0.017183
    },
    "黄金": {
      "收盘价": 421.630005,
      "1天": -0.001421,
      "1星期": 0.020451,
      "1个月": 0.072195,
      "1年": 0.698683,
      "QTD": 0.058627,
      "YTD": 0.058627
    },
    "WTI原油": {
      "收盘价": 73.480003,
      "1天": 0.025541,
      "1星期": 0.072544,
      "1个月": 0.061083,
      "1年": -0.08879,
      "QTD": 0.065545,
      "YTD": 0.065545
    },
    "VIX": {
      "收盘价": 15.98,
      "1天": 0.056878,
      "1星期": 0.08339,
      "1个月": 0.076094,
      "1年": -0.18219,
      "QTD": 0.101309,
      "YTD": 0.101309
    },
    "罗素2000": {
      "收盘价": 261.350006,
      "1天": -0.000574,
      "1星期": 0.02058,
      "1个月": 0.01717,
      "1年": 0.218877,
      "QTD": 0.050527,
      "YTD": 0.050527
    },
    "比特币": {
      "收盘价": 95035.703125,
      "1天": 0.042138,
      "1星期": 0.044037,
      "1个月": 0.087191,
      "1年": -0.018251,
      "QTD": 0.071042,
      "YTD": 0.071042
    },
    "通讯服务": {
      "收盘价": 121.050003,
      "1天": -0.009654,
      "1星期": -0.00354,
      "1个月": 0.004377,
      "1年": 0.296379,
      "QTD": 0.001489,
      "YTD": 0.001489
    },
    "非必需品消费": {
      "收盘价": 124.209999,
      "1天": -0.00249,
      "1星期": 0.025935,
      "1个月": 0.035581,
      "1年": 0.134722,
      "QTD": 0.049514,
      "YTD": 0.049514
    },
    "必需品消费": {
      "收盘价": 81.110001,
      "1天": 0.011599,
      "1星期": 0.046986,
      "1个月": 0.037573,
      "1年": 0.091506,
      "QTD": 0.044021,
      "YTD": 0.044021
    },
    "能源": {
      "收盘价": 47.0,
      "1天": 0.014243,
      "1星期": 0.029798,
      "1个月": 0.031346,
      "1年": 0.098991,
      "QTD": 0.029573,
      "YTD": 0.029573
    },
    "银行": {
      "收盘价": 85.660004,
      "1天": -0.013134,
      "1星期": -0.03351,
      "1个月": 0.008413,
      "1年": 0.358141,
      "QTD": -0.001166,
      "YTD": -0.001166
    },
    "公共事业": {
      "收盘价": 42.849998,
      "1天": 0.006341,
      "1星期": -0.001398,
      "1个月": 0.003044,
      "1年": 0.166287,
      "QTD": -0.007642,
      "YTD": -0.007642
    },
    "REITS": {
      "收盘价": 95.43,
      "1天": 0.005691,
      "1星期": 0.006752,
      "1个月": 0.014892,
      "1年": 0.09269,
      "QTD": 0.015321,
      "YTD": 0.015321
    },
    "科技": {
      "收盘价": 146.479996,
      "1天": -0.002112,
      "1星期": -0.001159,
      "1个月": -0.008568,
      "1年": 0.288509,
      "QTD": 0.015107,
      "YTD": 0.015107
    },
    "医疗": {
      "收盘价": 156.740005,
      "1天": -0.004067,
      "1星期": -0.008539,
      "1个月": 0.024922,
      "1年": 0.142201,
      "QTD": 0.00791,
      "YTD": 0.00791
    },
    "趋势板块": {
      "收盘价": 258.904999,
      "1天": -0.000174,
      "1星期": 0.00308,
      "1个月": 0.01385,
      "1年": 0.263563,
      "QTD": 0.024433,
      "YTD": 0.024433
    },
    "保险板块": {
      "收盘价": 130.783005,
      "1天": -0.027202,
      "1星期": -0.03417,
      "1个月": -0.03364,
      "1年": 0.091714,
      "QTD": -0.031452,
      "YTD": -0.031452
    },
    "芯片": {
      "收盘价": 333.299988,
      "1天": 0.00893,
      "1星期": 0.015075,
      "1个月": 0.061263,
      "1年": 0.538275,
      "QTD": 0.062514,
      "YTD": 0.062514
    },
    "罗素1000价值": {
      "收盘价": 217.509995,
      "1天": -0.000965,
      "1星期": 0.00434,
      "1个月": 0.026826,
      "1年": 0.206361,
      "QTD": 0.025024,
      "YTD": 0.025024
    },
    "罗素1000成长": {
      "收盘价": 475.809998,
      "1天": -0.003017,
      "1星期": 0.000168,
      "1个月": -0.005655,
      "1年": 0.199819,
      "QTD": 0.008585,
      "YTD": 0.008585
    },
    "前7大科技": {
      "收盘价": 65.989998,
      "1天": -0.004451,
      "1星期": 0.005179,
      "1个月": 0.00403,
      "1年": 0.231312,
      "QTD": 0.009793,
      "YTD": 0.009793
    },
    "标普等权指数": {
      "收盘价": 197.779999,
      "1天": 0.0,
      "1星期": 0.003959,
      "1个月": 0.019702,
      "1年": 0.161365,
      "QTD": 0.025511,
      "YTD": 0.025511
    },
    "垃圾债券利差": {
      "收盘价": 2.74,
      "1天": 0.0,
      "1星期": -0.07,
      "1个月": -0.17,
      "1年": 0.13
    },
    "PUT/CALL": {
      "收盘价": 1.05,
      "1天": -0.32,
      "1星期": -0.01,
      "1个月": 0.23,
      "1年": 0.19
    }
  }
}