{
  "updateTime": "2025-12-30 22:16:54",
  "assets": {
    "美元": {
      "收盘价": 98.223999,
      "1天": 0.001877,
      "1星期": -0.000672,
      "1个月": -0.012427,
      "1年": -0.091612,
      "QTD": 0.00526,
      "YTD": -0.102075
    },
    "2年美债": {
      "收盘价": 3.54,
      "1天": 0.000565,
      "1星期": 0.003401,
      "1个月": -0.042467,
      "1年": -0.160142,
      "QTD": -0.079324,
      "YTD": -0.158745
    },
    "10年美债": {
      "收盘价": 4.13,
      "1天": 0.003401,
      "1星期": -0.009355,
      "1个月": 0.02813,
      "1年": -0.098056,
      "QTD": 0.005845,
      "YTD": -0.097268
    },
    "TLT": {
      "收盘价": 87.860001,
      "1天": -0.002384,
      "1星期": 0.005723,
      "1个月": -0.018768,
      "1年": 0.044981,
      "QTD": -0.005077,
      "YTD": 0.047965
    },
    "标普500": {
      "收盘价": 687.01001,
      "1天": -0.001221,
      "1星期": 0.003183,
      "1个月": 0.008268,
      "1年": 0.155881,
      "QTD": 0.030803,
      "YTD": 0.188899
    },
    "纳指": {
      "收盘价": 619.429993,
      "1天": -0.002319,
      "1星期": 0.000355,
      "1个月": 0.001579,
      "1年": 0.17555,
      "QTD": 0.028144,
      "YTD": 0.220178
    },
    "道指": {
      "收盘价": 483.589996,
      "1天": -0.002064,
      "1星期": 0.000269,
      "1个月": 0.01564,
      "1年": 0.133725,
      "QTD": 0.045571,
      "YTD": 0.158899
    },
    "黄金": {
      "收盘价": 398.890015,
      "1天": 0.000728,
      "1星期": -0.022879,
      "1个月": 0.028385,
      "1年": 0.64105,
      "QTD": 0.120383,
      "YTD": 0.625336
    },
    "WTI原油": {
      "收盘价": 69.739998,
      "1天": 0.001868,
      "1星期": 0.000143,
      "1个月": -0.018714,
      "1年": -0.046356,
      "QTD": -0.046486,
      "YTD": -0.093462
    },
    "VIX": {
      "收盘价": 14.33,
      "1天": 0.009155,
      "1星期": 0.017756,
      "1个月": -0.123547,
      "1年": -0.027155,
      "QTD": -0.120319,
      "YTD": -0.200781
    },
    "罗素2000": {
      "收盘价": 248.029999,
      "1天": -0.007404,
      "1星期": -0.021887,
      "1个月": 0.000449,
      "1年": 0.111394,
      "QTD": 0.026276,
      "YTD": 0.13421
    },
    "比特币": {
      "收盘价": 88352.734375,
      "1天": 0.013939,
      "1星期": 0.012816,
      "1个月": -0.046811,
      "1年": -0.054463,
      "QTD": -0.255343,
      "YTD": -0.064256
    },
    "通讯服务": {
      "收盘价": 121.771004,
      "1天": 0.005375,
      "1星期": 0.012649,
      "1个月": 0.002657,
      "1年": 0.270317,
      "QTD": 0.016524,
      "YTD": 0.293618
    },
    "非必需品消费": {
      "收盘价": 120.360001,
      "1天": -0.004055,
      "1星期": -0.016184,
      "1个月": 0.020033,
      "1年": 0.039395,
      "QTD": 0.000237,
      "YTD": 0.09667
    },
    "必需品消费": {
      "收盘价": 78.150002,
      "1天": -0.001661,
      "1星期": 0.003467,
      "1个月": -0.007472,
      "1年": 0.007463,
      "QTD": 0.006735,
      "YTD": 0.024431
    },
    "能源": {
      "收盘价": 44.959999,
      "1天": 0.00762,
      "1星期": 0.016964,
      "1个月": 0.002615,
      "1年": 0.098776,
      "QTD": 0.015072,
      "YTD": 0.072277
    },
    "银行": {
      "收盘价": 84.910004,
      "1天": -0.005738,
      "1星期": -0.010949,
      "1个月": 0.076077,
      "1年": 0.310331,
      "QTD": 0.106918,
      "YTD": 0.331607
    },
    "公共事业": {
      "收盘价": 42.959999,
      "1天": 0.002333,
      "1星期": 0.011538,
      "1个月": -0.044867,
      "1年": 0.158247,
      "QTD": -0.01688,
      "YTD": 0.158703
    },
    "REITS": {
      "收盘价": 94.709999,
      "1天": 0.002222,
      "1星期": 0.011751,
      "1个月": -0.013658,
      "1年": 0.036828,
      "QTD": -0.015994,
      "YTD": 0.051545
    },
    "科技": {
      "收盘价": 145.410004,
      "1天": -0.003153,
      "1星期": 0.001722,
      "1个月": 0.017613,
      "1年": 0.215803,
      "QTD": 0.023333,
      "YTD": 0.261507
    },
    "医疗": {
      "收盘价": 155.679993,
      "1天": -0.000834,
      "1星期": 0.002447,
      "1个月": -0.008291,
      "1年": 0.134801,
      "QTD": 0.089726,
      "YTD": 0.151212
    },
    "趋势板块": {
      "收盘价": 252.789993,
      "1天": -0.002761,
      "1星期": -0.002368,
      "1个月": 0.012887,
      "1年": 0.198782,
      "QTD": -0.009477,
      "YTD": 0.227313
    },
    "保险板块": {
      "收盘价": 137.160004,
      "1天": 0.000803,
      "1星期": -0.000947,
      "1个月": 0.023034,
      "1年": 0.090532,
      "QTD": 0.033854,
      "YTD": 0.10979
    },
    "芯片": {
      "收盘价": 304.920013,
      "1天": -0.00131,
      "1星期": 0.003555,
      "1个月": 0.029072,
      "1年": 0.373737,
      "QTD": 0.10504,
      "YTD": 0.41625
    },
    "罗素1000价值": {
      "收盘价": 211.940002,
      "1天": -0.000472,
      "1星期": 0.002175,
      "1个月": 0.014207,
      "1年": 0.149727,
      "QTD": 0.044603,
      "YTD": 0.167897
    },
    "罗素1000成长": {
      "收盘价": 476.950012,
      "1天": -0.002071,
      "1星期": 0.001344,
      "1个月": 0.002062,
      "1年": 0.150756,
      "QTD": 0.013269,
      "YTD": 0.195129
    },
    "前7大科技": {
      "收盘价": 66.410004,
      "1天": -0.015565,
      "1星期": -0.016002,
      "1个月": -0.005243,
      "1年": 0.160618,
      "QTD": 0.018402,
      "YTD": 0.226182
    },
    "标普等权指数": {
      "收盘价": 193.210007,
      "1天": -0.001602,
      "1星期": -0.001705,
      "1个月": 0.012783,
      "1年": 0.104875,
      "QTD": 0.020241,
      "YTD": 0.124984
    },
    "垃圾债券利差": {
      "收盘价": 2.87,
      "1天": 0.01,
      "1星期": -0.03,
      "1个月": -0.08,
      "1年": 0.06
    },
    "PUT/CALL": {
      "收盘价": 1.05,
      "1天": -0.32,
      "1星期": -0.01,
      "1个月": 0.23,
      "1年": 0.19
    }
  }
}