{
  "updateTime": "2026-04-23 22:40:44",
  "assets": {
    "美元": {
      "收盘价": 98.799004,
      "1天": 0.00212,
      "1星期": 0.005895,
      "1个月": -0.006346,
      "1年": -0.010427,
      "QTD": -0.00854,
      "YTD": 0.003851
    },
    "2年美债": {
      "收盘价": 3.595,
      "1天": 0.0,
      "1星期": -0.004155,
      "1个月": -0.006906,
      "1年": -0.146689,
      "QTD": -0.002774,
      "YTD": 0.017549
    },
    "10年美债": {
      "收盘价": 4.323,
      "1天": 0.006754,
      "1星期": 0.003249,
      "1个月": -0.01571,
      "1年": -0.015038,
      "QTD": 0.000926,
      "YTD": 0.032482
    },
    "TLT": {
      "收盘价": 86.550003,
      "1天": -0.00219,
      "1星期": 0.003129,
      "1个月": 0.010299,
      "1年": 0.046222,
      "QTD": 0.003362,
      "YTD": 0.00561
    },
    "标普500": {
      "收盘价": 708.450012,
      "1天": -0.003881,
      "1星期": 0.009677,
      "1个月": 0.084617,
      "1年": 0.359073,
      "QTD": 0.081207,
      "YTD": 0.039836
    },
    "纳指": {
      "收盘价": 651.419983,
      "1天": -0.005633,
      "1星期": 0.017097,
      "1个月": 0.115483,
      "1年": 0.472672,
      "QTD": 0.114853,
      "YTD": 0.063807
    },
    "道指": {
      "收盘价": 493.0,
      "1天": -0.003557,
      "1星期": 0.015607,
      "1个月": 0.069474,
      "1年": 0.277605,
      "QTD": 0.059571,
      "YTD": 0.02365
    },
    "黄金": {
      "收盘价": 431.040009,
      "1天": -0.009695,
      "1星期": -0.020542,
      "1个月": 0.066587,
      "1年": 0.385491,
      "QTD": -0.015486,
      "YTD": 0.082254
    },
    "WTI原油": {
      "收盘价": 134.720001,
      "1天": 0.041113,
      "1星期": 0.070566,
      "1个月": 0.176183,
      "1年": 0.94205,
      "QTD": 0.085664,
      "YTD": 0.953596
    },
    "VIX": {
      "收盘价": 19.309999,
      "1天": 0.020613,
      "1星期": 0.076366,
      "1个月": -0.283488,
      "1年": -0.368335,
      "QTD": -0.213121,
      "YTD": 0.330806
    },
    "罗素2000": {
      "收盘价": 275.519989,
      "1天": -0.003472,
      "1星期": 0.020633,
      "1个月": 0.107484,
      "1年": 0.485513,
      "QTD": 0.104023,
      "YTD": 0.109455
    },
    "比特币": {
      "收盘价": 78264.601562,
      "1天": 0.000786,
      "1星期": 0.033521,
      "1个月": 0.170074,
      "1年": -0.338756,
      "QTD": 0.149622,
      "YTD": -0.117966
    },
    "通讯服务": {
      "收盘价": 122.43,
      "1天": -0.002851,
      "1星期": -0.0077,
      "1个月": 0.064146,
      "1年": 0.347268,
      "QTD": 0.060551,
      "YTD": 0.012906
    },
    "非必需品消费": {
      "收盘价": 117.739998,
      "1天": -0.010006,
      "1星期": 0.000935,
      "1个月": 0.073486,
      "1年": 0.274931,
      "QTD": 0.072313,
      "YTD": -0.003156
    },
    "必需品消费": {
      "收盘价": 83.480003,
      "1天": 0.016685,
      "1星期": 0.025175,
      "1个月": 0.02922,
      "1年": 0.043149,
      "QTD": 0.024797,
      "YTD": 0.080575
    },
    "能源": {
      "收盘价": 56.98,
      "1天": 0.007782,
      "1星期": 0.00707,
      "1个月": -0.063445,
      "1年": 0.445124,
      "QTD": -0.033746,
      "YTD": 0.256348
    },
    "银行": {
      "收盘价": 86.970001,
      "1天": -0.002523,
      "1星期": 0.015293,
      "1个月": 0.106348,
      "1年": 0.543692,
      "QTD": 0.085226,
      "YTD": 0.020597
    },
    "公共事业": {
      "收盘价": 46.09,
      "1天": 0.02719,
      "1星期": -0.005609,
      "1个月": 0.022178,
      "1年": 0.215424,
      "QTD": -0.000434,
      "YTD": 0.074855
    },
    "REITS": {
      "收盘价": 101.660004,
      "1天": 0.010236,
      "1星期": 0.00296,
      "1个月": 0.087389,
      "1年": 0.132805,
      "QTD": 0.071459,
      "YTD": 0.08464
    },
    "科技": {
      "收盘价": 155.839996,
      "1天": -0.014232,
      "1星期": 0.025128,
      "1个月": 0.14462,
      "1年": 0.628708,
      "QTD": 0.15514,
      "YTD": 0.081315
    },
    "医疗": {
      "收盘价": 146.240005,
      "1天": -0.000956,
      "1星期": -0.002524,
      "1个月": 0.010015,
      "1年": 0.102089,
      "QTD": -0.010086,
      "YTD": -0.055744
    },
    "趋势板块": {
      "收盘价": 275.880005,
      "1天": -0.000399,
      "1星期": 0.018684,
      "1个月": 0.123564,
      "1年": 0.420558,
      "QTD": 0.124939,
      "YTD": 0.092578
    },
    "保险板块": {
      "收盘价": 133.429993,
      "1天": 0.009151,
      "1星期": 0.00816,
      "1个月": 0.041689,
      "1年": 0.051906,
      "QTD": 0.045608,
      "YTD": 0.003357
    },
    "芯片": {
      "收盘价": 441.0,
      "1天": 0.021377,
      "1星期": 0.086341,
      "1个月": 0.293179,
      "1年": 1.660459,
      "QTD": 0.302653,
      "YTD": 0.406713
    },
    "罗素1000价值": {
      "收盘价": 227.490005,
      "1天": 0.004149,
      "1星期": 0.011336,
      "1个月": 0.063932,
      "1年": 0.30779,
      "QTD": 0.058388,
      "YTD": 0.076133
    },
    "罗素1000成长": {
      "收盘价": 473.049988,
      "1天": -0.012154,
      "1星期": 0.008141,
      "1个月": 0.101602,
      "1年": 0.391288,
      "QTD": 0.099835,
      "YTD": 0.003617
    },
    "前7大科技": {
      "收盘价": 65.330002,
      "1天": -0.016707,
      "1星期": 0.000306,
      "1个月": 0.116561,
      "1年": 0.563053,
      "QTD": 0.113327,
      "YTD": -0.000306
    },
    "标普等权指数": {
      "收盘价": 202.449997,
      "1天": -4.9e-05,
      "1星期": 0.009021,
      "1个月": 0.054867,
      "1年": 0.260411,
      "QTD": 0.05147,
      "YTD": 0.054219
    },
    "PUT/CALL": {
      "收盘价": 1.05,
      "1天": -0.32,
      "1星期": -0.01,
      "1个月": 0.23,
      "1年": 0.19
    }
  }
}