{
  "updateTime": "2026-05-04 22:55:09",
  "assets": {
    "美元": {
      "收盘价": 98.478996,
      "1天": 0.002739,
      "1星期": -1e-05,
      "1个月": -0.015505,
      "1年": -0.01521,
      "QTD": -0.011751,
      "YTD": 0.000599
    },
    "2年美债": {
      "收盘价": 3.59,
      "1天": 0.004196,
      "1星期": 0.0,
      "1个月": -0.004713,
      "1年": -0.142174,
      "QTD": -0.004161,
      "YTD": 0.016134
    },
    "10年美债": {
      "收盘价": 4.446,
      "1天": 0.015532,
      "1星期": 0.025369,
      "1个月": 0.030837,
      "1年": 0.050815,
      "QTD": 0.029405,
      "YTD": 0.061858
    },
    "TLT": {
      "收盘价": 84.959999,
      "1天": -0.007593,
      "1星期": -0.011663,
      "1个月": -0.017471,
      "1年": 0.001424,
      "QTD": -0.011434,
      "YTD": -0.009219
    },
    "标普500": {
      "收盘价": 718.01001,
      "1天": -0.003663,
      "1星期": 0.003971,
      "1个月": 0.094811,
      "1年": 0.300412,
      "QTD": 0.095797,
      "YTD": 0.053868
    },
    "纳指": {
      "收盘价": 672.880005,
      "1天": -0.001884,
      "1星期": 0.013023,
      "1个月": 0.150262,
      "1年": 0.403706,
      "QTD": 0.151581,
      "YTD": 0.098852
    },
    "道指": {
      "收盘价": 489.559998,
      "1天": -0.01103,
      "1星期": -0.004615,
      "1个月": 0.053128,
      "1年": 0.220268,
      "QTD": 0.052178,
      "YTD": 0.016507
    },
    "黄金": {
      "收盘价": 414.709991,
      "1天": -0.020015,
      "1星期": -0.035311,
      "1个月": -0.034233,
      "1年": 0.394171,
      "QTD": -0.052784,
      "YTD": 0.041252
    },
    "WTI原油": {
      "收盘价": 147.610001,
      "1天": 0.033683,
      "1星期": 0.09568,
      "1个月": 0.070258,
      "1年": 1.287818,
      "QTD": 0.18954,
      "YTD": 1.140516
    },
    "VIX": {
      "收盘价": 18.290001,
      "1天": 0.076516,
      "1星期": 0.014983,
      "1个月": -0.233766,
      "1年": -0.256504,
      "QTD": -0.254686,
      "YTD": 0.26051
    },
    "罗素2000": {
      "收盘价": 277.880005,
      "1天": -0.005013,
      "1星期": 0.00267,
      "1个月": 0.105814,
      "1年": 0.432522,
      "QTD": 0.11348,
      "YTD": 0.118958
    },
    "比特币": {
      "收盘价": 80101.546875,
      "1天": 0.019905,
      "1星期": 0.057081,
      "1个月": 0.07541,
      "1年": -0.272626,
      "QTD": 0.176605,
      "YTD": -0.097264
    },
    "通讯服务": {
      "收盘价": 122.860001,
      "1天": -0.005987,
      "1星期": 0.006637,
      "1个月": 0.068348,
      "1年": 0.281807,
      "QTD": 0.064276,
      "YTD": 0.016464
    },
    "非必需品消费": {
      "收盘价": 117.720001,
      "1天": -0.007671,
      "1星期": -0.001018,
      "1个月": 0.088488,
      "1年": 0.196374,
      "QTD": 0.072131,
      "YTD": -0.003325
    },
    "必需品消费": {
      "收盘价": 83.540001,
      "1天": -0.007485,
      "1星期": 0.014574,
      "1个月": 0.020149,
      "1年": 0.058312,
      "QTD": 0.025534,
      "YTD": 0.081352
    },
    "能源": {
      "收盘价": 59.389999,
      "1天": 0.009176,
      "1星期": 0.046151,
      "1个月": 0.002363,
      "1年": 0.517245,
      "QTD": 0.007122,
      "YTD": 0.309486
    },
    "银行": {
      "收盘价": 85.330002,
      "1天": -0.016935,
      "1星期": -0.018857,
      "1个月": 0.062772,
      "1年": 0.432136,
      "QTD": 0.064762,
      "YTD": 0.001352
    },
    "公共事业": {
      "收盘价": 46.369999,
      "1天": -0.003867,
      "1星期": 0.003897,
      "1个月": 0.000647,
      "1年": 0.205346,
      "QTD": 0.005639,
      "YTD": 0.081385
    },
    "REITS": {
      "收盘价": 101.629997,
      "1天": -0.007132,
      "1星期": 0.007934,
      "1个月": 0.055896,
      "1年": 0.107398,
      "QTD": 0.071142,
      "YTD": 0.08432
    },
    "科技": {
      "收盘价": 162.050003,
      "1天": 0.001112,
      "1星期": 0.009217,
      "1个月": 0.191632,
      "1年": 0.529933,
      "QTD": 0.201171,
      "YTD": 0.124404
    },
    "医疗": {
      "收盘价": 144.729996,
      "1天": -0.002962,
      "1星期": 0.008853,
      "1个月": -0.014168,
      "1年": 0.078097,
      "QTD": -0.020307,
      "YTD": -0.065494
    },
    "趋势板块": {
      "收盘价": 284.290009,
      "1天": -0.002806,
      "1星期": 0.012609,
      "1个月": 0.156356,
      "1年": 0.354862,
      "QTD": 0.159232,
      "YTD": 0.125885
    },
    "保险板块": {
      "收盘价": 130.940002,
      "1天": -0.008105,
      "1星期": -0.008105,
      "1个月": 0.019306,
      "1年": 0.025897,
      "QTD": 0.026095,
      "YTD": -0.015367
    },
    "芯片": {
      "收盘价": 462.059998,
      "1天": -0.007923,
      "1星期": 0.014602,
      "1个月": 0.360561,
      "1年": 1.532885,
      "QTD": 0.364861,
      "YTD": 0.47389
    },
    "罗素1000价值": {
      "收盘价": 229.600006,
      "1天": -0.005458,
      "1星期": 0.008477,
      "1个月": 0.06533,
      "1年": 0.283028,
      "QTD": 0.068205,
      "YTD": 0.086115
    },
    "罗素1000成长": {
      "收盘价": 119.82,
      "1天": -0.001916,
      "1星期": -0.001375,
      "1个月": 0.114501,
      "1年": 0.294602,
      "QTD": 0.11432,
      "YTD": 0.016834
    },
    "前7大科技": {
      "收盘价": 66.970001,
      "1天": 0.001495,
      "1星期": -0.00164,
      "1个月": 0.149305,
      "1年": 0.4321,
      "QTD": 0.141275,
      "YTD": 0.02479
    },
    "标普等权指数": {
      "收盘价": 201.639999,
      "1天": -0.005818,
      "1星期": -0.000743,
      "1个月": 0.04428,
      "1年": 0.213822,
      "QTD": 0.047263,
      "YTD": 0.050001
    },
    "PUT/CALL": {
      "收盘价": 1.05,
      "1天": -0.32,
      "1星期": -0.01,
      "1个月": 0.23,
      "1年": 0.19
    }
  }
}