{
  "updateTime": "2026-01-27 22:20:18",
  "assets": {
    "美元": {
      "收盘价": 95.793999,
      "1天": -0.01284,
      "1星期": -0.028852,
      "1个月": -0.022311,
      "1年": -0.107565,
      "QTD": -0.026682,
      "YTD": -0.026682
    },
    "2年美债": {
      "收盘价": 3.57,
      "1天": -0.001399,
      "1星期": -0.00056,
      "1个月": 0.004219,
      "1年": -0.151011,
      "QTD": 0.010473,
      "YTD": 0.010473
    },
    "10年美债": {
      "收盘价": 4.223,
      "1天": 0.002374,
      "1星期": -0.016764,
      "1个月": 0.021035,
      "1年": -0.087116,
      "QTD": 0.008598,
      "YTD": 0.008598
    },
    "TLT": {
      "收盘价": 87.800003,
      "1天": -0.006225,
      "1星期": 0.013272,
      "1个月": -0.002613,
      "1年": 0.051451,
      "QTD": 0.008848,
      "YTD": 0.008848
    },
    "标普500": {
      "收盘价": 695.48999,
      "1天": 0.003984,
      "1星期": 0.026432,
      "1个月": 0.007402,
      "1年": 0.157388,
      "QTD": 0.018034,
      "YTD": 0.018034
    },
    "纳指": {
      "收盘价": 631.130005,
      "1天": 0.009065,
      "1星期": 0.03794,
      "1个月": 0.01154,
      "1年": 0.197687,
      "QTD": 0.029374,
      "YTD": 0.029374
    },
    "道指": {
      "收盘价": 490.059998,
      "1天": -0.008096,
      "1星期": 0.010683,
      "1个月": 0.006627,
      "1年": 0.120655,
      "QTD": 0.013662,
      "YTD": 0.013662
    },
    "黄金": {
      "收盘价": 476.100006,
      "1天": 0.024532,
      "1星期": 0.088901,
      "1个月": 0.155779,
      "1年": 0.862312,
      "QTD": 0.19539,
      "YTD": 0.19539
    },
    "WTI原油": {
      "收盘价": 75.660004,
      "1天": 0.029668,
      "1星期": 0.052881,
      "1个月": 0.077778,
      "1年": -0.049497,
      "QTD": 0.097158,
      "YTD": 0.097158
    },
    "VIX": {
      "收盘价": 16.35,
      "1天": 0.012384,
      "1星期": -0.186162,
      "1个月": 0.213808,
      "1年": 0.10101,
      "QTD": 0.126809,
      "YTD": 0.126809
    },
    "罗素2000": {
      "收盘价": 264.730011,
      "1天": 0.002841,
      "1星期": 0.008188,
      "1个月": 0.047564,
      "1年": 0.170611,
      "QTD": 0.064113,
      "YTD": 0.064113
    },
    "比特币": {
      "收盘价": 89006.109375,
      "1天": 0.008372,
      "1星期": -0.005101,
      "1个月": -0.050389,
      "1年": -0.16654,
      "QTD": 0.003089,
      "YTD": 0.003089
    },
    "通讯服务": {
      "收盘价": 122.830002,
      "1天": 0.001468,
      "1星期": 0.044917,
      "1个月": 0.01253,
      "1年": 0.252219,
      "QTD": 0.016216,
      "YTD": 0.016216
    },
    "非必需品消费": {
      "收盘价": 122.690002,
      "1天": 0.003025,
      "1星期": 0.02997,
      "1个月": 0.000816,
      "1年": 0.076053,
      "QTD": 0.036671,
      "YTD": 0.036671
    },
    "必需品消费": {
      "收盘价": 83.160004,
      "1天": 0.004591,
      "1星期": 0.009713,
      "1个月": 0.064516,
      "1年": 0.096682,
      "QTD": 0.070408,
      "YTD": 0.070408
    },
    "能源": {
      "收盘价": 49.669998,
      "1天": 0.009143,
      "1星期": 0.043487,
      "1个月": 0.11945,
      "1年": 0.124282,
      "QTD": 0.088061,
      "YTD": 0.088061
    },
    "银行": {
      "收盘价": 85.489998,
      "1天": 0.004229,
      "1星期": 0.009327,
      "1个月": -0.010532,
      "1年": 0.2395,
      "QTD": -0.003148,
      "YTD": -0.003148
    },
    "公共事业": {
      "收盘价": 43.43,
      "1天": 0.013063,
      "1星期": 0.01094,
      "1个月": 0.014483,
      "1年": 0.123929,
      "QTD": 0.00579,
      "YTD": 0.00579
    },
    "REITS": {
      "收盘价": 96.029999,
      "1天": 0.000938,
      "1星期": -0.003942,
      "1个月": 0.01921,
      "1年": 0.03644,
      "QTD": 0.021704,
      "YTD": 0.021704
    },
    "科技": {
      "收盘价": 148.050003,
      "1天": 0.013486,
      "1星期": 0.043782,
      "1个月": 0.011962,
      "1年": 0.245067,
      "QTD": 0.025988,
      "YTD": 0.025988
    },
    "医疗": {
      "收盘价": 155.449997,
      "1天": -0.016762,
      "1星期": 0.000322,
      "1个月": -0.002247,
      "1年": 0.096142,
      "QTD": -0.000386,
      "YTD": -0.000386
    },
    "趋势板块": {
      "收盘价": 260.220001,
      "1天": 0.012726,
      "1星期": 0.029188,
      "1个月": 0.018593,
      "1年": 0.178239,
      "QTD": 0.029636,
      "YTD": 0.029636
    },
    "保险板块": {
      "收盘价": 130.729996,
      "1天": -0.005402,
      "1星期": 0.006622,
      "1个月": -0.048821,
      "1年": 0.050327,
      "QTD": -0.031845,
      "YTD": -0.031845
    },
    "芯片": {
      "收盘价": 351.079987,
      "1天": 0.023348,
      "1星期": 0.0407,
      "1个月": 0.146795,
      "1年": 0.532939,
      "QTD": 0.119194,
      "YTD": 0.119194
    },
    "罗素1000价值": {
      "收盘价": 219.119995,
      "1天": 4.6e-05,
      "1星期": 0.014726,
      "1个月": 0.03091,
      "1年": 0.151199,
      "QTD": 0.032611,
      "YTD": 0.032611
    },
    "罗素1000成长": {
      "收盘价": 474.450012,
      "1天": 0.00694,
      "1星期": 0.034426,
      "1个月": -0.012529,
      "1年": 0.146459,
      "QTD": 0.005702,
      "YTD": 0.005702
    },
    "前7大科技": {
      "收盘价": 66.550003,
      "1天": 0.009557,
      "1星期": 0.057356,
      "1个月": -0.009433,
      "1年": 0.198987,
      "QTD": 0.018363,
      "YTD": 0.018363
    },
    "标普等权指数": {
      "收盘价": 198.929993,
      "1天": -0.001556,
      "1星期": 0.014535,
      "1个月": 0.026524,
      "1年": 0.110799,
      "QTD": 0.031474,
      "YTD": 0.031474
    },
    "垃圾债券利差": {
      "收盘价": 2.69,
      "1天": 0.01,
      "1星期": 0.04,
      "1个月": -0.15,
      "1年": 0.03
    },
    "PUT/CALL": {
      "收盘价": 1.05,
      "1天": -0.32,
      "1星期": -0.01,
      "1个月": 0.23,
      "1年": 0.19
    }
  }
}