{
  "updateTime": "2025-12-31 22:17:53",
  "assets": {
    "美元": {
      "收盘价": 98.278999,
      "1天": 0.000397,
      "1星期": 0.003461,
      "1个月": -0.011377,
      "1年": -0.094119,
      "QTD": 0.005823,
      "YTD": -0.101572
    },
    "2年美债": {
      "收盘价": 3.547,
      "1天": 0.001977,
      "1星期": 0.0,
      "1个月": -0.039534,
      "1年": -0.151029,
      "QTD": -0.077503,
      "YTD": -0.157082
    },
    "10年美债": {
      "收盘价": 4.163,
      "1天": 0.00799,
      "1星期": -0.001439,
      "1个月": 0.016357,
      "1年": -0.098723,
      "QTD": 0.013882,
      "YTD": -0.090055
    },
    "TLT": {
      "收盘价": 87.160004,
      "1天": -0.007967,
      "1星期": -0.003886,
      "1个月": -0.014316,
      "1年": 0.045225,
      "QTD": -0.013004,
      "YTD": 0.039615
    },
    "标普500": {
      "收盘价": 681.919983,
      "1天": -0.007409,
      "1星期": -0.00878,
      "1个月": 0.005388,
      "1年": 0.159523,
      "QTD": 0.023165,
      "YTD": 0.18009
    },
    "纳指": {
      "收盘价": 614.309998,
      "1天": -0.008266,
      "1星期": -0.012538,
      "1个月": -0.003352,
      "1年": 0.18154,
      "QTD": 0.019646,
      "YTD": 0.210093
    },
    "道指": {
      "收盘价": 480.570007,
      "1天": -0.006245,
      "1星期": -0.007558,
      "1个月": 0.017528,
      "1年": 0.135056,
      "QTD": 0.039042,
      "YTD": 0.151661
    },
    "黄金": {
      "收盘价": 396.309998,
      "1天": -0.006468,
      "1星期": -0.041896,
      "1个月": 0.016831,
      "1年": 0.641715,
      "QTD": 0.113137,
      "YTD": 0.614824
    },
    "WTI原油": {
      "收盘价": 69.160004,
      "1天": -0.008317,
      "1星期": -0.016216,
      "1个月": -0.026738,
      "1年": -0.063507,
      "QTD": -0.054416,
      "YTD": -0.101001
    },
    "VIX": {
      "收盘价": 14.95,
      "1天": 0.043266,
      "1星期": 0.067857,
      "1个月": -0.132831,
      "1年": -0.062696,
      "QTD": -0.082259,
      "YTD": -0.166202
    },
    "罗素2000": {
      "收盘价": 246.160004,
      "1天": -0.007539,
      "1星期": -0.023485,
      "1个月": 0.005559,
      "1年": 0.119332,
      "QTD": 0.018539,
      "YTD": 0.125659
    },
    "比特币": {
      "收盘价": 87673.671875,
      "1天": -0.008554,
      "1星期": 0.004264,
      "1个月": -0.047242,
      "1年": -0.064306,
      "QTD": -0.261066,
      "YTD": -0.071448
    },
    "通讯服务": {
      "收盘价": 121.220001,
      "1天": -0.004517,
      "1星期": 0.002979,
      "1个月": 0.003597,
      "1年": 0.27541,
      "QTD": 0.011925,
      "YTD": 0.287765
    },
    "非必需品消费": {
      "收盘价": 119.410004,
      "1天": -0.007893,
      "1星期": -0.022591,
      "1个月": 0.011383,
      "1年": 0.048517,
      "QTD": -0.007658,
      "YTD": 0.088014
    },
    "必需品消费": {
      "收盘价": 77.68,
      "1天": -0.006014,
      "1星期": 0.002193,
      "1个月": -0.012445,
      "1年": 0.006328,
      "QTD": 0.00068,
      "YTD": 0.01827
    },
    "能源": {
      "收盘价": 44.709999,
      "1天": -0.00556,
      "1星期": 0.004719,
      "1个月": -0.012459,
      "1年": 0.092796,
      "QTD": 0.009427,
      "YTD": 0.066315
    },
    "银行": {
      "收盘价": 84.290001,
      "1天": -0.007302,
      "1星期": -0.01737,
      "1个月": 0.069703,
      "1年": 0.311637,
      "QTD": 0.098835,
      "YTD": 0.321884
    },
    "公共事业": {
      "收盘价": 42.689999,
      "1天": -0.006285,
      "1星期": 0.001642,
      "1个月": -0.028136,
      "1年": 0.154296,
      "QTD": -0.023059,
      "YTD": 0.151421
    },
    "REITS": {
      "收盘价": 93.889999,
      "1天": -0.008658,
      "1星期": 0.003742,
      "1个月": -0.010868,
      "1年": 0.038166,
      "QTD": -0.024514,
      "YTD": 0.04244
    },
    "科技": {
      "收盘价": 143.970001,
      "1天": -0.009903,
      "1星期": -0.013566,
      "1个月": 0.007078,
      "1年": 0.219983,
      "QTD": 0.013199,
      "YTD": 0.249014
    },
    "医疗": {
      "收盘价": 154.800003,
      "1天": -0.005653,
      "1星期": -0.001226,
      "1个月": 0.00109,
      "1年": 0.133665,
      "QTD": 0.083566,
      "YTD": 0.144705
    },
    "趋势板块": {
      "收盘价": 250.309998,
      "1天": -0.00981,
      "1星期": -0.015768,
      "1个月": 0.013479,
      "1年": 0.20158,
      "QTD": -0.019194,
      "YTD": 0.215273
    },
    "保险板块": {
      "收盘价": 136.149994,
      "1天": -0.007364,
      "1星期": -0.008809,
      "1个月": 0.02363,
      "1年": 0.092234,
      "QTD": 0.026241,
      "YTD": 0.101618
    },
    "芯片": {
      "收盘价": 301.149994,
      "1天": -0.012364,
      "1星期": -0.012493,
      "1个月": 0.015732,
      "1年": 0.368321,
      "QTD": 0.091377,
      "YTD": 0.39874
    },
    "罗素1000价值": {
      "收盘价": 210.339996,
      "1天": -0.007549,
      "1星期": -0.006002,
      "1个月": 0.013452,
      "1年": 0.148205,
      "QTD": 0.036717,
      "YTD": 0.159081
    },
    "罗素1000成长": {
      "收盘价": 473.299988,
      "1天": -0.007653,
      "1星期": -0.012518,
      "1个月": -0.002235,
      "1年": 0.15874,
      "QTD": 0.005515,
      "YTD": 0.185983
    },
    "前7大科技": {
      "收盘价": 65.959999,
      "1天": -0.006776,
      "1星期": -0.017638,
      "1个月": 0.003724,
      "1年": 0.197501,
      "QTD": 0.02635,
      "YTD": 0.235752
    },
    "标普等权指数": {
      "收盘价": 191.559998,
      "1天": -0.00854,
      "1星期": -0.007924,
      "1个月": 0.011049,
      "1年": 0.102941,
      "QTD": 0.011528,
      "YTD": 0.115377
    },
    "垃圾债券利差": {
      "收盘价": 2.84,
      "1天": -0.03,
      "1星期": -0.04,
      "1个月": -0.08,
      "1年": -0.01
    },
    "PUT/CALL": {
      "收盘价": 1.05,
      "1天": -0.32,
      "1星期": -0.01,
      "1个月": 0.23,
      "1年": 0.19
    }
  }
}