{
  "updateTime": "2026-06-18 23:42:44",
  "assets": {
    "美元": {
      "收盘价": 100.814003,
      "1天": 0.007234,
      "1星期": 0.009553,
      "1个月": 0.015247,
      "1年": 0.020178,
      "3年": -0.014526,
      "QTD": 0.011681,
      "YTD": 0.024324
    },
    "2年美债": {
      "收盘价": 3.658,
      "1天": 0.011056,
      "1星期": 0.008269,
      "1个月": 0.01951,
      "1年": -0.140911,
      "3年": -0.282041,
      "QTD": 0.014702,
      "YTD": 0.035381
    },
    "10年美债": {
      "收盘价": 4.451,
      "1天": -0.008023,
      "1星期": -0.022188,
      "1个月": -0.002242,
      "1年": 0.021574,
      "3年": 0.188518,
      "QTD": 0.030563,
      "YTD": 0.063052
    },
    "TLT": {
      "收盘价": 86.75,
      "1天": 0.004865,
      "1星期": 0.008956,
      "1个月": 0.049039,
      "1年": 0.048631,
      "3年": -0.037465,
      "QTD": 0.013364,
      "YTD": 0.015635
    },
    "标普500": {
      "收盘价": 746.73999,
      "1天": 0.007801,
      "1星期": 0.012172,
      "1个月": 0.017731,
      "1年": 0.264037,
      "3年": 0.77499,
      "QTD": 0.139643,
      "YTD": 0.096037
    },
    "纳指": {
      "收盘价": 740.619995,
      "1天": 0.025065,
      "1星期": 0.03277,
      "1个月": 0.055721,
      "1年": 0.406602,
      "3年": 1.060009,
      "QTD": 0.267512,
      "YTD": 0.209476
    },
    "道指": {
      "收盘价": 515.52002,
      "1天": -0.001511,
      "1星期": 0.012094,
      "1个月": 0.043605,
      "1年": 0.237066,
      "3年": 0.5905,
      "QTD": 0.108583,
      "YTD": 0.071
    },
    "黄金": {
      "收盘价": 387.119995,
      "1天": -0.003809,
      "1星期": 0.002071,
      "1个月": -0.059247,
      "1年": 0.241008,
      "3年": 1.143047,
      "QTD": -0.115801,
      "YTD": -0.02802
    },
    "WTI原油": {
      "收盘价": 114.870003,
      "1天": 0.005603,
      "1星期": -0.10836,
      "1个月": -0.249019,
      "1年": 0.395747,
      "3年": 0.857836,
      "QTD": -0.074301,
      "YTD": 0.665748
    },
    "VIX": {
      "收盘价": 16.4,
      "1天": -0.110629,
      "1星期": -0.156379,
      "1个月": -0.059633,
      "1年": -0.1857,
      "3年": 0.131034,
      "QTD": -0.331703,
      "YTD": 0.130255
    },
    "罗素2000": {
      "收盘价": 295.589996,
      "1天": 0.019698,
      "1星期": 0.020257,
      "1个月": 0.085322,
      "1年": 0.432079,
      "3年": 0.64721,
      "QTD": 0.187261,
      "YTD": 0.193102
    },
    "比特币": {
      "收盘价": 62864.710938,
      "1天": -0.041706,
      "1星期": -0.010678,
      "1个月": -0.154416,
      "1年": -0.490375,
      "3年": -0.07456,
      "5年": 2.733782,
      "QTD": -0.076586,
      "YTD": -0.291521
    },
    "通讯服务": {
      "收盘价": 117.389999,
      "1天": 0.007639,
      "1星期": -0.004924,
      "1个月": -0.040312,
      "1年": 0.126005,
      "3年": 0.812611,
      "QTD": 0.023867,
      "YTD": -0.02213
    },
    "非必需品消费": {
      "收盘价": 117.160004,
      "1天": 0.01446,
      "1星期": 0.007395,
      "1个月": 0.018517,
      "1年": 0.122864,
      "3年": 0.450472,
      "QTD": 0.067031,
      "YTD": -0.008066
    },
    "必需品消费": {
      "收盘价": 83.300003,
      "1天": -0.004541,
      "1星期": -0.023103,
      "1个月": -0.032408,
      "1年": 0.063003,
      "3年": 0.224094,
      "QTD": 0.022588,
      "YTD": 0.078245
    },
    "能源": {
      "收盘价": 53.77,
      "1天": -0.016462,
      "1星期": -0.058648,
      "1个月": -0.122695,
      "1年": 0.251889,
      "3年": 0.480327,
      "QTD": -0.08818,
      "YTD": 0.185571
    },
    "银行": {
      "收盘价": 92.639999,
      "1天": -0.006328,
      "1星期": 0.017463,
      "1个月": 0.108267,
      "1年": 0.437233,
      "3年": 1.415334,
      "QTD": 0.155977,
      "YTD": 0.087135
    },
    "公共事业": {
      "收盘价": 44.759998,
      "1天": 0.006748,
      "1星期": 0.016118,
      "1个月": 0.009472,
      "1年": 0.145829,
      "3年": 0.48191,
      "QTD": -0.029278,
      "YTD": 0.043838
    },
    "REITS": {
      "收盘价": 100.449997,
      "1天": -0.00169,
      "1星期": -0.024231,
      "1个月": -0.003128,
      "1年": 0.090821,
      "3年": 0.270633,
      "QTD": 0.063904,
      "YTD": 0.076993
    },
    "科技": {
      "收盘价": 191.440002,
      "1天": 0.030355,
      "1星期": 0.044921,
      "1个月": 0.105057,
      "1年": 0.595674,
      "3年": 1.267241,
      "QTD": 0.41902,
      "YTD": 0.32833
    },
    "医疗": {
      "收盘价": 149.399994,
      "1天": -0.008692,
      "1星期": -0.030437,
      "1个月": 0.014119,
      "1年": 0.139315,
      "3年": 0.206252,
      "QTD": 0.011304,
      "YTD": -0.035341
    },
    "趋势板块": {
      "收盘价": 338.519989,
      "1天": 0.031224,
      "1星期": 0.06233,
      "1个月": 0.158256,
      "1年": 0.482542,
      "3年": 1.446729,
      "QTD": 0.381887,
      "YTD": 0.342135
    },
    "保险板块": {
      "收盘价": 134.389999,
      "1天": -0.004813,
      "1星期": 0.000904,
      "1个月": 0.005234,
      "1年": 0.050073,
      "3年": 0.670096,
      "QTD": 0.0562,
      "YTD": 0.013522
    },
    "芯片": {
      "收盘价": 639.450012,
      "1天": 0.06623,
      "1星期": 0.09,
      "1个月": 0.287905,
      "1年": 1.847163,
      "3年": 2.788967,
      "QTD": 0.889743,
      "YTD": 1.040702
    },
    "罗素1000价值": {
      "收盘价": 242.179993,
      "1天": 0.007488,
      "1星期": 0.013194,
      "1个月": 0.048436,
      "1年": 0.303921,
      "3年": 0.652925,
      "QTD": 0.130285,
      "YTD": 0.149236
    },
    "罗素1000成长": {
      "收盘价": 123.190002,
      "1天": 0.013076,
      "1星期": 0.014218,
      "1个月": 0.001857,
      "1年": 0.216574,
      "3年": 0.848919,
      "QTD": 0.146669,
      "YTD": 0.046354
    },
    "前7大科技": {
      "收盘价": 65.440002,
      "1天": 0.013945,
      "1星期": 0.008165,
      "1个月": -0.04509,
      "1年": 0.244624,
      "3年": 1.266912,
      "QTD": 0.115201,
      "YTD": 0.001377
    },
    "标普等权指数": {
      "收盘价": 209.960007,
      "1天": 0.004641,
      "1星期": 0.001001,
      "1个月": 0.041365,
      "1年": 0.203826,
      "3年": 0.498383,
      "QTD": 0.090475,
      "YTD": 0.093326
    },
    "PUT/CALL": {
      "收盘价": 1.05,
      "1天": -0.32,
      "1星期": -0.01,
      "1个月": 0.23,
      "1年": 0.19,
      "3年": 0.15,
      "5年": 0.13
    }
  }
}