{
  "updateTime": "2026-02-26 22:29:29",
  "assets": {
    "美元": {
      "收盘价": 97.792999,
      "1天": 0.000952,
      "1星期": -0.001399,
      "1个月": 0.016348,
      "1年": -0.081066,
      "QTD": -0.006371,
      "YTD": -0.006371
    },
    "2年美债": {
      "收盘价": 3.588,
      "1天": 0.0,
      "1星期": -0.001947,
      "1个月": 0.005042,
      "1年": -0.142037,
      "QTD": 0.015568,
      "YTD": 0.015568
    },
    "10年美债": {
      "收盘价": 4.017,
      "1天": -0.007658,
      "1星期": -0.014233,
      "1个月": -0.048781,
      "1年": -0.065379,
      "QTD": -0.040602,
      "YTD": -0.040602
    },
    "TLT": {
      "收盘价": 90.269997,
      "1天": 0.004004,
      "1星期": 0.007253,
      "1个月": 0.032065,
      "1年": 0.031631,
      "QTD": 0.041196,
      "YTD": 0.041196
    },
    "标普500": {
      "收盘价": 689.299988,
      "1天": -0.005554,
      "1星期": 0.007042,
      "1个月": -0.0089,
      "1年": 0.173591,
      "QTD": 0.008973,
      "YTD": 0.008973
    },
    "纳指": {
      "收盘价": 609.23999,
      "1天": -0.012065,
      "1星期": 0.009561,
      "1个月": -0.034684,
      "1年": 0.192881,
      "QTD": -0.006328,
      "YTD": -0.006328
    },
    "道指": {
      "收盘价": 494.859985,
      "1天": 8.1e-05,
      "1星期": 0.002214,
      "1个月": 0.011048,
      "1年": 0.152076,
      "QTD": 0.024861,
      "YTD": 0.024861
    },
    "黄金": {
      "收盘价": 477.480011,
      "1天": 0.008576,
      "1星期": 0.038994,
      "1个月": 0.002899,
      "1年": 0.77753,
      "QTD": 0.198855,
      "YTD": 0.198855
    },
    "WTI原油": {
      "收盘价": 79.769997,
      "1天": 0.000502,
      "1星期": -0.01749,
      "1个月": 0.054322,
      "1年": 0.076083,
      "QTD": 0.156758,
      "YTD": 0.156758
    },
    "VIX": {
      "收盘价": 18.629999,
      "1天": 0.039041,
      "1星期": -0.07909,
      "1个月": 0.139449,
      "1年": -0.041174,
      "QTD": 0.283942,
      "YTD": 0.283942
    },
    "罗素2000": {
      "收盘价": 265.98999,
      "1天": 0.005329,
      "1星期": 0.005253,
      "1个月": 0.004759,
      "1年": 0.248694,
      "QTD": 0.069178,
      "YTD": 0.069178
    },
    "比特币": {
      "收盘价": 67373.085938,
      "1天": -0.008638,
      "1星期": -0.009274,
      "1个月": 0.074495,
      "1年": -0.356416,
      "QTD": -0.240713,
      "YTD": -0.240713
    },
    "通讯服务": {
      "收盘价": 120.879997,
      "1天": -0.00338,
      "1星期": 0.009015,
      "1个月": -0.015876,
      "1年": 0.207853,
      "QTD": 8.3e-05,
      "YTD": 8.3e-05
    },
    "非必需品消费": {
      "收盘价": 117.050003,
      "1天": -0.000342,
      "1星期": 0.006968,
      "1个月": -0.04597,
      "1年": 0.091001,
      "QTD": -0.010984,
      "YTD": -0.010984
    },
    "必需品消费": {
      "收盘价": 88.860001,
      "1天": -0.001685,
      "1星期": 0.013574,
      "1个月": 0.068543,
      "1年": 0.091953,
      "QTD": 0.143777,
      "YTD": 0.143777
    },
    "能源": {
      "收盘价": 55.049999,
      "1天": 0.00328,
      "1星期": -0.002356,
      "1个月": 0.108315,
      "1年": 0.269273,
      "QTD": 0.205915,
      "YTD": 0.205915
    },
    "银行": {
      "收盘价": 86.07,
      "1天": 0.01128,
      "1星期": -0.001971,
      "1个月": 0.006784,
      "1年": 0.298098,
      "QTD": 0.003615,
      "YTD": 0.003615
    },
    "公共事业": {
      "收盘价": 47.18,
      "1天": -0.003801,
      "1星期": 0.023205,
      "1个月": 0.086346,
      "1年": 0.221283,
      "QTD": 0.092635,
      "YTD": 0.092635
    },
    "REITS": {
      "收盘价": 101.050003,
      "1天": 0.006775,
      "1星期": 0.012221,
      "1个月": 0.052275,
      "1年": 0.059702,
      "QTD": 0.075114,
      "YTD": 0.075114
    },
    "科技": {
      "收盘价": 141.009995,
      "1天": -0.013985,
      "1星期": 0.005706,
      "1个月": -0.047552,
      "1年": 0.241857,
      "QTD": -0.0228,
      "YTD": -0.0228
    },
    "医疗": {
      "收盘价": 157.419998,
      "1天": -0.002598,
      "1星期": 0.001017,
      "1个月": 0.012673,
      "1年": 0.075887,
      "QTD": 0.012282,
      "YTD": 0.012282
    },
    "趋势板块": {
      "收盘价": 254.889999,
      "1天": -0.005812,
      "1星期": 0.006277,
      "1个月": -0.020483,
      "1年": 0.18689,
      "QTD": 0.008547,
      "YTD": 0.008547
    },
    "保险板块": {
      "收盘价": 136.800003,
      "1天": 0.012209,
      "1星期": 0.017252,
      "1个月": 0.046432,
      "1年": 0.052458,
      "QTD": 0.013108,
      "YTD": 0.013108
    },
    "芯片": {
      "收盘价": 356.799988,
      "1天": -0.030435,
      "1星期": 0.002698,
      "1个月": 0.016293,
      "1年": 0.677407,
      "QTD": 0.137429,
      "YTD": 0.137429
    },
    "罗素1000价值": {
      "收盘价": 225.380005,
      "1天": 0.001511,
      "1星期": 0.006296,
      "1个月": 0.028569,
      "1年": 0.188257,
      "QTD": 0.062111,
      "YTD": 0.062111
    },
    "罗素1000成长": {
      "收盘价": 454.149994,
      "1天": -0.009487,
      "1星期": 0.007565,
      "1个月": -0.042786,
      "1年": 0.149328,
      "QTD": -0.037328,
      "YTD": -0.037328
    },
    "前7大科技": {
      "收盘价": 62.27,
      "1天": -0.015805,
      "1星期": 0.011041,
      "1个月": -0.064313,
      "1年": 0.221658,
      "QTD": -0.047131,
      "YTD": -0.047131
    },
    "标普等权指数": {
      "收盘价": 204.729996,
      "1天": 0.005649,
      "1星期": 0.007827,
      "1个月": 0.029156,
      "1年": 0.15613,
      "QTD": 0.061547,
      "YTD": 0.061547
    },
    "垃圾债券利差": {
      "收盘价": 2.94,
      "1天": -0.03,
      "1星期": 0.08,
      "1个月": 0.22,
      "1年": -0.28
    },
    "PUT/CALL": {
      "收盘价": 1.05,
      "1天": -0.32,
      "1星期": -0.01,
      "1个月": 0.23,
      "1年": 0.19
    }
  }
}