{
  "updateTime": "2026-02-03 22:26:07",
  "assets": {
    "美元": {
      "收盘价": 97.396004,
      "1天": -0.002192,
      "1星期": 0.012222,
      "1个月": -0.010404,
      "1年": -0.106377,
      "QTD": -0.010404,
      "YTD": -0.010404
    },
    "2年美债": {
      "收盘价": 3.59,
      "1天": 0.003354,
      "1星期": 0.005602,
      "1个月": 0.016134,
      "1年": -0.142789,
      "QTD": 0.016134,
      "YTD": 0.016134
    },
    "10年美债": {
      "收盘价": 4.274,
      "1天": -0.000234,
      "1星期": 0.012077,
      "1个月": 0.020779,
      "1年": -0.064565,
      "QTD": 0.020779,
      "YTD": 0.020779
    },
    "TLT": {
      "收盘价": 86.760002,
      "1天": 0.002426,
      "1星期": -0.008065,
      "1个月": 0.000711,
      "1年": 0.036553,
      "QTD": 0.000711,
      "YTD": 0.000711
    },
    "标普500": {
      "收盘价": 689.530029,
      "1天": -0.008455,
      "1星期": -0.008569,
      "1个月": 0.00931,
      "1年": 0.159196,
      "QTD": 0.00931,
      "YTD": 0.00931
    },
    "纳指": {
      "收盘价": 616.52002,
      "1天": -0.015364,
      "1星期": -0.023149,
      "1个月": 0.005545,
      "1年": 0.186404,
      "QTD": 0.005545,
      "YTD": 0.005545
    },
    "道指": {
      "收盘价": 492.309998,
      "1天": -0.003482,
      "1星期": 0.004591,
      "1个月": 0.018316,
      "1年": 0.122591,
      "QTD": 0.018316,
      "YTD": 0.018316
    },
    "黄金": {
      "收盘价": 454.290009,
      "1天": 0.063587,
      "1星期": -0.04581,
      "1个月": 0.14063,
      "1年": 0.757,
      "QTD": 0.14063,
      "YTD": 0.14063
    },
    "WTI原油": {
      "收盘价": 77.470001,
      "1天": 0.028408,
      "1星期": 0.023923,
      "1个月": 0.123405,
      "1年": -0.007049,
      "QTD": 0.123405,
      "YTD": 0.123405
    },
    "VIX": {
      "收盘价": 18.0,
      "1天": 0.101591,
      "1星期": 0.100917,
      "1个月": 0.240524,
      "1年": 0.095557,
      "QTD": 0.240524,
      "YTD": 0.240524
    },
    "罗素2000": {
      "收盘价": 262.779999,
      "1天": 0.002289,
      "1星期": -0.007366,
      "1个月": 0.056275,
      "1年": 0.173327,
      "QTD": 0.056275,
      "YTD": 0.056275
    },
    "比特币": {
      "收盘价": 75750.40625,
      "1天": -0.037342,
      "1星期": -0.104198,
      "1个月": -0.205319,
      "1年": -0.305008,
      "QTD": -0.146301,
      "YTD": -0.146301
    },
    "通讯服务": {
      "收盘价": 124.050003,
      "1天": -0.012105,
      "1星期": 0.009932,
      "1个月": 0.026309,
      "1年": 0.231175,
      "QTD": 0.026309,
      "YTD": 0.026309
    },
    "非必需品消费": {
      "收盘价": 120.989998,
      "1天": -0.008035,
      "1星期": -0.013856,
      "1个月": 0.022307,
      "1年": 0.051271,
      "QTD": 0.022307,
      "YTD": 0.022307
    },
    "必需品消费": {
      "收盘价": 85.870003,
      "1天": 0.016213,
      "1星期": 0.032588,
      "1个月": 0.10529,
      "1年": 0.116935,
      "QTD": 0.10529,
      "YTD": 0.10529
    },
    "能源": {
      "收盘价": 51.669998,
      "1天": 0.032368,
      "1星期": 0.040266,
      "1个月": 0.131873,
      "1年": 0.218528,
      "QTD": 0.131873,
      "YTD": 0.131873
    },
    "银行": {
      "收盘价": 88.349998,
      "1天": 0.008101,
      "1星期": 0.033454,
      "1个月": 0.030201,
      "1年": 0.272139,
      "QTD": 0.030201,
      "YTD": 0.030201
    },
    "公共事业": {
      "收盘价": 43.240002,
      "1天": 0.014547,
      "1星期": -0.004375,
      "1个月": 0.00139,
      "1年": 0.142145,
      "QTD": 0.00139,
      "YTD": 0.00139
    },
    "REITS": {
      "收盘价": 95.0,
      "1天": -0.002415,
      "1星期": -0.010726,
      "1个月": 0.010746,
      "1年": 0.026621,
      "QTD": 0.010746,
      "YTD": 0.010746
    },
    "科技": {
      "收盘价": 142.080002,
      "1天": -0.021892,
      "1星期": -0.040324,
      "1个月": -0.015385,
      "1年": 0.238812,
      "QTD": -0.015385,
      "YTD": -0.015385
    },
    "医疗": {
      "收盘价": 154.100006,
      "1天": -0.010213,
      "1星期": -0.008684,
      "1个月": -0.009067,
      "1年": 0.067682,
      "QTD": -0.009067,
      "YTD": -0.009067
    },
    "趋势板块": {
      "收盘价": 256.450012,
      "1天": -0.007393,
      "1星期": -0.014488,
      "1个月": 0.014719,
      "1年": 0.181729,
      "QTD": 0.014719,
      "YTD": 0.014719
    },
    "保险板块": {
      "收盘价": 133.080002,
      "1天": -0.000751,
      "1星期": 0.017976,
      "1个月": -0.014441,
      "1年": 0.050374,
      "QTD": -0.014441,
      "YTD": -0.014441
    },
    "芯片": {
      "收盘价": 345.640015,
      "1天": -0.019989,
      "1星期": -0.015495,
      "1个月": 0.101852,
      "1年": 0.59574,
      "QTD": 0.101852,
      "YTD": 0.101852
    },
    "罗素1000价值": {
      "收盘价": 221.910004,
      "1天": 0.001083,
      "1星期": 0.012733,
      "1个月": 0.045759,
      "1年": 0.167363,
      "QTD": 0.045759,
      "YTD": 0.045759
    },
    "罗素1000成长": {
      "收盘价": 459.179993,
      "1天": -0.017755,
      "1星期": -0.032185,
      "1个月": -0.026666,
      "1年": 0.126314,
      "QTD": -0.026666,
      "YTD": -0.026666
    },
    "前7大科技": {
      "收盘价": 65.080002,
      "1天": -0.01625,
      "1星期": -0.022089,
      "1个月": -0.004132,
      "1年": 0.18662,
      "QTD": -0.004132,
      "YTD": -0.004132
    },
    "标普等权指数": {
      "收盘价": 198.570007,
      "1天": -0.002662,
      "1星期": -0.00181,
      "1个月": 0.029607,
      "1年": 0.1146,
      "QTD": 0.029607,
      "YTD": 0.029607
    },
    "垃圾债券利差": {
      "收盘价": 2.81,
      "1天": -0.07,
      "1星期": 0.1,
      "1个月": 0.0,
      "1年": 0.19
    },
    "PUT/CALL": {
      "收盘价": 1.05,
      "1天": -0.32,
      "1星期": -0.01,
      "1个月": 0.23,
      "1年": 0.19
    }
  }
}