{
  "updateTime": "2026-03-10 22:24:46",
  "assets": {
    "美元": {
      "收盘价": 98.914001,
      "1天": -0.002682,
      "1星期": -0.001373,
      "1个月": 0.013152,
      "1年": -0.04808,
      "QTD": 0.005019,
      "YTD": 0.005019
    },
    "2年美债": {
      "收盘价": 3.595,
      "1天": 0.000557,
      "1星期": 0.0,
      "1个月": 0.001393,
      "1年": -0.143436,
      "QTD": 0.017549,
      "YTD": 0.017549
    },
    "10年美债": {
      "收盘价": 4.136,
      "1天": 0.0,
      "1星期": 0.019724,
      "1个月": -0.016643,
      "1年": -0.041927,
      "QTD": -0.01218,
      "YTD": -0.01218
    },
    "TLT": {
      "收盘价": 88.279999,
      "1天": -0.010647,
      "1星期": -0.012859,
      "1个月": 0.011807,
      "1年": 0.019836,
      "QTD": 0.017736,
      "YTD": 0.017736
    },
    "标普500": {
      "收盘价": 677.179993,
      "1天": -0.001607,
      "1星期": -0.00463,
      "1个月": -0.019461,
      "1年": 0.189631,
      "QTD": -0.008768,
      "YTD": -0.008768
    },
    "纳指": {
      "收盘价": 607.77002,
      "1天": 1.6e-05,
      "1星期": 0.01029,
      "1个月": -0.003084,
      "1年": 0.2421,
      "QTD": -0.008726,
      "YTD": -0.008726
    },
    "道指": {
      "收盘价": 477.700012,
      "1天": -0.000377,
      "1星期": -0.016106,
      "1个月": -0.04538,
      "1年": 0.132563,
      "QTD": -0.010677,
      "YTD": -0.010677
    },
    "黄金": {
      "收盘价": 477.859985,
      "1天": 0.01128,
      "1星期": 0.020763,
      "1个月": 0.049181,
      "1年": 0.780469,
      "QTD": 0.199809,
      "YTD": 0.199809
    },
    "WTI原油": {
      "收盘价": 105.860001,
      "1天": 0.014665,
      "1星期": 0.173614,
      "1个月": 0.374984,
      "1年": 0.468442,
      "QTD": 0.535093,
      "YTD": 0.535093
    },
    "VIX": {
      "收盘价": 24.93,
      "1天": -0.022353,
      "1星期": 0.0577,
      "1个月": 0.223859,
      "1年": 0.066752,
      "QTD": 0.718125,
      "YTD": 0.718125
    },
    "罗素2000": {
      "收盘价": 253.360001,
      "1天": -0.001025,
      "1星期": -0.022682,
      "1个月": -0.043997,
      "1年": 0.244036,
      "QTD": 0.01841,
      "YTD": 0.01841
    },
    "比特币": {
      "收盘价": 69499.171875,
      "1天": 0.016034,
      "1星期": -0.018943,
      "1个月": 0.029706,
      "1年": -0.342476,
      "QTD": -0.216752,
      "YTD": -0.216752
    },
    "通讯服务": {
      "收盘价": 121.410004,
      "1天": 0.006883,
      "1星期": 0.005966,
      "1个月": -0.00107,
      "1年": 0.225863,
      "QTD": 0.004468,
      "YTD": 0.004468
    },
    "非必需品消费": {
      "收盘价": 114.440002,
      "1天": -0.001309,
      "1星期": 0.0007,
      "1个月": -0.030087,
      "1年": 0.122479,
      "QTD": -0.033038,
      "YTD": -0.033038
    },
    "必需品消费": {
      "收盘价": 85.720001,
      "1天": -0.002908,
      "1星期": -0.023023,
      "1个月": -0.025244,
      "1年": 0.062774,
      "QTD": 0.103359,
      "YTD": 0.103359
    },
    "能源": {
      "收盘价": 55.599998,
      "1天": -0.012784,
      "1星期": -0.016277,
      "1个月": 0.044131,
      "1年": 0.314358,
      "QTD": 0.217963,
      "YTD": 0.217963
    },
    "银行": {
      "收盘价": 78.879997,
      "1天": -0.000127,
      "1星期": -0.037344,
      "1个月": -0.12936,
      "1年": 0.270517,
      "QTD": -0.080224,
      "YTD": -0.080224
    },
    "公共事业": {
      "收盘价": 46.560001,
      "1天": -0.00619,
      "1星期": -0.010835,
      "1个月": 0.074049,
      "1年": 0.239228,
      "QTD": 0.078277,
      "YTD": 0.078277
    },
    "REITS": {
      "收盘价": 99.120003,
      "1天": -0.001109,
      "1星期": -0.018225,
      "1个月": 0.01495,
      "1年": 0.047395,
      "QTD": 0.05458,
      "YTD": 0.05458
    },
    "科技": {
      "收盘价": 139.759995,
      "1天": 0.0,
      "1星期": 0.016436,
      "1个月": -0.009707,
      "1年": 0.287001,
      "QTD": -0.031462,
      "YTD": -0.031462
    },
    "医疗": {
      "收盘价": 153.149994,
      "1天": -0.007196,
      "1星期": -0.022904,
      "1个月": -0.028914,
      "1年": 0.043969,
      "QTD": -0.015176,
      "YTD": -0.015176
    },
    "趋势板块": {
      "收盘价": 248.279999,
      "1天": 0.004206,
      "1星期": 0.005142,
      "1个月": -0.020553,
      "1年": 0.226829,
      "QTD": -0.017608,
      "YTD": -0.017608
    },
    "保险板块": {
      "收盘价": 132.199997,
      "1天": -0.000378,
      "1星期": -0.031218,
      "1个月": -0.031998,
      "1年": 0.001092,
      "QTD": -0.020958,
      "YTD": -0.020958
    },
    "芯片": {
      "收盘价": 338.809998,
      "1天": 0.007254,
      "1星期": 0.012038,
      "1个月": -0.027833,
      "1年": 0.673782,
      "QTD": 0.080079,
      "YTD": 0.080079
    },
    "罗素1000价值": {
      "收盘价": 218.070007,
      "1天": -0.002972,
      "1星期": -0.018896,
      "1个月": -0.028944,
      "1年": 0.170569,
      "QTD": 0.027663,
      "YTD": 0.027663
    },
    "罗素1000成长": {
      "收盘价": 451.369995,
      "1天": -0.002365,
      "1星期": 0.00604,
      "1个月": -0.011974,
      "1年": 0.196173,
      "QTD": -0.043221,
      "YTD": -0.043221
    },
    "前7大科技": {
      "收盘价": 61.93,
      "1天": 0.003402,
      "1星期": 0.010442,
      "1个月": -0.018698,
      "1年": 0.286106,
      "QTD": -0.052334,
      "YTD": -0.052334
    },
    "标普等权指数": {
      "收盘价": 197.220001,
      "1天": -0.007498,
      "1星期": -0.02405,
      "1个月": -0.024918,
      "1年": 0.13553,
      "QTD": 0.022607,
      "YTD": 0.022607
    },
    "垃圾债券利差": {
      "收盘价": 3.19,
      "1天": 0.06,
      "1星期": 0.16,
      "1个月": 0.35,
      "1年": 0.14
    },
    "PUT/CALL": {
      "收盘价": 1.05,
      "1天": -0.32,
      "1星期": -0.01,
      "1个月": 0.23,
      "1年": 0.19
    }
  }
}