{
  "updateTime": "2026-02-25 22:29:28",
  "assets": {
    "美元": {
      "收盘价": 97.674004,
      "1天": -0.002105,
      "1星期": -0.000266,
      "1个月": 0.006533,
      "1年": -0.081234,
      "QTD": -0.00758,
      "YTD": -0.00758
    },
    "2年美债": {
      "收盘价": 3.588,
      "1天": 0.0,
      "1星期": -0.004163,
      "1个月": 0.003636,
      "1年": -0.143675,
      "QTD": 0.015568,
      "YTD": 0.015568
    },
    "10年美债": {
      "收盘价": 4.048,
      "1天": 0.003719,
      "1星期": -0.0076,
      "1个月": -0.039164,
      "1年": -0.078534,
      "QTD": -0.033198,
      "YTD": -0.033198
    },
    "TLT": {
      "收盘价": 89.910004,
      "1天": 0.000111,
      "1星期": 0.004244,
      "1个月": 0.02155,
      "1年": 0.045238,
      "QTD": 0.037044,
      "YTD": 0.037044
    },
    "标普500": {
      "收盘价": 693.150024,
      "1天": 0.008438,
      "1星期": 0.009996,
      "1个月": 0.000606,
      "1年": 0.174277,
      "QTD": 0.014608,
      "YTD": 0.014608
    },
    "纳指": {
      "收盘价": 616.679993,
      "1天": 0.014493,
      "1星期": 0.017977,
      "1个月": -0.014038,
      "1年": 0.192236,
      "QTD": 0.005806,
      "YTD": 0.005806
    },
    "道指": {
      "收盘价": 494.820007,
      "1天": 0.006161,
      "1星期": -0.00315,
      "1个月": 0.002782,
      "1年": 0.156224,
      "QTD": 0.024779,
      "YTD": 0.024779
    },
    "黄金": {
      "收盘价": 473.420013,
      "1天": -0.002507,
      "1星期": 0.033037,
      "1个月": 0.018765,
      "1年": 0.739172,
      "QTD": 0.188661,
      "YTD": 0.188661
    },
    "WTI原油": {
      "收盘价": 79.730003,
      "1天": -0.012754,
      "1星期": 0.004156,
      "1个月": 0.085057,
      "1年": 0.049493,
      "QTD": 0.156178,
      "YTD": 0.156178
    },
    "VIX": {
      "收盘价": 17.93,
      "1天": -0.082864,
      "1星期": -0.086137,
      "1个月": 0.110217,
      "1年": -0.055321,
      "QTD": 0.2357,
      "YTD": 0.2357
    },
    "罗素2000": {
      "收盘价": 264.579987,
      "1天": 0.004747,
      "1星期": 0.002235,
      "1个月": 0.002273,
      "1年": 0.237365,
      "QTD": 0.06351,
      "YTD": 0.06351
    },
    "比特币": {
      "收盘价": 68908.789062,
      "1天": 0.075355,
      "1星期": 0.013284,
      "1个月": -0.056299,
      "1年": -0.342996,
      "QTD": -0.223405,
      "YTD": -0.223405
    },
    "通讯服务": {
      "收盘价": 121.290001,
      "1天": 0.005138,
      "1星期": 0.010666,
      "1个月": -0.011088,
      "1年": 0.204478,
      "QTD": 0.003475,
      "YTD": 0.003475
    },
    "非必需品消费": {
      "收盘价": 117.089996,
      "1天": 0.002998,
      "1星期": 0.000598,
      "1个月": -0.042757,
      "1年": 0.085656,
      "QTD": -0.010646,
      "YTD": -0.010646
    },
    "必需品消费": {
      "收盘价": 89.010002,
      "1天": -0.008135,
      "1星期": 0.011018,
      "1个月": 0.07526,
      "1年": 0.109321,
      "QTD": 0.145707,
      "YTD": 0.145707
    },
    "能源": {
      "收盘价": 54.869999,
      "1天": -0.004174,
      "1星期": 0.001643,
      "1个月": 0.114791,
      "1年": 0.2469,
      "QTD": 0.201971,
      "YTD": 0.201971
    },
    "银行": {
      "收盘价": 85.110001,
      "1天": 0.024188,
      "1星期": -0.024974,
      "1个月": -0.000235,
      "1年": 0.270703,
      "QTD": -0.007579,
      "YTD": -0.007579
    },
    "公共事业": {
      "收盘价": 47.360001,
      "1天": 0.00339,
      "1星期": 0.038369,
      "1个月": 0.104735,
      "1年": 0.219803,
      "QTD": 0.096804,
      "YTD": 0.096804
    },
    "REITS": {
      "收盘价": 100.370003,
      "1天": -0.003871,
      "1星期": 0.0036,
      "1个月": 0.046175,
      "1年": 0.064556,
      "QTD": 0.06788,
      "YTD": 0.06788
    },
    "科技": {
      "收盘价": 143.009995,
      "1天": 0.01917,
      "1星期": 0.014903,
      "1个月": -0.021016,
      "1年": 0.24315,
      "QTD": -0.00894,
      "YTD": -0.00894
    },
    "医疗": {
      "收盘价": 157.830002,
      "1天": -0.000253,
      "1星期": 0.001015,
      "1个月": -0.001708,
      "1年": 0.08797,
      "QTD": 0.014919,
      "YTD": 0.014919
    },
    "趋势板块": {
      "收盘价": 256.380005,
      "1天": 0.016816,
      "1星期": 0.011401,
      "1个月": -0.002218,
      "1年": 0.189386,
      "QTD": 0.014442,
      "YTD": 0.014442
    },
    "保险板块": {
      "收盘价": 135.145004,
      "1天": 0.000926,
      "1星期": -0.001662,
      "1个月": 0.028188,
      "1年": 0.054886,
      "QTD": 0.000852,
      "YTD": 0.000852
    },
    "芯片": {
      "收盘价": 368.0,
      "1天": 0.016462,
      "1星期": 0.028163,
      "1个月": 0.072667,
      "1年": 0.694387,
      "QTD": 0.173133,
      "YTD": 0.173133
    },
    "罗素1000价值": {
      "收盘价": 225.039993,
      "1天": 0.002897,
      "1星期": 0.003254,
      "1个月": 0.027064,
      "1年": 0.187941,
      "QTD": 0.060509,
      "YTD": 0.060509
    },
    "罗素1000成长": {
      "收盘价": 458.5,
      "1天": 0.012902,
      "1星期": 0.013999,
      "1个月": -0.026911,
      "1年": 0.148697,
      "QTD": -0.028108,
      "YTD": -0.028108
    },
    "前7大科技": {
      "收盘价": 63.27,
      "1天": 0.015407,
      "1星期": 0.025612,
      "1个月": -0.0402,
      "1年": 0.215887,
      "QTD": -0.031829,
      "YTD": -0.031829
    },
    "标普等权指数": {
      "收盘价": 203.580002,
      "1天": 0.00059,
      "1星期": 4.9e-05,
      "1个月": 0.021783,
      "1年": 0.150786,
      "QTD": 0.055584,
      "YTD": 0.055584
    },
    "垃圾债券利差": {
      "收盘价": 2.97,
      "1天": 0.02,
      "1星期": 0.03,
      "1个月": 0.26,
      "1年": -0.19
    },
    "PUT/CALL": {
      "收盘价": 1.05,
      "1天": -0.32,
      "1星期": -0.01,
      "1个月": 0.23,
      "1年": 0.19
    }
  }
}