{
  "updateTime": "2026-03-23 22:28:18",
  "assets": {
    "美元": {
      "收盘价": 99.147003,
      "1天": -0.005048,
      "1星期": -0.005646,
      "1个月": 0.013773,
      "1年": -0.047488,
      "QTD": 0.007387,
      "YTD": 0.007387
    },
    "2年美债": {
      "收盘价": 3.612,
      "1天": -0.001658,
      "1星期": 0.001942,
      "1个月": 0.004729,
      "1年": -0.136298,
      "QTD": 0.022361,
      "YTD": 0.022361
    },
    "10年美债": {
      "收盘价": 4.334,
      "1天": -0.012981,
      "1星期": 0.027014,
      "1个月": 0.060695,
      "1年": 0.02386,
      "QTD": 0.035109,
      "YTD": 0.035109
    },
    "TLT": {
      "收盘价": 86.385002,
      "1天": 0.006466,
      "1星期": -0.00946,
      "1个月": -0.03062,
      "1年": -0.010645,
      "QTD": -0.000301,
      "YTD": -0.000301
    },
    "标普500": {
      "收盘价": 655.380005,
      "1天": 0.0105,
      "1星期": -0.017727,
      "1个月": -0.046793,
      "1年": 0.175772,
      "QTD": -0.038058,
      "YTD": -0.038058
    },
    "纳指": {
      "收盘价": 588.0,
      "1天": 0.010205,
      "1星期": -0.02062,
      "1个月": -0.034181,
      "1年": 0.233114,
      "QTD": -0.040971,
      "YTD": -0.040971
    },
    "道指": {
      "收盘价": 461.970001,
      "1天": 0.013337,
      "1星期": -0.01559,
      "1个月": -0.066747,
      "1年": 0.118903,
      "QTD": -0.041187,
      "YTD": -0.041187
    },
    "黄金": {
      "收盘价": 404.040009,
      "1天": -0.022594,
      "1星期": -0.122472,
      "1个月": -0.137809,
      "1年": 0.439145,
      "QTD": 0.014462,
      "YTD": 0.014462
    },
    "WTI原油": {
      "收盘价": 110.559998,
      "1天": -0.089517,
      "1星期": -0.038859,
      "1个月": 0.367471,
      "1年": 0.499525,
      "QTD": 0.603248,
      "YTD": 0.603248
    },
    "VIX": {
      "收盘价": 26.15,
      "1天": -0.023525,
      "1星期": 0.112293,
      "1个月": 0.369827,
      "1年": 0.320707,
      "QTD": 0.802205,
      "YTD": 0.802205
    },
    "罗素2000": {
      "收盘价": 247.449997,
      "1天": 0.021592,
      "1星期": -0.004137,
      "1个月": -0.063187,
      "1年": 0.219724,
      "QTD": -0.003577,
      "YTD": -0.003577
    },
    "比特币": {
      "收盘价": 70652.179688,
      "1天": 0.041373,
      "1星期": -0.008329,
      "1个月": 0.027282,
      "1年": -0.410493,
      "QTD": -0.203757,
      "YTD": -0.203757
    },
    "通讯服务": {
      "收盘价": 116.5,
      "1天": 0.009007,
      "1星期": -0.025675,
      "1个月": -0.042177,
      "1年": 0.219154,
      "QTD": -0.036155,
      "YTD": -0.036155
    },
    "非必需品消费": {
      "收盘价": 110.120003,
      "1天": 0.02209,
      "1星期": -0.018538,
      "1个月": -0.062409,
      "1年": 0.129132,
      "QTD": -0.069539,
      "YTD": -0.069539
    },
    "必需品消费": {
      "收盘价": 81.18,
      "1天": -0.001353,
      "1星期": -0.044716,
      "1个月": -0.076345,
      "1年": 0.050875,
      "QTD": 0.044922,
      "YTD": 0.044922
    },
    "能源": {
      "收盘价": 59.630001,
      "1天": 0.005395,
      "1星期": 0.029879,
      "1个月": 0.086552,
      "1年": 0.322781,
      "QTD": 0.306243,
      "YTD": 0.306243
    },
    "银行": {
      "收盘价": 77.68,
      "1天": 0.007784,
      "1星期": 0.016488,
      "1个月": -0.107947,
      "1年": 0.25316,
      "QTD": -0.094216,
      "YTD": -0.094216
    },
    "公共事业": {
      "收盘价": 44.779999,
      "1天": 0.002911,
      "1星期": -0.052476,
      "1个月": -0.033456,
      "1年": 0.162229,
      "QTD": 0.037054,
      "YTD": 0.037054
    },
    "REITS": {
      "收盘价": 94.110001,
      "1天": 0.007063,
      "1星期": -0.039449,
      "1个月": -0.061327,
      "1年": 0.010719,
      "QTD": 0.004087,
      "YTD": 0.004087
    },
    "科技": {
      "收盘价": 136.949997,
      "1天": 0.01227,
      "1星期": -0.013186,
      "1个月": -0.027896,
      "1年": 0.291622,
      "QTD": -0.050936,
      "YTD": -0.050936
    },
    "医疗": {
      "收盘价": 144.770004,
      "1天": -0.003853,
      "1星期": -0.041322,
      "1个月": -0.07684,
      "1年": 0.002084,
      "QTD": -0.069063,
      "YTD": -0.069063
    },
    "趋势板块": {
      "收盘价": 244.520004,
      "1天": 0.012421,
      "1星期": -0.00827,
      "1个月": -0.03941,
      "1年": 0.208936,
      "QTD": -0.031618,
      "YTD": -0.031618
    },
    "保险板块": {
      "收盘价": 128.110001,
      "1天": 0.008264,
      "1星期": -0.012289,
      "1个月": -0.041121,
      "1年": -0.024481,
      "QTD": -0.036648,
      "YTD": -0.036648
    },
    "芯片": {
      "收盘价": 336.589996,
      "1天": 0.01227,
      "1星期": -0.003057,
      "1个月": -0.062968,
      "1年": 0.681178,
      "QTD": 0.073663,
      "YTD": 0.073663
    },
    "罗素1000价值": {
      "收盘价": 213.130005,
      "1天": 0.008613,
      "1星期": -0.012322,
      "1个月": -0.050291,
      "1年": 0.15374,
      "QTD": 0.008204,
      "YTD": 0.008204
    },
    "罗素1000成长": {
      "收盘价": 434.019989,
      "1天": 0.015394,
      "1星期": -0.020647,
      "1个月": -0.042872,
      "1年": 0.183238,
      "QTD": -0.079189,
      "YTD": -0.079189
    },
    "前7大科技": {
      "收盘价": 59.279999,
      "1天": 0.01559,
      "1星期": -0.026281,
      "1个月": -0.053035,
      "1年": 0.288566,
      "QTD": -0.092884,
      "YTD": -0.092884
    },
    "标普等权指数": {
      "收盘价": 191.690002,
      "1天": 0.006352,
      "1星期": -0.016773,
      "1个月": -0.060757,
      "1年": 0.116645,
      "QTD": -0.006067,
      "YTD": -0.006067
    },
    "PUT/CALL": {
      "收盘价": 1.05,
      "1天": -0.32,
      "1星期": -0.01,
      "1个月": 0.23,
      "1年": 0.19
    }
  }
}