{
  "updateTime": "2026-03-09 22:24:46",
  "assets": {
    "美元": {
      "收盘价": 99.175003,
      "1天": 0.001869,
      "1星期": 0.008081,
      "1个月": 0.013852,
      "1年": -0.044925,
      "QTD": 0.007671,
      "YTD": 0.007671
    },
    "2年美债": {
      "收盘价": 3.593,
      "1天": 0.006443,
      "1星期": 0.000836,
      "1个月": 0.004192,
      "1年": -0.143912,
      "QTD": 0.016983,
      "YTD": 0.016983
    },
    "10年美债": {
      "收盘价": 4.136,
      "1天": 0.000726,
      "1星期": 0.021739,
      "1个月": -0.017577,
      "1年": -0.034998,
      "QTD": -0.01218,
      "YTD": -0.01218
    },
    "TLT": {
      "收盘价": 89.230003,
      "1天": 0.008705,
      "1星期": -0.004241,
      "1个月": 0.023396,
      "1年": 0.027504,
      "QTD": 0.028688,
      "YTD": 0.028688
    },
    "标普500": {
      "收盘价": 678.27002,
      "1天": 0.00876,
      "1星期": -0.011816,
      "1个月": 0.000959,
      "1年": 0.198224,
      "QTD": -0.007172,
      "YTD": -0.007172
    },
    "纳指": {
      "收盘价": 607.76001,
      "1天": 0.013356,
      "1星期": -0.000543,
      "1个月": 0.017972,
      "1年": 0.251213,
      "QTD": -0.008742,
      "YTD": -0.008742
    },
    "道指": {
      "收盘价": 477.880005,
      "1天": 0.005576,
      "1星期": -0.0231,
      "1个月": -0.021347,
      "1年": 0.139268,
      "QTD": -0.010304,
      "YTD": -0.010304
    },
    "黄金": {
      "收盘价": 472.529999,
      "1天": -0.00207,
      "1星期": -0.035653,
      "1个月": 0.069363,
      "1年": 0.761528,
      "QTD": 0.186427,
      "YTD": 0.186427
    },
    "WTI原油": {
      "收盘价": 104.330002,
      "1天": -0.04082,
      "1星期": 0.196582,
      "1个月": 0.360412,
      "1年": 0.466751,
      "QTD": 0.512906,
      "YTD": 0.512906
    },
    "VIX": {
      "收盘价": 25.5,
      "1天": -0.1353,
      "1星期": 0.189366,
      "1个月": 0.171337,
      "1年": 0.025332,
      "QTD": 0.757409,
      "YTD": 0.757409
    },
    "罗素2000": {
      "收盘价": 253.619995,
      "1天": 0.010881,
      "1星期": -0.038626,
      "1个月": -0.008639,
      "1年": 0.249377,
      "QTD": 0.019455,
      "YTD": 0.019455
    },
    "比特币": {
      "收盘价": 68776.226562,
      "1天": 0.042541,
      "1星期": -0.05411,
      "1个月": -0.000972,
      "1年": -0.358043,
      "QTD": -0.224899,
      "YTD": -0.224899
    },
    "通讯服务": {
      "收盘价": 120.580002,
      "1天": 0.005168,
      "1星期": -0.006018,
      "1个月": -0.012772,
      "1年": 0.223714,
      "QTD": -0.002399,
      "YTD": -0.002399
    },
    "非必需品消费": {
      "收盘价": 114.589996,
      "1天": 0.001311,
      "1星期": -0.007191,
      "1个月": -0.024849,
      "1年": 0.121877,
      "QTD": -0.03177,
      "YTD": -0.03177
    },
    "必需品消费": {
      "收盘价": 85.970001,
      "1天": 0.002215,
      "1星期": -0.030887,
      "1个月": -0.01093,
      "1年": 0.069358,
      "QTD": 0.106577,
      "YTD": 0.106577
    },
    "能源": {
      "收盘价": 56.32,
      "1天": -0.004419,
      "1星期": -0.012623,
      "1个月": 0.078721,
      "1年": 0.354146,
      "QTD": 0.233735,
      "YTD": 0.233735
    },
    "银行": {
      "收盘价": 78.889999,
      "1天": -0.002529,
      "1星期": -0.042946,
      "1个月": -0.104845,
      "1年": 0.264313,
      "QTD": -0.080107,
      "YTD": -0.080107
    },
    "公共事业": {
      "收盘价": 46.849998,
      "1天": 0.002353,
      "1星期": -0.010977,
      "1个月": 0.087007,
      "1年": 0.270117,
      "QTD": 0.084993,
      "YTD": 0.084993
    },
    "REITS": {
      "收盘价": 99.230003,
      "1天": 0.002121,
      "1星期": -0.02275,
      "1个月": 0.032141,
      "1年": 0.055414,
      "QTD": 0.055751,
      "YTD": 0.055751
    },
    "科技": {
      "收盘价": 139.759995,
      "1天": 0.017991,
      "1星期": 0.001577,
      "1个月": 0.03045,
      "1年": 0.305641,
      "QTD": -0.031462,
      "YTD": -0.031462
    },
    "医疗": {
      "收盘价": 154.259995,
      "1天": 0.010216,
      "1星期": -0.026935,
      "1个月": -0.003746,
      "1年": 0.051606,
      "QTD": -0.008038,
      "YTD": -0.008038
    },
    "趋势板块": {
      "收盘价": 247.240005,
      "1天": 0.023853,
      "1星期": -0.025463,
      "1个月": 0.012739,
      "1年": 0.221392,
      "QTD": -0.021723,
      "YTD": -0.021723
    },
    "保险板块": {
      "收盘价": 132.25,
      "1天": -0.01431,
      "1星期": -0.038601,
      "1个月": -0.032907,
      "1年": 0.002889,
      "QTD": -0.020588,
      "YTD": -0.020588
    },
    "芯片": {
      "收盘价": 336.369995,
      "1天": 0.039751,
      "1星期": -0.044539,
      "1个月": 0.016746,
      "1年": 0.710479,
      "QTD": 0.072301,
      "YTD": 0.072301
    },
    "罗素1000价值": {
      "收盘价": 218.720001,
      "1天": 0.004593,
      "1星期": -0.028559,
      "1个月": -0.009555,
      "1年": 0.181659,
      "QTD": 0.030726,
      "YTD": 0.030726
    },
    "罗素1000成长": {
      "收盘价": 452.440002,
      "1天": 0.012034,
      "1星期": 0.002149,
      "1个月": 0.014189,
      "1年": 0.204126,
      "QTD": -0.040953,
      "YTD": -0.040953
    },
    "前7大科技": {
      "收盘价": 61.720001,
      "1天": 0.011969,
      "1星期": 0.001785,
      "1个月": -0.01751,
      "1年": 0.285164,
      "QTD": -0.055547,
      "YTD": -0.055547
    },
    "标普等权指数": {
      "收盘价": 198.710007,
      "1天": 0.002826,
      "1星期": -0.02874,
      "1个月": 0.000755,
      "1年": 0.154828,
      "QTD": 0.030333,
      "YTD": 0.030333
    },
    "垃圾债券利差": {
      "收盘价": 3.13,
      "1天": 0.13,
      "1星期": 0.01,
      "1个月": 0.26,
      "1年": -0.08
    },
    "PUT/CALL": {
      "收盘价": 1.05,
      "1天": -0.32,
      "1星期": -0.01,
      "1个月": 0.23,
      "1年": 0.19
    }
  }
}