{
  "updateTime": "2026-06-03 23:29:23",
  "assets": {
    "美元": {
      "收盘价": 99.550003,
      "1天": 0.003326,
      "1星期": 0.003427,
      "1个月": 0.010968,
      "1年": 0.008612,
      "QTD": -0.001003,
      "YTD": 0.011481
    },
    "2年美债": {
      "收盘价": 3.623,
      "1天": 0.001382,
      "1星期": 0.0106,
      "1个月": 0.009192,
      "1年": -0.143904,
      "QTD": 0.004993,
      "YTD": 0.025474
    },
    "10年美债": {
      "收盘价": 4.491,
      "1天": 0.008081,
      "1星期": 0.002232,
      "1个月": 0.010121,
      "1年": 0.006499,
      "QTD": 0.039824,
      "YTD": 0.072606
    },
    "TLT": {
      "收盘价": 85.309998,
      "1天": -0.00397,
      "1星期": 0.004051,
      "1个月": 0.008069,
      "1年": 0.047451,
      "QTD": -0.003457,
      "YTD": -0.001224
    },
    "标普500": {
      "收盘价": 754.23999,
      "1天": -0.007017,
      "1星期": 0.005037,
      "1个月": 0.050459,
      "1年": 0.287115,
      "QTD": 0.15109,
      "YTD": 0.107045
    },
    "纳指": {
      "收盘价": 744.210022,
      "1天": -0.002613,
      "1星期": 0.020234,
      "1个月": 0.106007,
      "1年": 0.429277,
      "QTD": 0.273656,
      "YTD": 0.215339
    },
    "道指": {
      "收盘价": 508.26001,
      "1天": -0.011263,
      "1星期": 0.002723,
      "1个月": 0.03877,
      "1年": 0.217918,
      "QTD": 0.092971,
      "YTD": 0.055917
    },
    "黄金": {
      "收盘价": 407.869995,
      "1天": -0.009904,
      "1星期": -0.001518,
      "1个月": -0.016493,
      "1年": 0.30866,
      "QTD": -0.068407,
      "YTD": 0.024079
    },
    "WTI原油": {
      "收盘价": 140.860001,
      "1天": 0.026153,
      "1星期": 0.075021,
      "1个月": -0.045729,
      "1年": 1.025305,
      "QTD": 0.135144,
      "YTD": 1.042633
    },
    "VIX": {
      "收盘价": 16.059999,
      "1天": 0.018389,
      "1星期": -0.014119,
      "1个月": -0.075949,
      "1年": -0.092143,
      "QTD": -0.345558,
      "YTD": 0.106823
    },
    "罗素2000": {
      "收盘价": 287.670013,
      "1天": -0.01368,
      "1星期": -0.009298,
      "1个月": 0.035231,
      "1年": 0.413495,
      "QTD": 0.152709,
      "YTD": 0.15838
    },
    "比特币": {
      "收盘价": 64385.738281,
      "1天": -0.034749,
      "1星期": -0.122482,
      "1个月": -0.18784,
      "1年": -0.431867,
      "QTD": -0.054243,
      "YTD": -0.27438
    },
    "通讯服务": {
      "收盘价": 121.349998,
      "1天": -0.010277,
      "1星期": -0.026162,
      "1个月": -0.01229,
      "1年": 0.175961,
      "QTD": 0.051195,
      "YTD": 0.003971
    },
    "非必需品消费": {
      "收盘价": 116.730003,
      "1天": -0.007313,
      "1星期": -0.039654,
      "1个月": -0.00841,
      "1年": 0.098018,
      "QTD": 0.063115,
      "YTD": -0.011707
    },
    "必需品消费": {
      "收盘价": 82.160004,
      "1天": 0.004033,
      "1星期": -0.028612,
      "1个月": -0.016519,
      "1年": 0.018727,
      "QTD": 0.008593,
      "YTD": 0.063489
    },
    "能源": {
      "收盘价": 58.709999,
      "1天": 0.01294,
      "1星期": 0.030181,
      "1个月": -0.01145,
      "1年": 0.467188,
      "QTD": -0.004409,
      "YTD": 0.294493
    },
    "银行": {
      "收盘价": 87.160004,
      "1天": -0.013916,
      "1星期": 0.006699,
      "1个月": 0.021446,
      "1年": 0.360671,
      "QTD": 0.087597,
      "YTD": 0.022827
    },
    "公共事业": {
      "收盘价": 43.709999,
      "1天": -0.004328,
      "1星期": -0.031679,
      "1个月": -0.057365,
      "1年": 0.094033,
      "QTD": -0.052049,
      "YTD": 0.019351
    },
    "REITS": {
      "收盘价": 100.0,
      "1天": 0.0001,
      "1星期": -0.027143,
      "1个月": -0.016039,
      "1年": 0.082265,
      "QTD": 0.053963,
      "YTD": 0.066929
    },
    "科技": {
      "收盘价": 196.229996,
      "1天": -0.009989,
      "1星期": 0.063981,
      "1个月": 0.210923,
      "1年": 0.694367,
      "QTD": 0.454525,
      "YTD": 0.361566
    },
    "医疗": {
      "收盘价": 147.550003,
      "1天": 0.007855,
      "1星期": -0.008334,
      "1个月": 0.019485,
      "1年": 0.131566,
      "QTD": -0.001218,
      "YTD": -0.047286
    },
    "趋势板块": {
      "收盘价": 329.5,
      "1天": 0.010643,
      "1星期": 0.051607,
      "1个月": 0.159028,
      "1年": 0.422504,
      "QTD": 0.343582,
      "YTD": 0.304932
    },
    "保险板块": {
      "收盘价": 127.970001,
      "1天": -0.00883,
      "1星期": -0.024693,
      "1个月": -0.022682,
      "1年": -0.042863,
      "QTD": 0.002821,
      "YTD": -0.0377
    },
    "芯片": {
      "收盘价": 615.679993,
      "1天": 0.017619,
      "1星期": 0.09167,
      "1个月": 0.332468,
      "1年": 1.978483,
      "QTD": 0.818633,
      "YTD": 0.963911
    },
    "罗素1000价值": {
      "收盘价": 239.300003,
      "1天": -8.4e-05,
      "1星期": 0.005758,
      "1个月": 0.042247,
      "1年": 0.289098,
      "QTD": 0.113334,
      "YTD": 0.132
    },
    "罗素1000成长": {
      "收盘价": 126.629997,
      "1天": -0.012939,
      "1星期": 0.007318,
      "1个月": 0.056835,
      "1年": 0.264942,
      "QTD": 0.177652,
      "YTD": 0.074626
    },
    "前7大科技": {
      "收盘价": 68.419998,
      "1天": -0.010843,
      "1星期": -0.027158,
      "1个月": 0.021651,
      "1年": 0.316602,
      "QTD": 0.165985,
      "YTD": 0.046978
    },
    "标普等权指数": {
      "收盘价": 209.25,
      "1天": -0.003761,
      "1星期": 0.008482,
      "1个月": 0.037741,
      "1年": 0.204987,
      "QTD": 0.086787,
      "YTD": 0.089629
    },
    "PUT/CALL": {
      "收盘价": 1.05,
      "1天": -0.32,
      "1星期": -0.01,
      "1个月": 0.23,
      "1年": 0.19
    }
  }
}