{
  "updateTime": "2026-06-11 23:19:09",
  "assets": {
    "美元": {
      "收盘价": 99.949997,
      "1天": 0.0004,
      "1星期": 0.00422,
      "1个月": 0.020523,
      "1年": 0.010208,
      "QTD": 0.00301,
      "YTD": 0.015546
    },
    "2年美债": {
      "收盘价": 3.623,
      "1天": -0.003301,
      "1星期": 0.000829,
      "1个月": 0.005551,
      "1年": -0.147529,
      "QTD": 0.004993,
      "YTD": 0.025474
    },
    "10年美债": {
      "收盘价": 4.463,
      "1天": -0.017393,
      "1星期": -0.003127,
      "1个月": 0.0,
      "1年": -0.002459,
      "QTD": 0.033341,
      "YTD": 0.065918
    },
    "TLT": {
      "收盘价": 85.980003,
      "1天": 0.01296,
      "1星期": 0.005614,
      "1个月": 0.015628,
      "1年": 0.046827,
      "QTD": 0.00437,
      "YTD": 0.00662
    },
    "标普500": {
      "收盘价": 737.76001,
      "1天": 0.016997,
      "1星期": -0.025532,
      "1个月": -0.000569,
      "1年": 0.237344,
      "QTD": 0.125939,
      "YTD": 0.082856
    },
    "纳指": {
      "收盘价": 717.119995,
      "1天": 0.033776,
      "1星期": -0.031717,
      "1个月": 0.01397,
      "1年": 0.348891,
      "QTD": 0.227294,
      "YTD": 0.171099
    },
    "道指": {
      "收盘价": 509.359985,
      "1天": 0.018211,
      "1星期": -0.014206,
      "1个月": 0.023601,
      "1年": 0.203791,
      "QTD": 0.095336,
      "YTD": 0.058202
    },
    "黄金": {
      "收盘价": 386.320007,
      "1天": 0.031342,
      "1星期": -0.060666,
      "1个月": -0.107662,
      "1年": 0.259561,
      "QTD": -0.117628,
      "YTD": -0.030029
    },
    "WTI原油": {
      "收盘价": 128.830002,
      "1天": -0.04073,
      "1星期": -0.057847,
      "1个月": -0.107207,
      "1年": 0.799302,
      "QTD": 0.038198,
      "YTD": 0.868185
    },
    "VIX": {
      "收盘价": 19.440001,
      "1天": -0.125112,
      "1星期": 0.262338,
      "1个月": 0.087857,
      "1年": 0.126304,
      "QTD": -0.207824,
      "YTD": 0.339766
    },
    "罗素2000": {
      "收盘价": 290.410004,
      "1天": 0.02964,
      "1星期": -0.005479,
      "1个月": 0.027745,
      "1年": 0.368419,
      "QTD": 0.163688,
      "YTD": 0.169413
    },
    "比特币": {
      "收盘价": 63319.199219,
      "1天": 0.03043,
      "1星期": 0.040281,
      "1个月": -0.183391,
      "1年": -0.475319,
      "QTD": -0.06991,
      "YTD": -0.286399
    },
    "通讯服务": {
      "收盘价": 118.779999,
      "1天": 0.008662,
      "1星期": -0.021178,
      "1个月": -0.035172,
      "1年": 0.119895,
      "QTD": 0.028933,
      "YTD": -0.017291
    },
    "非必需品消费": {
      "收盘价": 116.300003,
      "1天": 0.02476,
      "1星期": -0.008187,
      "1个月": -0.016823,
      "1年": 0.083207,
      "QTD": 0.059199,
      "YTD": -0.015347
    },
    "必需品消费": {
      "收盘价": 85.269997,
      "1天": -0.002573,
      "1星期": 0.039371,
      "1个月": 0.009829,
      "1年": 0.071772,
      "QTD": 0.046771,
      "YTD": 0.103745
    },
    "能源": {
      "收盘价": 57.119999,
      "1天": -0.019399,
      "1星期": -0.027745,
      "1个月": -0.007817,
      "1年": 0.38617,
      "QTD": -0.031372,
      "YTD": 0.259435
    },
    "银行": {
      "收盘价": 91.050003,
      "1天": 0.019026,
      "1星期": 0.007859,
      "1个月": 0.075351,
      "1年": 0.377899,
      "QTD": 0.136137,
      "YTD": 0.068476
    },
    "公共事业": {
      "收盘价": 44.049999,
      "1天": 0.001136,
      "1星期": 0.002503,
      "1个月": -0.025227,
      "1年": 0.120541,
      "QTD": -0.044676,
      "YTD": 0.02728
    },
    "REITS": {
      "收盘价": 103.449997,
      "1天": -0.000676,
      "1星期": 0.016308,
      "1个月": 0.005834,
      "1年": 0.104194,
      "QTD": 0.090325,
      "YTD": 0.103738
    },
    "科技": {
      "收盘价": 183.210007,
      "1天": 0.037253,
      "1星期": -0.051561,
      "1个月": 0.045719,
      "1年": 0.529929,
      "QTD": 0.358016,
      "YTD": 0.271225
    },
    "医疗": {
      "收盘价": 154.089996,
      "1天": 0.008112,
      "1星期": 0.013217,
      "1个月": 0.056496,
      "1年": 0.155941,
      "QTD": 0.043052,
      "YTD": -0.005058
    },
    "趋势板块": {
      "收盘价": 319.01001,
      "1天": 0.046209,
      "1星期": -0.021051,
      "1个月": 0.052005,
      "1年": 0.389955,
      "QTD": 0.300807,
      "YTD": 0.263388
    },
    "保险板块": {
      "收盘价": 134.660004,
      "1天": -0.001335,
      "1星期": 0.040087,
      "1个月": 0.024732,
      "1年": 0.047134,
      "QTD": 0.055246,
      "YTD": 0.012607
    },
    "芯片": {
      "收盘价": 586.929993,
      "1天": 0.083877,
      "1星期": -0.026198,
      "1个月": 0.137483,
      "1年": 1.598452,
      "QTD": 0.733709,
      "YTD": 0.872204
    },
    "罗素1000价值": {
      "收盘价": 239.779999,
      "1天": 0.019299,
      "1星期": -0.005186,
      "1个月": 0.023782,
      "1年": 0.273881,
      "QTD": 0.115567,
      "YTD": 0.134271
    },
    "罗素1000成长": {
      "收盘价": 121.57,
      "1天": 0.015707,
      "1星期": -0.041473,
      "1个月": -0.01443,
      "1年": 0.189103,
      "QTD": 0.130595,
      "YTD": 0.031685
    },
    "前7大科技": {
      "收盘价": 64.910004,
      "1天": 0.010744,
      "1星期": -0.060909,
      "1个月": -0.060909,
      "1年": 0.219683,
      "QTD": 0.106169,
      "YTD": -0.006733
    },
    "标普等权指数": {
      "收盘价": 209.75,
      "1天": 0.015591,
      "1星期": -0.005123,
      "1个月": 0.029145,
      "1年": 0.187423,
      "QTD": 0.089384,
      "YTD": 0.092233
    },
    "PUT/CALL": {
      "收盘价": 1.05,
      "1天": -0.32,
      "1星期": -0.01,
      "1个月": 0.23,
      "1年": 0.19
    }
  }
}