{
  "updateTime": "2026-06-23 23:05:55",
  "assets": {
    "美元": {
      "收盘价": 101.389999,
      "1天": 0.003663,
      "1星期": 0.017665,
      "1个月": 0.02218,
      "1年": 0.02715,
      "3年": -0.006662,
      "QTD": 0.017461,
      "YTD": 0.030177
    },
    "2年美债": {
      "收盘价": 3.69,
      "1天": 0.008748,
      "1星期": 0.019901,
      "1个月": 0.037391,
      "1年": -0.126214,
      "3年": -0.27003,
      "QTD": 0.023578,
      "YTD": 0.044438
    },
    "10年美债": {
      "收盘价": 4.493,
      "1天": 0.009436,
      "1星期": 0.001337,
      "1个月": -0.017279,
      "1年": 0.021833,
      "3年": 0.205204,
      "QTD": 0.040287,
      "YTD": 0.073083
    },
    "TLT": {
      "收盘价": 86.199997,
      "1天": 0.001278,
      "1星期": 0.0056,
      "1个月": 0.027536,
      "1年": 0.042104,
      "3年": -0.048974,
      "QTD": 0.00694,
      "YTD": 0.009196
    },
    "标普500": {
      "收盘价": 733.580017,
      "1天": -0.014522,
      "1星期": -0.025648,
      "1个月": -0.009762,
      "1年": 0.248079,
      "3年": 0.732695,
      "QTD": 0.122444,
      "YTD": 0.079495
    },
    "纳指": {
      "收盘价": 713.650024,
      "1天": -0.032929,
      "1星期": -0.039739,
      "1个月": -0.000106,
      "1年": 0.362664,
      "3年": 0.97621,
      "QTD": 0.222697,
      "YTD": 0.166713
    },
    "道指": {
      "收盘价": 516.619995,
      "1天": -0.00089,
      "1星期": -0.000791,
      "1个月": 0.029655,
      "1年": 0.243531,
      "3年": 0.582882,
      "QTD": 0.11398,
      "YTD": 0.076214
    },
    "黄金": {
      "收盘价": 377.320007,
      "1天": -0.018903,
      "1星期": -0.048493,
      "1个月": -0.095134,
      "1年": 0.216651,
      "3年": 1.07741,
      "QTD": -0.138185,
      "YTD": -0.052626
    },
    "WTI原油": {
      "收盘价": 111.260002,
      "1天": -0.01269,
      "1星期": -0.082089,
      "1个月": -0.219447,
      "1年": 0.338547,
      "3年": 0.728982,
      "QTD": -0.103393,
      "YTD": 0.613399
    },
    "VIX": {
      "收盘价": 19.49,
      "1天": 0.127893,
      "1星期": 0.203086,
      "1个月": 0.167066,
      "1年": -0.017146,
      "3年": 0.404179,
      "QTD": -0.205787,
      "YTD": 0.343212
    },
    "罗素2000": {
      "收盘价": 295.320007,
      "1天": -0.009591,
      "1星期": 0.002308,
      "1个月": 0.047904,
      "1年": 0.426257,
      "3年": 0.64544,
      "QTD": 0.186177,
      "YTD": 0.192013
    },
    "比特币": {
      "收盘价": 62436.761719,
      "1天": -0.023695,
      "1星期": -0.007309,
      "1个月": -0.063968,
      "1年": -0.448042,
      "3年": -0.07608,
      "5年": 2.4813,
      "QTD": -0.082872,
      "YTD": -0.296344
    },
    "通讯服务": {
      "收盘价": 113.93,
      "1天": -0.004195,
      "1星期": -0.04876,
      "1个月": -0.071764,
      "1年": 0.108146,
      "3年": 0.75254,
      "QTD": -0.006311,
      "YTD": -0.050952
    },
    "非必需品消费": {
      "收盘价": 113.760002,
      "1天": -0.010266,
      "1星期": -0.038655,
      "1个月": -0.039708,
      "1年": 0.090636,
      "3年": 0.404146,
      "QTD": 0.03813,
      "YTD": -0.034933
    },
    "必需品消费": {
      "收盘价": 83.720001,
      "1天": 0.018739,
      "1星期": -0.013794,
      "1个月": -0.004242,
      "1年": 0.069269,
      "3年": 0.225033,
      "QTD": 0.034875,
      "YTD": 0.091201
    },
    "能源": {
      "收盘价": 54.459999,
      "1天": 0.007399,
      "1星期": -0.012552,
      "1个月": -0.072336,
      "1年": 0.272505,
      "3年": 0.495942,
      "QTD": -0.069819,
      "YTD": 0.209445
    },
    "银行": {
      "收盘价": 94.120003,
      "1天": 0.006846,
      "1星期": 0.027512,
      "1个月": 0.098758,
      "1年": 0.428922,
      "3年": 1.446628,
      "QTD": 0.180472,
      "YTD": 0.110171
    },
    "公共事业": {
      "收盘价": 45.07,
      "1天": 0.007826,
      "1星期": 0.013809,
      "1个月": 0.007951,
      "1年": 0.154952,
      "3年": 0.477603,
      "QTD": -0.016313,
      "YTD": 0.057779
    },
    "REITS": {
      "收盘价": 102.989998,
      "1天": 0.013581,
      "1星期": -0.000873,
      "1个月": 0.009124,
      "1年": 0.114736,
      "3年": 0.296386,
      "QTD": 0.090807,
      "YTD": 0.104226
    },
    "科技": {
      "收盘价": 184.190002,
      "1天": -0.041426,
      "1星期": -0.038482,
      "1个月": 0.032529,
      "1年": 0.54206,
      "3年": 1.174143,
      "QTD": 0.366908,
      "YTD": 0.279549
    },
    "医疗": {
      "收盘价": 152.179993,
      "1天": 0.014128,
      "1星期": -0.000254,
      "1个月": 0.031732,
      "1年": 0.173282,
      "3年": 0.215354,
      "QTD": 0.034666,
      "YTD": -0.013057
    },
    "趋势板块": {
      "收盘价": 329.76001,
      "1天": -0.044783,
      "1星期": -0.0116,
      "1个月": 0.092548,
      "1年": 0.442046,
      "3年": 1.370707,
      "QTD": 0.346128,
      "YTD": 0.307404
    },
    "保险板块": {
      "收盘价": 138.529999,
      "1天": 0.021909,
      "1星期": 0.025996,
      "1个月": 0.03458,
      "1年": 0.077585,
      "3年": 0.686798,
      "QTD": 0.088737,
      "YTD": 0.044744
    },
    "芯片": {
      "收盘价": 603.390015,
      "1天": -0.078808,
      "1星期": -0.039876,
      "1个月": 0.150495,
      "1年": 1.692931,
      "3年": 2.638703,
      "QTD": 0.783176,
      "YTD": 0.925622
    },
    "罗素1000价值": {
      "收盘价": 240.949997,
      "1天": -0.010594,
      "1星期": -0.011609,
      "1个月": 0.029867,
      "1年": 0.292847,
      "3年": 0.626996,
      "QTD": 0.124545,
      "YTD": 0.143399
    },
    "罗素1000成长": {
      "收盘价": 119.809998,
      "1天": -0.016015,
      "1星期": -0.036587,
      "1个月": -0.038214,
      "1年": 0.193084,
      "3年": 0.786038,
      "QTD": 0.115208,
      "YTD": 0.017645
    },
    "前7大科技": {
      "收盘价": 63.139999,
      "1天": -0.013746,
      "1星期": -0.052237,
      "1个月": -0.091511,
      "1年": 0.212011,
      "3年": 1.172,
      "QTD": 0.076005,
      "YTD": -0.033818
    },
    "标普等权指数": {
      "收盘价": 208.889999,
      "1天": -0.003435,
      "1星期": -0.014943,
      "1个月": 0.024371,
      "1年": 0.200231,
      "3年": 0.480633,
      "QTD": 0.089119,
      "YTD": 0.091967
    },
    "PUT/CALL": {
      "收盘价": 1.05,
      "1天": -0.32,
      "1星期": -0.01,
      "1个月": 0.23,
      "1年": 0.19,
      "3年": 0.15,
      "5年": 0.13
    }
  }
}