{
  "updateTime": "2026-05-28 23:11:43",
  "assets": {
    "美元": {
      "收盘价": 98.992996,
      "1天": -0.002187,
      "1星期": -0.001181,
      "1个月": 0.003782,
      "1年": -0.005295,
      "QTD": -0.006593,
      "YTD": 0.005822
    },
    "2年美债": {
      "收盘价": 3.59,
      "1天": 0.001395,
      "1星期": 0.009278,
      "1个月": 0.0,
      "1年": -0.145848,
      "QTD": -0.004161,
      "YTD": 0.016134
    },
    "10年美债": {
      "收盘价": 4.455,
      "1天": -0.005802,
      "1星期": -0.025591,
      "1个月": 0.023197,
      "1年": 0.004736,
      "QTD": 0.031489,
      "YTD": 0.064008
    },
    "TLT": {
      "收盘价": 85.739998,
      "1天": 0.005158,
      "1星期": 0.021809,
      "1个月": -0.003629,
      "1年": 0.045512,
      "QTD": -0.002358,
      "YTD": -0.000123
    },
    "标普500": {
      "收盘价": 754.599976,
      "1天": 0.005517,
      "1星期": 0.01801,
      "1个月": 0.060293,
      "1年": 0.291128,
      "QTD": 0.151639,
      "YTD": 0.107573
    },
    "纳指": {
      "收盘价": 735.599976,
      "1天": 0.008431,
      "1星期": 0.03148,
      "1个月": 0.118698,
      "1年": 0.418136,
      "QTD": 0.258921,
      "YTD": 0.201278
    },
    "道指": {
      "收盘价": 507.049988,
      "1天": 0.000335,
      "1星期": 0.013613,
      "1个月": 0.032375,
      "1年": 0.214617,
      "QTD": 0.090369,
      "YTD": 0.053403
    },
    "黄金": {
      "收盘价": 412.769989,
      "1天": 0.010478,
      "1星期": -0.011092,
      "1个月": -0.021663,
      "1年": 0.355566,
      "QTD": -0.057215,
      "YTD": 0.036381
    },
    "WTI原油": {
      "收盘价": 130.779999,
      "1天": -0.001908,
      "1星期": -0.093505,
      "1个月": -0.063181,
      "1年": 0.943817,
      "QTD": 0.053913,
      "YTD": 0.896462
    },
    "VIX": {
      "收盘价": 15.74,
      "1天": -0.033763,
      "1星期": -0.060859,
      "1个月": -0.163211,
      "1年": -0.184878,
      "QTD": -0.358598,
      "YTD": 0.084769
    },
    "罗素2000": {
      "收盘价": 292.029999,
      "1天": 0.005717,
      "1星期": 0.043449,
      "1个月": 0.066153,
      "1年": 0.42117,
      "QTD": 0.17018,
      "YTD": 0.175936
    },
    "比特币": {
      "收盘价": 73465.351562,
      "1天": -0.011828,
      "1星期": -0.04184,
      "1个月": -0.081798,
      "1年": -0.372826,
      "QTD": 0.079126,
      "YTD": -0.172053
    },
    "通讯服务": {
      "收盘价": 124.769997,
      "1天": 0.001284,
      "1星期": 0.010038,
      "1个月": 0.02759,
      "1年": 0.216881,
      "QTD": 0.080821,
      "YTD": 0.032266
    },
    "非必需品消费": {
      "收盘价": 122.059998,
      "1天": 0.004196,
      "1星期": 0.034933,
      "1个月": 0.043159,
      "1年": 0.134548,
      "QTD": 0.111658,
      "YTD": 0.033419
    },
    "必需品消费": {
      "收盘价": 84.43,
      "1天": -0.001773,
      "1星期": -0.012746,
      "1个月": 0.016249,
      "1年": 0.053739,
      "QTD": 0.03646,
      "YTD": 0.092872
    },
    "能源": {
      "收盘价": 56.950001,
      "1天": -0.000702,
      "1星期": -0.047659,
      "1个月": -0.013169,
      "1年": 0.421484,
      "QTD": -0.034255,
      "YTD": 0.255687
    },
    "银行": {
      "收盘价": 86.489998,
      "1天": -0.00104,
      "1星期": 0.009689,
      "1个月": -0.004374,
      "1年": 0.338373,
      "QTD": 0.079236,
      "YTD": 0.014964
    },
    "公共事业": {
      "收盘价": 44.630001,
      "1天": -0.011298,
      "1星期": 0.002696,
      "1个月": -0.035027,
      "1年": 0.124036,
      "QTD": -0.032097,
      "YTD": 0.040807
    },
    "REITS": {
      "收盘价": 102.309998,
      "1天": -0.00467,
      "1星期": -0.000977,
      "1个月": 0.005603,
      "1年": 0.117425,
      "QTD": 0.078309,
      "YTD": 0.091575
    },
    "科技": {
      "收盘价": 186.850006,
      "1天": 0.013122,
      "1星期": 0.054815,
      "1个月": 0.183719,
      "1年": 0.618586,
      "QTD": 0.384997,
      "YTD": 0.296482
    },
    "医疗": {
      "收盘价": 150.880005,
      "1天": 0.014047,
      "1星期": 0.025488,
      "1个月": 0.048943,
      "1年": 0.162007,
      "QTD": 0.021323,
      "YTD": -0.025784
    },
    "趋势板块": {
      "收盘价": 314.649994,
      "1天": 0.004213,
      "1星期": 0.050269,
      "1个月": 0.139169,
      "1年": 0.375596,
      "QTD": 0.283029,
      "YTD": 0.246121
    },
    "保险板块": {
      "收盘价": 129.550003,
      "1天": -0.012652,
      "1星期": -0.037161,
      "1个月": -0.028205,
      "1年": -0.015341,
      "QTD": 0.015203,
      "YTD": -0.025819
    },
    "芯片": {
      "收盘价": 569.469971,
      "1天": 0.009734,
      "1星期": 0.094482,
      "1个月": 0.298056,
      "1年": 1.738347,
      "QTD": 0.682135,
      "YTD": 0.816509
    },
    "罗素1000价值": {
      "收盘价": 238.029999,
      "1天": 0.00042,
      "1星期": 0.018092,
      "1个月": 0.048221,
      "1年": 0.279479,
      "QTD": 0.107425,
      "YTD": 0.125993
    },
    "罗素1000成长": {
      "收盘价": 127.120003,
      "1天": 0.011216,
      "1星期": 0.019734,
      "1个月": 0.067585,
      "1年": 0.275741,
      "QTD": 0.182209,
      "YTD": 0.078785
    },
    "前7大科技": {
      "收盘价": 70.870003,
      "1天": 0.007678,
      "1星期": 0.019859,
      "1个月": 0.059976,
      "1年": 0.358851,
      "QTD": 0.207737,
      "YTD": 0.084468
    },
    "标普等权指数": {
      "收盘价": 208.25,
      "1天": 0.003663,
      "1星期": 0.021685,
      "1个月": 0.037308,
      "1年": 0.192408,
      "QTD": 0.081593,
      "YTD": 0.084422
    },
    "PUT/CALL": {
      "收盘价": 1.05,
      "1天": -0.32,
      "1星期": -0.01,
      "1个月": 0.23,
      "1年": 0.19
    }
  }
}