{
  "updateTime": "2026-02-27 22:19:18",
  "assets": {
    "美元": {
      "收盘价": 97.646004,
      "1天": -0.001473,
      "1星期": -0.001575,
      "1个月": 0.0124,
      "1年": -0.089463,
      "QTD": -0.007864,
      "YTD": -0.007864
    },
    "2年美债": {
      "收盘价": 3.578,
      "1天": -0.002787,
      "1星期": -0.004729,
      "1个月": -0.001117,
      "1年": -0.146673,
      "QTD": 0.012737,
      "YTD": 0.012737
    },
    "10年美债": {
      "收盘价": 3.962,
      "1天": -0.013692,
      "1星期": -0.030348,
      "1个月": -0.067984,
      "1年": -0.067545,
      "QTD": -0.053738,
      "YTD": -0.053738
    },
    "TLT": {
      "收盘价": 90.82,
      "1天": 0.006093,
      "1星期": 0.01577,
      "1个月": 0.040724,
      "1年": 0.031821,
      "QTD": 0.04754,
      "YTD": 0.04754
    },
    "标普500": {
      "收盘价": 685.98999,
      "1天": -0.004802,
      "1星期": -0.00499,
      "1个月": -0.01356,
      "1年": 0.167366,
      "QTD": 0.004128,
      "YTD": 0.004128
    },
    "纳指": {
      "收盘价": 607.289978,
      "1天": -0.003201,
      "1星期": -0.002497,
      "1个月": -0.040949,
      "1年": 0.186198,
      "QTD": -0.009509,
      "YTD": -0.009509
    },
    "道指": {
      "收盘价": 489.660004,
      "1天": -0.010508,
      "1星期": -0.012941,
      "1个月": 0.000281,
      "1年": 0.144668,
      "QTD": 0.014092,
      "YTD": 0.014092
    },
    "黄金": {
      "收盘价": 483.75,
      "1天": 0.013131,
      "1星期": 0.032286,
      "1个月": -0.021858,
      "1年": 0.798127,
      "QTD": 0.214598,
      "YTD": 0.214598
    },
    "WTI原油": {
      "收盘价": 81.949997,
      "1天": 0.027329,
      "1星期": 0.013605,
      "1个月": 0.069564,
      "1年": 0.109682,
      "QTD": 0.18837,
      "YTD": 0.18837
    },
    "VIX": {
      "收盘价": 19.860001,
      "1天": 0.066023,
      "1星期": 0.040335,
      "1个月": 0.214679,
      "1年": 0.039791,
      "QTD": 0.368711,
      "YTD": 0.368711
    },
    "罗素2000": {
      "收盘价": 261.410004,
      "1天": -0.017219,
      "1星期": -0.012093,
      "1个月": -0.007178,
      "1年": 0.225657,
      "QTD": 0.050768,
      "YTD": 0.050768
    },
    "比特币": {
      "收盘价": 65575.898438,
      "1天": -0.027839,
      "1星期": -0.030794,
      "1个月": -0.070576,
      "1年": -0.365249,
      "QTD": -0.260967,
      "YTD": -0.260967
    },
    "通讯服务": {
      "收盘价": 122.260002,
      "1天": 0.011416,
      "1星期": 0.00518,
      "1个月": -0.003911,
      "1年": 0.222709,
      "QTD": 0.0115,
      "YTD": 0.0115
    },
    "非必需品消费": {
      "收盘价": 116.860001,
      "1天": -0.001623,
      "1星期": -0.005023,
      "1个月": -0.040322,
      "1年": 0.093728,
      "QTD": -0.01259,
      "YTD": -0.01259
    },
    "必需品消费": {
      "收盘价": 90.010002,
      "1天": 0.012942,
      "1星期": 0.024121,
      "1个月": 0.093416,
      "1年": 0.127666,
      "QTD": 0.158579,
      "YTD": 0.158579
    },
    "能源": {
      "收盘价": 55.919998,
      "1天": 0.015804,
      "1星期": 0.01895,
      "1个月": 0.117283,
      "1年": 0.296709,
      "QTD": 0.224973,
      "YTD": 0.224973
    },
    "银行": {
      "收盘价": 81.860001,
      "1天": -0.048914,
      "1星期": -0.059945,
      "1个月": -0.03796,
      "1年": 0.22881,
      "QTD": -0.045476,
      "YTD": -0.045476
    },
    "公共事业": {
      "收盘价": 47.73,
      "1天": 0.011657,
      "1星期": 0.030218,
      "1个月": 0.101546,
      "1年": 0.230411,
      "QTD": 0.105373,
      "YTD": 0.105373
    },
    "REITS": {
      "收盘价": 101.279999,
      "1天": 0.002276,
      "1星期": 0.00736,
      "1个月": 0.065208,
      "1年": 0.067248,
      "QTD": 0.077561,
      "YTD": 0.077561
    },
    "科技": {
      "收盘价": 138.759995,
      "1天": -0.015956,
      "1星期": -0.015048,
      "1个月": -0.07016,
      "1年": 0.208869,
      "QTD": -0.038392,
      "YTD": -0.038392
    },
    "医疗": {
      "收盘价": 160.199997,
      "1天": 0.01766,
      "1星期": 0.021553,
      "1个月": 0.03817,
      "1年": 0.102813,
      "QTD": 0.030159,
      "YTD": 0.030159
    },
    "趋势板块": {
      "收盘价": 252.960007,
      "1天": -0.007572,
      "1星期": -0.007143,
      "1个月": -0.027414,
      "1年": 0.170615,
      "QTD": 0.00091,
      "YTD": 0.00091
    },
    "保险板块": {
      "收盘价": 136.570007,
      "1天": -0.001681,
      "1星期": 0.006708,
      "1个月": 0.037608,
      "1年": 0.058777,
      "QTD": 0.011405,
      "YTD": 0.011405
    },
    "芯片": {
      "收盘价": 352.290009,
      "1天": -0.01264,
      "1星期": -0.019865,
      "1个月": -0.022665,
      "1年": 0.627859,
      "QTD": 0.123051,
      "YTD": 0.123051
    },
    "罗素1000价值": {
      "收盘价": 225.520004,
      "1天": 0.000621,
      "1星期": 0.00111,
      "1个月": 0.028316,
      "1年": 0.19332,
      "QTD": 0.062771,
      "YTD": 0.062771
    },
    "罗素1000成长": {
      "收盘价": 450.190002,
      "1天": -0.00872,
      "1星期": -0.008086,
      "1个月": -0.048807,
      "1年": 0.135157,
      "QTD": -0.045722,
      "YTD": -0.045722
    },
    "前7大科技": {
      "收盘价": 61.349998,
      "1天": -0.014774,
      "1星期": -0.019968,
      "1个月": -0.077998,
      "1年": 0.202446,
      "QTD": -0.061209,
      "YTD": -0.061209
    },
    "标普等权指数": {
      "收盘价": 204.970001,
      "1天": 0.001172,
      "1星期": 0.004312,
      "1个月": 0.033844,
      "1年": 0.159932,
      "QTD": 0.062792,
      "YTD": 0.062792
    },
    "垃圾债券利差": {
      "收盘价": 2.98,
      "1天": 0.04,
      "1星期": 0.1,
      "1个月": 0.21,
      "1年": -0.22
    },
    "PUT/CALL": {
      "收盘价": 1.05,
      "1天": -0.32,
      "1星期": -0.01,
      "1个月": 0.23,
      "1年": 0.19
    }
  }
}