{
  "updateTime": "2026-06-02 23:43:01",
  "assets": {
    "美元": {
      "收盘价": 99.223999,
      "1天": 0.000242,
      "1星期": 0.000545,
      "1个月": 0.010325,
      "1年": -0.001067,
      "QTD": -0.004275,
      "YTD": 0.008169
    },
    "2年美债": {
      "收盘价": 3.618,
      "1天": -0.000552,
      "1星期": 0.01005,
      "1个月": 0.012028,
      "1年": -0.145085,
      "QTD": 0.003606,
      "YTD": 0.024059
    },
    "10年美债": {
      "收盘价": 4.455,
      "1天": -0.004469,
      "1星期": -0.008458,
      "1个月": 0.017588,
      "1年": 0.008832,
      "QTD": 0.031489,
      "YTD": 0.064008
    },
    "TLT": {
      "收盘价": 85.650002,
      "1天": 0.002106,
      "1星期": 0.010422,
      "1个月": 0.004402,
      "1年": 0.041839,
      "QTD": 0.000515,
      "YTD": 0.002757
    },
    "标普500": {
      "收盘价": 759.570007,
      "1天": 0.001358,
      "1星期": 0.011964,
      "1个月": 0.054007,
      "1年": 0.303513,
      "QTD": 0.159224,
      "YTD": 0.114868
    },
    "纳指": {
      "收盘价": 746.159973,
      "1天": 0.004605,
      "1星期": 0.021745,
      "1个月": 0.106816,
      "1年": 0.444341,
      "QTD": 0.276993,
      "YTD": 0.218523
    },
    "道指": {
      "收盘价": 514.049988,
      "1天": 0.005103,
      "1星期": 0.017417,
      "1个月": 0.039015,
      "1年": 0.234297,
      "QTD": 0.105422,
      "YTD": 0.067946
    },
    "黄金": {
      "收盘价": 411.950012,
      "1天": 0.001678,
      "1星期": -0.004952,
      "1个月": -0.026537,
      "1年": 0.356884,
      "QTD": -0.059088,
      "YTD": 0.034323
    },
    "WTI原油": {
      "收盘价": 137.270004,
      "1天": 0.013063,
      "1星期": 0.001971,
      "1个月": -0.038725,
      "1年": 1.044229,
      "QTD": 0.106213,
      "YTD": 0.990574
    },
    "VIX": {
      "收盘价": 15.77,
      "1天": -0.017445,
      "1星期": -0.072898,
      "1个月": -0.13778,
      "1年": -0.141068,
      "QTD": -0.357376,
      "YTD": 0.086837
    },
    "罗素2000": {
      "收盘价": 291.660004,
      "1天": 0.009274,
      "1星期": 0.003959,
      "1个月": 0.044328,
      "1年": 0.437573,
      "QTD": 0.168697,
      "YTD": 0.174447
    },
    "比特币": {
      "收盘价": 66375.0,
      "1天": -0.069332,
      "1星期": -0.097388,
      "1个月": -0.175235,
      "1年": -0.407443,
      "QTD": -0.025023,
      "YTD": -0.251961
    },
    "通讯服务": {
      "收盘价": 122.610001,
      "1天": -0.010172,
      "1星期": -0.014706,
      "1个月": -0.00801,
      "1年": 0.200699,
      "QTD": 0.06211,
      "YTD": 0.014396
    },
    "非必需品消费": {
      "收盘价": 117.589996,
      "1天": -0.005077,
      "1星期": -0.015571,
      "1个月": -0.008767,
      "1年": 0.108694,
      "QTD": 0.070947,
      "YTD": -0.004426
    },
    "必需品消费": {
      "收盘价": 81.830002,
      "1天": -0.002438,
      "1星期": -0.021523,
      "1个月": -0.027801,
      "1年": 0.015247,
      "QTD": 0.004542,
      "YTD": 0.059217
    },
    "能源": {
      "收盘价": 57.959999,
      "1天": 0.011518,
      "1星期": 0.001901,
      "1个月": -0.015123,
      "1年": 0.467454,
      "QTD": -0.017127,
      "YTD": 0.277956
    },
    "银行": {
      "收盘价": 88.389999,
      "1天": 0.01738,
      "1星期": 0.012834,
      "1个月": 0.018318,
      "1年": 0.379031,
      "QTD": 0.102945,
      "YTD": 0.037261
    },
    "公共事业": {
      "收盘价": 43.900002,
      "1天": 0.018562,
      "1星期": -0.031546,
      "1个月": -0.056928,
      "1年": 0.102276,
      "QTD": -0.047929,
      "YTD": 0.023782
    },
    "REITS": {
      "收盘价": 99.989998,
      "1天": 0.003916,
      "1星期": -0.030353,
      "1个月": -0.023154,
      "1年": 0.082729,
      "QTD": 0.053858,
      "YTD": 0.066823
    },
    "科技": {
      "收盘价": 198.210007,
      "1天": 0.012515,
      "1星期": 0.070595,
      "1个月": 0.224501,
      "1年": 0.726584,
      "QTD": 0.469202,
      "YTD": 0.375305
    },
    "医疗": {
      "收盘价": 146.399994,
      "1天": -0.00974,
      "1星期": -0.014208,
      "1个月": 0.008542,
      "1年": 0.123424,
      "QTD": -0.009003,
      "YTD": -0.054711
    },
    "趋势板块": {
      "收盘价": 326.029999,
      "1天": 0.028713,
      "1星期": 0.038147,
      "1个月": 0.143604,
      "1年": 0.419438,
      "QTD": 0.329432,
      "YTD": 0.291189
    },
    "保险板块": {
      "收盘价": 129.110001,
      "1天": 0.007648,
      "1星期": -0.031869,
      "1个月": -0.021968,
      "1年": -0.026967,
      "QTD": 0.011755,
      "YTD": -0.029128
    },
    "芯片": {
      "收盘价": 605.02002,
      "1天": 0.057857,
      "1星期": 0.061271,
      "1个月": 0.299023,
      "1年": 1.971044,
      "QTD": 0.787145,
      "YTD": 0.929908
    },
    "罗素1000价值": {
      "收盘价": 239.320007,
      "1天": 0.007833,
      "1星期": 0.00428,
      "1个月": 0.036646,
      "1年": 0.291188,
      "QTD": 0.113427,
      "YTD": 0.132095
    },
    "罗素1000成长": {
      "收盘价": 128.289993,
      "1天": -0.003728,
      "1星期": 0.020929,
      "1个月": 0.068638,
      "1年": 0.28961,
      "QTD": 0.19309,
      "YTD": 0.088714
    },
    "前7大科技": {
      "收盘价": 69.169998,
      "1天": -0.009877,
      "1星期": -0.006606,
      "1个月": 0.034395,
      "1年": 0.340696,
      "QTD": 0.178766,
      "YTD": 0.058454
    },
    "标普等权指数": {
      "收盘价": 210.039993,
      "1天": 0.003967,
      "1星期": 0.011558,
      "1个月": 0.035598,
      "1年": 0.210496,
      "QTD": 0.09089,
      "YTD": 0.093743
    },
    "PUT/CALL": {
      "收盘价": 1.05,
      "1天": -0.32,
      "1星期": -0.01,
      "1个月": 0.23,
      "1年": 0.19
    }
  }
}