{
  "updateTime": "2026-04-30 22:51:17",
  "assets": {
    "美元": {
      "收盘价": 98.091003,
      "1天": -0.00838,
      "1星期": -0.007176,
      "1个月": -0.018697,
      "1年": -0.013863,
      "QTD": -0.015645,
      "YTD": -0.003343
    },
    "2年美债": {
      "收盘价": 3.585,
      "1天": -0.001393,
      "1星期": -0.002782,
      "1个月": -0.004167,
      "1年": -0.144391,
      "QTD": -0.005548,
      "YTD": 0.014718
    },
    "10年美债": {
      "收盘价": 4.39,
      "1天": -0.006338,
      "1星期": 0.015499,
      "1个月": 0.018325,
      "1年": 0.052001,
      "QTD": 0.016439,
      "YTD": 0.048484
    },
    "TLT": {
      "收盘价": 85.620003,
      "1天": -0.000933,
      "1星期": -0.010745,
      "1个月": -0.008397,
      "1年": -0.007704,
      "QTD": -0.007419,
      "YTD": -0.005195
    },
    "标普500": {
      "收盘价": 718.659973,
      "1天": 0.00995,
      "1星期": 0.014412,
      "1个月": 0.105053,
      "1年": 0.311333,
      "QTD": 0.096789,
      "YTD": 0.054822
    },
    "纳指": {
      "收盘价": 667.73999,
      "1天": 0.009326,
      "1星期": 0.025053,
      "1个月": 0.156901,
      "1年": 0.410999,
      "QTD": 0.142784,
      "YTD": 0.090459
    },
    "道指": {
      "收盘价": 496.649994,
      "1天": 0.01633,
      "1星期": 0.007404,
      "1个月": 0.072693,
      "1年": 0.244692,
      "QTD": 0.067416,
      "YTD": 0.031228
    },
    "黄金": {
      "收盘价": 423.660004,
      "1天": 0.014973,
      "1星期": -0.017121,
      "1个月": -0.015408,
      "1年": 0.384238,
      "QTD": -0.032342,
      "YTD": 0.063724
    },
    "WTI原油": {
      "收盘价": 147.089996,
      "1天": -0.023501,
      "1星期": 0.09182,
      "1个月": 0.155914,
      "1年": 1.233713,
      "QTD": 0.185349,
      "YTD": 1.132976
    },
    "VIX": {
      "收盘价": 16.889999,
      "1天": -0.102073,
      "1星期": -0.125324,
      "1个月": -0.331089,
      "1年": -0.3012,
      "QTD": -0.311736,
      "YTD": 0.164025
    },
    "罗素2000": {
      "收盘价": 277.970001,
      "1天": 0.021648,
      "1星期": 0.008892,
      "1个月": 0.120847,
      "1年": 0.43284,
      "QTD": 0.11384,
      "YTD": 0.11932
    },
    "比特币": {
      "收盘价": 76321.289062,
      "1天": 0.007194,
      "1星期": -0.01663,
      "1个月": 0.063447,
      "1年": -0.3211,
      "QTD": 0.121077,
      "YTD": -0.139867
    },
    "通讯服务": {
      "收盘价": 123.495003,
      "1天": 0.02003,
      "1星期": 0.008699,
      "1个月": 0.075178,
      "1年": 0.298816,
      "QTD": 0.069777,
      "YTD": 0.021718
    },
    "非必需品消费": {
      "收盘价": 118.349998,
      "1天": 0.012924,
      "1星期": 0.005181,
      "1个月": 0.085979,
      "1年": 0.198427,
      "QTD": 0.077869,
      "YTD": 0.002009
    },
    "必需品消费": {
      "收盘价": 84.309998,
      "1天": 0.016763,
      "1星期": 0.009942,
      "1个月": 0.028421,
      "1年": 0.066489,
      "QTD": 0.034986,
      "YTD": 0.091319
    },
    "能源": {
      "收盘价": 59.650002,
      "1天": 0.010503,
      "1星期": 0.046859,
      "1个月": -0.026281,
      "1年": 0.488336,
      "QTD": 0.011531,
      "YTD": 0.315219
    },
    "银行": {
      "收盘价": 87.330002,
      "1天": 0.015111,
      "1星期": 0.004139,
      "1个月": 0.103766,
      "1年": 0.471251,
      "QTD": 0.089718,
      "YTD": 0.024822
    },
    "公共事业": {
      "收盘价": 46.849998,
      "1天": 0.025613,
      "1星期": 0.016489,
      "1个月": 0.02092,
      "1年": 0.215212,
      "QTD": 0.016049,
      "YTD": 0.092579
    },
    "REITS": {
      "收盘价": 102.629997,
      "1天": 0.017146,
      "1星期": 0.009542,
      "1个月": 0.085343,
      "1年": 0.125241,
      "QTD": 0.081682,
      "YTD": 0.09499
    },
    "科技": {
      "收盘价": 159.5,
      "1天": 0.002451,
      "1星期": 0.023486,
      "1个月": 0.200151,
      "1年": 0.534304,
      "QTD": 0.18227,
      "YTD": 0.10671
    },
    "医疗": {
      "收盘价": 145.990005,
      "1天": 0.022053,
      "1星期": -0.00171,
      "1个月": -0.004229,
      "1年": 0.06687,
      "QTD": -0.011778,
      "YTD": -0.057359
    },
    "趋势板块": {
      "收盘价": 283.980011,
      "1天": 0.022578,
      "1星期": 0.029361,
      "1个月": 0.183299,
      "1年": 0.367674,
      "QTD": 0.157968,
      "YTD": 0.124657
    },
    "保险板块": {
      "收盘价": 132.320007,
      "1天": 0.006772,
      "1星期": -0.008319,
      "1个月": 0.031413,
      "1年": 0.026451,
      "QTD": 0.036909,
      "YTD": -0.00499
    },
    "芯片": {
      "收盘价": 461.440002,
      "1天": 0.025445,
      "1星期": 0.046349,
      "1个月": 0.404004,
      "1年": 1.544454,
      "QTD": 0.363029,
      "YTD": 0.471913
    },
    "罗素1000价值": {
      "收盘价": 231.25,
      "1天": 0.018408,
      "1星期": 0.016528,
      "1个月": 0.082276,
      "1年": 0.292533,
      "QTD": 0.075882,
      "YTD": 0.09392
    },
    "罗素1000成长": {
      "收盘价": 119.269997,
      "1天": 0.003956,
      "1星期": 0.008519,
      "1个月": 0.118856,
      "1年": 0.305878,
      "QTD": 0.109205,
      "YTD": 0.012167
    },
    "前7大科技": {
      "收盘价": 66.239998,
      "1天": -0.005107,
      "1星期": 0.013929,
      "1个月": 0.143252,
      "1年": 0.442636,
      "QTD": 0.128834,
      "YTD": 0.013619
    },
    "标普等权指数": {
      "收盘价": 203.440002,
      "1天": 0.015119,
      "1星期": 0.00489,
      "1个月": 0.060025,
      "1年": 0.224731,
      "QTD": 0.056612,
      "YTD": 0.059374
    },
    "PUT/CALL": {
      "收盘价": 1.05,
      "1天": -0.32,
      "1星期": -0.01,
      "1个月": 0.23,
      "1年": 0.19
    }
  }
}