{
  "updateTime": "2026-02-06 22:19:51",
  "assets": {
    "美元": {
      "收盘价": 97.681,
      "1天": -0.001421,
      "1星期": 0.007124,
      "1个月": -0.010124,
      "1年": -0.092943,
      "QTD": -0.007509,
      "YTD": -0.007509
    },
    "2年美债": {
      "收盘价": 3.59,
      "1天": 0.003354,
      "1星期": 0.005039,
      "1个月": 0.021337,
      "1年": -0.147268,
      "QTD": 0.016134,
      "YTD": 0.016134
    },
    "10年美债": {
      "收盘价": 4.206,
      "1天": -0.00095,
      "1星期": -0.008253,
      "1个月": 0.016433,
      "1年": -0.048847,
      "QTD": 0.004538,
      "YTD": 0.004538
    },
    "TLT": {
      "收盘价": 87.540001,
      "1天": 0.000686,
      "1星期": 0.008549,
      "1个月": 0.000966,
      "1年": 0.01746,
      "QTD": 0.009707,
      "YTD": 0.009707
    },
    "标普500": {
      "收盘价": 690.619995,
      "1天": 0.019185,
      "1星期": -0.001951,
      "1个月": 0.001508,
      "1年": 0.156417,
      "QTD": 0.010905,
      "YTD": 0.010905
    },
    "纳指": {
      "收盘价": 609.650024,
      "1天": 0.021138,
      "1星期": -0.01965,
      "1个月": -0.023028,
      "1年": 0.163029,
      "QTD": -0.00566,
      "YTD": -0.00566
    },
    "道指": {
      "收盘价": 501.029999,
      "1天": 0.02479,
      "1星期": 0.024538,
      "1个月": 0.022964,
      "1年": 0.134122,
      "QTD": 0.036353,
      "YTD": 0.036353
    },
    "黄金": {
      "收盘价": 455.459991,
      "1天": 0.030732,
      "1星期": 0.023621,
      "1个月": 0.112968,
      "1年": 0.724378,
      "QTD": 0.143567,
      "YTD": 0.143567
    },
    "WTI原油": {
      "收盘价": 76.989998,
      "1天": 0.003912,
      "1星期": -0.031816,
      "1个月": 0.135713,
      "1年": 0.011828,
      "QTD": 0.116444,
      "YTD": 0.116444
    },
    "VIX": {
      "收盘价": 17.76,
      "1天": -0.184198,
      "1星期": 0.018349,
      "1个月": 0.154746,
      "1年": 0.126189,
      "QTD": 0.223983,
      "YTD": 0.223983
    },
    "罗素2000": {
      "收盘价": 265.019989,
      "1天": 0.035922,
      "1星期": 0.020682,
      "1个月": 0.037341,
      "1年": 0.168267,
      "QTD": 0.065279,
      "YTD": 0.065279
    },
    "比特币": {
      "收盘价": 70482.929688,
      "1天": 0.124092,
      "1星期": -0.084333,
      "1个月": -0.262153,
      "1年": -0.32227,
      "QTD": -0.205665,
      "YTD": -0.205665
    },
    "通讯服务": {
      "收盘价": 121.540001,
      "1天": -0.004912,
      "1星期": -0.03417,
      "1个月": 0.004214,
      "1年": 0.203829,
      "QTD": 0.005543,
      "YTD": 0.005543
    },
    "非必需品消费": {
      "收盘价": 117.989998,
      "1天": 0.004085,
      "1星期": -0.026244,
      "1个月": -0.02407,
      "1年": 0.038625,
      "QTD": -0.003042,
      "YTD": -0.003042
    },
    "必需品消费": {
      "收盘价": 87.940002,
      "1天": 0.011735,
      "1星期": 0.053048,
      "1个月": 0.147742,
      "1年": 0.141981,
      "QTD": 0.131935,
      "YTD": 0.131935
    },
    "能源": {
      "收盘价": 53.25,
      "1天": 0.01992,
      "1星期": 0.043095,
      "1个月": 0.179925,
      "1年": 0.219742,
      "QTD": 0.166484,
      "YTD": 0.166484
    },
    "银行": {
      "收盘价": 90.599998,
      "1天": 0.028027,
      "1星期": 0.051044,
      "1个月": 0.038276,
      "1年": 0.30307,
      "QTD": 0.056437,
      "YTD": 0.056437
    },
    "公共事业": {
      "收盘价": 43.349998,
      "1天": 0.0058,
      "1星期": 0.002312,
      "1个月": 0.035347,
      "1年": 0.137601,
      "QTD": 0.003937,
      "YTD": 0.003937
    },
    "REITS": {
      "收盘价": 97.660004,
      "1天": 0.01581,
      "1星期": 0.015071,
      "1个月": 0.041373,
      "1年": 0.041635,
      "QTD": 0.039047,
      "YTD": 0.039047
    },
    "科技": {
      "收盘价": 141.130005,
      "1天": 0.040551,
      "1星期": -0.019113,
      "1个月": -0.036852,
      "1年": 0.212769,
      "QTD": -0.021968,
      "YTD": -0.021968
    },
    "医疗": {
      "收盘价": 157.710007,
      "1天": 0.018535,
      "1星期": 0.019193,
      "1个月": -0.012213,
      "1年": 0.081064,
      "QTD": 0.014147,
      "YTD": 0.014147
    },
    "趋势板块": {
      "收盘价": 253.490005,
      "1天": 0.03834,
      "1星期": -0.009379,
      "1个月": -0.011619,
      "1年": 0.143664,
      "QTD": 0.003007,
      "YTD": 0.003007
    },
    "保险板块": {
      "收盘价": 136.570007,
      "1天": -0.001316,
      "1星期": 0.026842,
      "1个月": 0.016827,
      "1年": 0.075084,
      "QTD": 0.011405,
      "YTD": 0.011405
    },
    "芯片": {
      "收盘价": 348.51001,
      "1天": 0.053441,
      "1星期": 0.006382,
      "1个月": 0.072702,
      "1年": 0.591046,
      "QTD": 0.111001,
      "YTD": 0.111001
    },
    "罗素1000价值": {
      "收盘价": 224.570007,
      "1天": 0.016936,
      "1星期": 0.021423,
      "1个月": 0.047679,
      "1年": 0.176009,
      "QTD": 0.058294,
      "YTD": 0.058294
    },
    "罗素1000成长": {
      "收盘价": 456.839996,
      "1天": 0.024052,
      "1星期": -0.019551,
      "1个月": -0.042164,
      "1年": 0.117326,
      "QTD": -0.031626,
      "YTD": -0.031626
    },
    "前7大科技": {
      "收盘价": 63.110001,
      "1天": 0.004616,
      "1星期": -0.045956,
      "1个月": -0.042337,
      "1年": 0.166633,
      "QTD": -0.034277,
      "YTD": -0.034277
    },
    "标普等权指数": {
      "收盘价": 202.259995,
      "1天": 0.018634,
      "1星期": 0.021103,
      "1个月": 0.038349,
      "1年": 0.134624,
      "QTD": 0.04874,
      "YTD": 0.04874
    },
    "垃圾债券利差": {
      "收盘价": 2.97,
      "1天": 0.11,
      "1星期": 0.17,
      "1个月": 0.21,
      "1年": 0.29
    },
    "PUT/CALL": {
      "收盘价": 1.05,
      "1天": -0.32,
      "1星期": -0.01,
      "1个月": 0.23,
      "1年": 0.19
    }
  }
}