{
  "updateTime": "2026-03-25 22:32:33",
  "assets": {
    "美元": {
      "收盘价": 99.638,
      "1天": 0.002092,
      "1星期": -0.004516,
      "1个月": 0.017961,
      "1年": -0.043598,
      "QTD": 0.012376,
      "YTD": 0.012376
    },
    "2年美债": {
      "收盘价": 3.62,
      "1天": 0.0,
      "1星期": 0.00277,
      "1个月": 0.008919,
      "1年": -0.134385,
      "QTD": 0.024625,
      "YTD": 0.024625
    },
    "10年美债": {
      "收盘价": 4.328,
      "1天": -0.014572,
      "1星期": 0.016201,
      "1个月": 0.073147,
      "1年": -0.000693,
      "QTD": 0.033676,
      "YTD": 0.033676
    },
    "TLT": {
      "收盘价": 86.839996,
      "1天": 0.00965,
      "1星期": -0.00138,
      "1个月": -0.030826,
      "1年": 0.010852,
      "QTD": 0.004964,
      "YTD": 0.004964
    },
    "标普500": {
      "收盘价": 656.820007,
      "1天": 0.005573,
      "1星期": -0.004258,
      "1个月": -0.041807,
      "1年": 0.157242,
      "QTD": -0.035944,
      "YTD": -0.035944
    },
    "纳指": {
      "收盘价": 587.820007,
      "1天": 0.006576,
      "1星期": -0.010655,
      "1个月": -0.031765,
      "1年": 0.203818,
      "QTD": -0.040055,
      "YTD": -0.040055
    },
    "道指": {
      "收盘价": 464.140015,
      "1天": 0.00644,
      "1星期": 0.004628,
      "1个月": -0.054184,
      "1年": 0.107855,
      "QTD": -0.036683,
      "YTD": -0.036683
    },
    "黄金": {
      "收盘价": 416.290009,
      "1天": 0.030089,
      "1星期": -0.06397,
      "1个月": -0.12288,
      "1年": 0.501497,
      "QTD": 0.045219,
      "YTD": 0.045219
    },
    "WTI原油": {
      "收盘价": 113.389999,
      "1天": -0.01004,
      "1星期": -0.068053,
      "1个月": 0.404037,
      "1年": 0.51429,
      "QTD": 0.644287,
      "YTD": 0.644287
    },
    "VIX": {
      "收盘价": 25.33,
      "1天": -0.060111,
      "1星期": 0.009566,
      "1个月": 0.295652,
      "1年": 0.449085,
      "QTD": 0.745693,
      "YTD": 0.745693
    },
    "罗素2000": {
      "收盘价": 251.820007,
      "1天": 0.01222,
      "1星期": 0.023575,
      "1个月": -0.042008,
      "1年": 0.218681,
      "QTD": 0.01402,
      "YTD": 0.01402
    },
    "比特币": {
      "收盘价": 71014.171875,
      "1天": 0.007038,
      "1星期": 0.006971,
      "1个月": -0.023331,
      "1年": -0.401928,
      "QTD": -0.199678,
      "YTD": -0.199678
    },
    "通讯服务": {
      "收盘价": 115.652,
      "1天": 0.005232,
      "1星期": -0.017984,
      "1个月": -0.041584,
      "1年": 0.18726,
      "QTD": -0.04317,
      "YTD": -0.04317
    },
    "非必需品消费": {
      "收盘价": 110.730003,
      "1天": 0.009573,
      "1星期": 0.003459,
      "1个月": -0.049576,
      "1年": 0.092615,
      "QTD": -0.062506,
      "YTD": -0.062506
    },
    "必需品消费": {
      "收盘价": 81.510002,
      "1天": 0.004932,
      "1星期": -0.008122,
      "1个月": -0.086597,
      "1年": 0.054963,
      "QTD": 0.055075,
      "YTD": 0.055075
    },
    "能源": {
      "收盘价": 60.57,
      "1天": -0.004438,
      "1星期": 0.043398,
      "1个月": 0.106456,
      "1年": 0.346571,
      "QTD": 0.335504,
      "YTD": 0.335504
    },
    "银行": {
      "收盘价": 79.0,
      "1天": 0.004961,
      "1星期": 0.038336,
      "1个月": -0.043256,
      "1年": 0.250447,
      "QTD": -0.072931,
      "YTD": -0.072931
    },
    "公共事业": {
      "收盘价": 45.25,
      "1天": 0.003548,
      "1星期": -0.024901,
      "1个月": -0.034611,
      "1年": 0.190678,
      "QTD": 0.055265,
      "YTD": 0.055265
    },
    "REITS": {
      "收盘价": 93.489998,
      "1天": 0.0,
      "1星期": -0.034593,
      "1个月": -0.069547,
      "1年": -0.000135,
      "QTD": -0.002528,
      "YTD": -0.002528
    },
    "科技": {
      "收盘价": 136.759995,
      "1天": 0.00448,
      "1星期": -0.007466,
      "1个月": -0.024159,
      "1年": 0.263994,
      "QTD": -0.051074,
      "YTD": -0.051074
    },
    "医疗": {
      "收盘价": 146.240005,
      "1天": 0.010015,
      "1星期": -0.002031,
      "1个月": -0.06986,
      "1年": 0.01154,
      "QTD": -0.055744,
      "YTD": -0.055744
    },
    "趋势板块": {
      "收盘价": 247.179993,
      "1天": 0.006679,
      "1星期": 0.003817,
      "1个月": -0.018793,
      "1年": 0.183937,
      "QTD": -0.021084,
      "YTD": -0.021084
    },
    "保险板块": {
      "收盘价": 127.629997,
      "1天": -0.003591,
      "1星期": -0.002033,
      "1个月": -0.040186,
      "1年": -0.034863,
      "QTD": -0.040257,
      "YTD": -0.040257
    },
    "芯片": {
      "收盘价": 345.25,
      "1天": 0.012404,
      "1星期": 0.020574,
      "1个月": -0.045789,
      "1年": 0.69243,
      "QTD": 0.101287,
      "YTD": 0.101287
    },
    "罗素1000价值": {
      "收盘价": 214.869995,
      "1天": 0.004911,
      "1星期": 0.003034,
      "1个月": -0.038783,
      "1年": 0.152371,
      "QTD": 0.016435,
      "YTD": 0.016435
    },
    "罗素1000成长": {
      "收盘价": 432.200012,
      "1天": 0.006474,
      "1星期": -0.011074,
      "1个月": -0.044359,
      "1年": 0.14788,
      "QTD": -0.08305,
      "YTD": -0.08305
    },
    "前7大科技": {
      "收盘价": 58.950001,
      "1天": 0.00752,
      "1星期": -0.020764,
      "1个月": -0.053924,
      "1年": 0.22397,
      "QTD": -0.097934,
      "YTD": -0.097934
    },
    "标普等权指数": {
      "收盘价": 192.850006,
      "1天": 0.004846,
      "1星期": 0.001063,
      "1个月": -0.04809,
      "1年": 0.116109,
      "QTD": 0.004229,
      "YTD": 0.004229
    },
    "PUT/CALL": {
      "收盘价": 1.05,
      "1天": -0.32,
      "1星期": -0.01,
      "1个月": 0.23,
      "1年": 0.19
    }
  }
}