{
  "updateTime": "2026-03-19 22:24:39",
  "assets": {
    "美元": {
      "收盘价": 99.160004,
      "1天": -0.009292,
      "1星期": -0.005815,
      "1个月": 0.014944,
      "1年": -0.041284,
      "QTD": 0.007519,
      "YTD": 0.007519
    },
    "2年美债": {
      "收盘价": 3.612,
      "1天": 0.000554,
      "1星期": 0.001942,
      "1个月": 0.002498,
      "1年": -0.138975,
      "QTD": 0.022361,
      "YTD": 0.022361
    },
    "10年美债": {
      "收盘价": 4.281,
      "1天": 0.005166,
      "1星期": 0.001872,
      "1个月": 0.049522,
      "1年": 0.0,
      "QTD": 0.022451,
      "YTD": 0.022451
    },
    "TLT": {
      "收盘价": 87.489998,
      "1天": 0.006095,
      "1星期": 0.005979,
      "1个月": -0.019536,
      "1年": 0.007865,
      "QTD": 0.012486,
      "YTD": 0.012486
    },
    "标普500": {
      "收盘价": 659.799988,
      "1天": -0.002464,
      "1星期": -0.009399,
      "1个月": -0.038599,
      "1年": 0.189883,
      "QTD": -0.034208,
      "YTD": -0.034208
    },
    "纳指": {
      "收盘价": 593.02002,
      "1天": -0.00316,
      "1星期": -0.007099,
      "1个月": -0.02108,
      "1年": 0.256011,
      "QTD": -0.032783,
      "YTD": -0.032783
    },
    "道指": {
      "收盘价": 461.059998,
      "1天": -0.00419,
      "1星期": -0.013733,
      "1个月": -0.071162,
      "1年": 0.123895,
      "QTD": -0.045139,
      "YTD": -0.045139
    },
    "黄金": {
      "收盘价": 426.410004,
      "1天": -0.041215,
      "1星期": -0.086682,
      "1个月": -0.069543,
      "1年": 0.523111,
      "QTD": 0.070629,
      "YTD": 0.070629
    },
    "WTI原油": {
      "收盘价": 117.360001,
      "1天": -0.035424,
      "1星期": -0.0087,
      "1个月": 0.478086,
      "1年": 0.62526,
      "QTD": 0.701856,
      "YTD": 0.701856
    },
    "VIX": {
      "收盘价": 24.059999,
      "1天": -0.041052,
      "1星期": -0.118358,
      "1个月": 0.2263,
      "1年": 0.108756,
      "QTD": 0.658167,
      "YTD": 0.658167
    },
    "罗素2000": {
      "收盘价": 247.630005,
      "1天": 0.006544,
      "1星期": 0.00267,
      "1个月": -0.060303,
      "1年": 0.231724,
      "QTD": -0.002852,
      "YTD": -0.002852
    },
    "比特币": {
      "收盘价": 70408.8125,
      "1天": -0.011745,
      "1星期": -0.011315,
      "1个月": 0.043808,
      "1年": -0.392961,
      "QTD": -0.2065,
      "YTD": -0.2065
    },
    "通讯服务": {
      "收盘价": 117.209999,
      "1天": -0.004755,
      "1星期": -0.017354,
      "1个月": -0.023331,
      "1年": 0.227706,
      "QTD": -0.03028,
      "YTD": -0.03028
    },
    "非必需品消费": {
      "收盘价": 109.699997,
      "1天": -0.007868,
      "1星期": -0.01632,
      "1个月": -0.062553,
      "1年": 0.14366,
      "QTD": -0.073088,
      "YTD": -0.073088
    },
    "必需品消费": {
      "收盘价": 81.970001,
      "1天": -0.008107,
      "1星期": -0.027062,
      "1个月": -0.068946,
      "1年": 0.055913,
      "QTD": 0.055091,
      "YTD": 0.055091
    },
    "能源": {
      "收盘价": 59.360001,
      "1天": 0.015916,
      "1星期": 0.032168,
      "1个月": 0.083607,
      "1年": 0.343174,
      "QTD": 0.300329,
      "YTD": 0.300329
    },
    "银行": {
      "收盘价": 76.769997,
      "1天": 0.002612,
      "1星期": 0.005106,
      "1个月": -0.120518,
      "1年": 0.259922,
      "QTD": -0.104827,
      "YTD": -0.104827
    },
    "公共事业": {
      "收盘价": 46.540001,
      "1天": -0.004066,
      "1星期": 0.00086,
      "1个月": 0.02039,
      "1年": 0.217276,
      "QTD": 0.077814,
      "YTD": 0.077814
    },
    "REITS": {
      "收盘价": 96.470001,
      "1天": -0.003821,
      "1星期": -0.005952,
      "1个月": -0.032689,
      "1年": 0.035305,
      "QTD": 0.029267,
      "YTD": 0.029267
    },
    "科技": {
      "收盘价": 138.429993,
      "1天": 0.003407,
      "1星期": 0.00428,
      "1个月": -0.0176,
      "1年": 0.31315,
      "QTD": -0.040679,
      "YTD": -0.040679
    },
    "医疗": {
      "收盘价": 146.610001,
      "1天": -0.003602,
      "1星期": -0.023641,
      "1个月": -0.070146,
      "1年": 0.015995,
      "QTD": -0.057231,
      "YTD": -0.057231
    },
    "趋势板块": {
      "收盘价": 246.860001,
      "1天": 0.002518,
      "1星期": 0.013043,
      "1个月": -0.025282,
      "1年": 0.242009,
      "QTD": -0.022351,
      "YTD": -0.022351
    },
    "保险板块": {
      "收盘价": 126.830002,
      "1天": -0.008288,
      "1星期": -0.016558,
      "1个月": -0.048668,
      "1年": -0.036728,
      "QTD": -0.046273,
      "YTD": -0.046273
    },
    "芯片": {
      "收盘价": 340.200012,
      "1天": 0.005646,
      "1星期": 0.030951,
      "1个月": -0.048923,
      "1年": 0.699378,
      "QTD": 0.085178,
      "YTD": 0.085178
    },
    "罗素1000价值": {
      "收盘价": 213.949997,
      "1天": -0.00126,
      "1星期": 0.000438,
      "1个月": -0.042557,
      "1年": 0.163502,
      "QTD": 0.012083,
      "YTD": 0.012083
    },
    "罗素1000成长": {
      "收盘价": 435.420013,
      "1天": -0.003707,
      "1星期": -0.016911,
      "1个月": -0.036196,
      "1年": 0.202536,
      "QTD": -0.076218,
      "YTD": -0.076218
    },
    "前7大科技": {
      "收盘价": 59.549999,
      "1天": -0.010797,
      "1星期": -0.02297,
      "1个月": -0.03469,
      "1年": 0.314141,
      "QTD": -0.088753,
      "YTD": -0.088753
    },
    "标普等权指数": {
      "收盘价": 193.320007,
      "1天": -0.000775,
      "1星期": -0.001085,
      "1个月": -0.050351,
      "1年": 0.129763,
      "QTD": 0.002385,
      "YTD": 0.002385
    },
    "PUT/CALL": {
      "收盘价": 1.05,
      "1天": -0.32,
      "1星期": -0.01,
      "1个月": 0.23,
      "1年": 0.19
    }
  }
}