{
  "updateTime": "2026-01-06 22:18:10",
  "assets": {
    "美元": {
      "收盘价": 98.602997,
      "1天": 0.003389,
      "1星期": 0.005743,
      "1个月": -0.003909,
      "1年": -0.089202,
      "QTD": 0.001859,
      "YTD": 0.001859
    },
    "2年美债": {
      "收盘价": 3.52,
      "1天": 0.001422,
      "1星期": -0.005088,
      "1个月": -0.025471,
      "1年": -0.163498,
      "QTD": -0.00368,
      "YTD": -0.00368
    },
    "10年美债": {
      "收盘价": 4.179,
      "1天": 0.003361,
      "1星期": 0.015306,
      "1个月": 0.017283,
      "1年": -0.086557,
      "QTD": -0.001911,
      "YTD": -0.001911
    },
    "TLT": {
      "收盘价": 87.279999,
      "1天": -0.002058,
      "1星期": -0.00897,
      "1个月": -0.010841,
      "1年": 0.041046,
      "QTD": 0.002873,
      "YTD": 0.002873
    },
    "标普500": {
      "收盘价": 691.809998,
      "1天": 0.005947,
      "1星期": 0.005757,
      "1个月": 0.013829,
      "1年": 0.197205,
      "QTD": 0.012647,
      "YTD": 0.012647
    },
    "纳指": {
      "收盘价": 623.419983,
      "1天": 0.008787,
      "1星期": 0.004107,
      "1个月": 0.00206,
      "1年": 0.228038,
      "QTD": 0.016799,
      "YTD": 0.016799
    },
    "道指": {
      "收盘价": 494.609985,
      "1天": 0.009882,
      "1星期": 0.020677,
      "1个月": 0.034686,
      "1年": 0.185307,
      "QTD": 0.022703,
      "YTD": 0.022703
    },
    "黄金": {
      "收盘价": 413.179993,
      "1天": 0.010813,
      "1星期": 0.036578,
      "1个月": 0.06729,
      "1年": 0.683563,
      "QTD": 0.037411,
      "YTD": 0.037411
    },
    "WTI原油": {
      "收盘价": 68.510002,
      "1天": -0.024352,
      "1星期": -0.015802,
      "1个月": -0.040342,
      "1年": -0.10945,
      "QTD": -0.006525,
      "YTD": -0.006525
    },
    "VIX": {
      "收盘价": 14.75,
      "1天": -0.010067,
      "1星期": 0.038732,
      "1个月": -0.065272,
      "1年": -0.177356,
      "QTD": 0.01654,
      "YTD": 0.01654
    },
    "罗素2000": {
      "收盘价": 256.079987,
      "1天": 0.013255,
      "1星期": 0.024812,
      "1个月": 0.020327,
      "1年": 0.171022,
      "QTD": 0.029343,
      "YTD": 0.029343
    },
    "比特币": {
      "收盘价": 93154.992188,
      "1天": -0.00775,
      "1星期": 0.049847,
      "1个月": 0.06046,
      "1年": -0.011983,
      "QTD": 0.049847,
      "YTD": 0.049847
    },
    "通讯服务": {
      "收盘价": 121.480003,
      "1天": -0.003527,
      "1星期": 0.002972,
      "1个月": -0.002221,
      "1年": 0.290527,
      "QTD": 0.005047,
      "YTD": 0.005047
    },
    "非必需品消费": {
      "收盘价": 121.07,
      "1天": 0.006401,
      "1星期": 0.00182,
      "1个月": 0.018812,
      "1年": 0.103139,
      "QTD": 0.022983,
      "YTD": 0.022983
    },
    "必需品消费": {
      "收盘价": 77.470001,
      "1天": 0.001551,
      "1星期": -0.010347,
      "1个月": -0.004569,
      "1年": 0.015518,
      "QTD": -0.002832,
      "YTD": -0.002832
    },
    "能源": {
      "收盘价": 45.639999,
      "1天": -0.026658,
      "1星期": 0.02286,
      "1个月": -0.001756,
      "1年": 0.088495,
      "QTD": -0.000219,
      "YTD": -0.000219
    },
    "银行": {
      "收盘价": 88.629997,
      "1天": 0.008879,
      "1星期": 0.037822,
      "1个月": 0.089567,
      "1年": 0.389947,
      "QTD": 0.033465,
      "YTD": 0.033465
    },
    "公共事业": {
      "收盘价": 42.91,
      "1天": 0.004918,
      "1星期": 0.001167,
      "1个月": -0.010948,
      "1年": 0.157354,
      "QTD": -0.006253,
      "YTD": -0.006253
    },
    "REITS": {
      "收盘价": 94.790001,
      "1天": 0.007012,
      "1星期": 0.003069,
      "1个月": 0.001332,
      "1年": 0.052433,
      "QTD": 0.008512,
      "YTD": 0.008512
    },
    "科技": {
      "收盘价": 146.649994,
      "1天": 0.014037,
      "1星期": 0.005347,
      "1个月": 0.00919,
      "1年": 0.272264,
      "QTD": 0.016285,
      "YTD": 0.016285
    },
    "医疗": {
      "收盘价": 158.089996,
      "1天": 0.019672,
      "1星期": 0.014633,
      "1个月": 0.0316,
      "1年": 0.169033,
      "QTD": 0.016591,
      "YTD": 0.016591
    },
    "趋势板块": {
      "收盘价": 258.109985,
      "1天": 0.01172,
      "1星期": 0.018225,
      "1个月": 0.028654,
      "1年": 0.253142,
      "QTD": 0.021287,
      "YTD": 0.021287
    },
    "保险板块": {
      "收盘价": 135.410004,
      "1天": -0.008421,
      "1星期": -0.011966,
      "1个月": 0.024737,
      "1年": 0.09563,
      "QTD": 0.002814,
      "YTD": 0.002814
    },
    "芯片": {
      "收盘价": 328.350006,
      "1天": 0.032352,
      "1星期": 0.075429,
      "1个月": 0.073629,
      "1年": 0.525074,
      "QTD": 0.046734,
      "YTD": 0.046734
    },
    "罗素1000价值": {
      "收盘价": 216.570007,
      "1天": 0.009086,
      "1星期": 0.021364,
      "1个月": 0.035081,
      "1年": 0.193411,
      "QTD": 0.020594,
      "YTD": 0.020594
    },
    "罗素1000成长": {
      "收盘价": 475.730011,
      "1天": 0.004561,
      "1星期": -0.004624,
      "1个月": -0.002553,
      "1年": 0.192072,
      "QTD": 0.008415,
      "YTD": 0.008415
    },
    "前7大科技": {
      "收盘价": 65.650002,
      "1天": -0.003642,
      "1星期": -0.012544,
      "1个月": -0.010638,
      "1年": 0.229944,
      "QTD": 0.004591,
      "YTD": 0.004591
    },
    "标普等权指数": {
      "收盘价": 197.0,
      "1天": 0.012073,
      "1星期": 0.017983,
      "1个月": 0.032542,
      "1年": 0.147052,
      "QTD": 0.021466,
      "YTD": 0.021466
    },
    "垃圾债券利差": {
      "收盘价": 2.81,
      "1天": -0.02,
      "1星期": -0.05,
      "1个月": -0.08,
      "1年": 0.08
    },
    "PUT/CALL": {
      "收盘价": 1.05,
      "1天": -0.32,
      "1星期": -0.01,
      "1个月": 0.23,
      "1年": 0.19
    }
  }
}