{
  "updateTime": "2026-01-22 22:19:37",
  "assets": {
    "美元": {
      "收盘价": 98.311996,
      "1天": -0.004536,
      "1星期": -0.008252,
      "1个月": -0.002921,
      "1年": -0.091134,
      "QTD": -0.001097,
      "YTD": -0.001097
    },
    "2年美债": {
      "收盘价": 3.588,
      "1天": 0.0,
      "1星期": 0.007865,
      "1个月": 0.018739,
      "1年": -0.145104,
      "QTD": 0.015568,
      "YTD": 0.015568
    },
    "10年美债": {
      "收盘价": 4.249,
      "1天": -0.00094,
      "1星期": 0.026329,
      "1个月": 0.023609,
      "1年": -0.071054,
      "QTD": 0.014808,
      "YTD": 0.014808
    },
    "TLT": {
      "收盘价": 87.690002,
      "1天": 0.004352,
      "1星期": -0.007246,
      "1个月": 0.001599,
      "1年": 0.041181,
      "QTD": 0.007584,
      "YTD": 0.007584
    },
    "标普500": {
      "收盘价": 688.97998,
      "1天": 0.005223,
      "1星期": -0.001999,
      "1个月": 0.012327,
      "1年": 0.155909,
      "QTD": 0.008504,
      "YTD": 0.008504
    },
    "纳指": {
      "收盘价": 620.76001,
      "1天": 0.007269,
      "1星期": 0.001953,
      "1个月": 0.007309,
      "1年": 0.18885,
      "QTD": 0.012461,
      "YTD": 0.012461
    },
    "道指": {
      "收盘价": 493.690002,
      "1天": 0.005888,
      "1星期": 0.004656,
      "1个月": 0.026434,
      "1年": 0.139269,
      "QTD": 0.021171,
      "YTD": 0.021171
    },
    "黄金": {
      "收盘价": 451.790009,
      "1天": 0.018463,
      "1星期": 0.060689,
      "1个月": 0.132249,
      "1年": 0.784814,
      "QTD": 0.134353,
      "YTD": 0.134353
    },
    "WTI原油": {
      "收盘价": 71.82,
      "1天": -0.020725,
      "1星期": -0.01088,
      "1个月": 0.055711,
      "1年": -0.114536,
      "QTD": 0.041473,
      "YTD": 0.041473
    },
    "VIX": {
      "收盘价": 15.64,
      "1天": -0.074556,
      "1星期": -0.066269,
      "1个月": 0.04896,
      "1年": 0.038513,
      "QTD": 0.077877,
      "YTD": 0.077877
    },
    "罗素2000": {
      "收盘价": 269.790009,
      "1天": 0.007469,
      "1星期": 0.025077,
      "1个月": 0.075761,
      "1年": 0.187275,
      "QTD": 0.084452,
      "YTD": 0.084452
    },
    "比特币": {
      "收盘价": 89347.304688,
      "1天": -0.000332,
      "1星期": -0.06049,
      "1个月": 0.006935,
      "1年": -0.138777,
      "QTD": 0.006935,
      "YTD": 0.006935
    },
    "通讯服务": {
      "收盘价": 121.029999,
      "1天": 0.016973,
      "1星期": 0.002651,
      "1个月": 0.010689,
      "1年": 0.265019,
      "QTD": 0.001324,
      "YTD": 0.001324
    },
    "非必需品消费": {
      "收盘价": 122.620003,
      "1天": 0.010049,
      "1星期": 0.003027,
      "1个月": 0.008314,
      "1年": 0.071294,
      "QTD": 0.036079,
      "YTD": 0.036079
    },
    "必需品消费": {
      "收盘价": 82.269997,
      "1天": -0.002062,
      "1星期": 0.000486,
      "1个月": 0.052679,
      "1年": 0.089139,
      "QTD": 0.058952,
      "YTD": 0.058952
    },
    "能源": {
      "收盘价": 48.91,
      "1天": 0.003282,
      "1星期": 0.017686,
      "1个月": 0.117764,
      "1年": 0.08138,
      "QTD": 0.071413,
      "YTD": 0.071413
    },
    "银行": {
      "收盘价": 86.290001,
      "1天": 0.000696,
      "1星期": 0.013745,
      "1个月": 0.017259,
      "1年": 0.252341,
      "QTD": 0.00618,
      "YTD": 0.00618
    },
    "公共事业": {
      "收盘价": 42.709999,
      "1天": -0.007206,
      "1星期": -0.010656,
      "1个月": 0.009382,
      "1年": 0.097564,
      "QTD": -0.010885,
      "YTD": -0.010885
    },
    "REITS": {
      "收盘价": 95.760002,
      "1天": -0.009208,
      "1星期": -0.006123,
      "1个月": 0.029456,
      "1年": 0.025854,
      "QTD": 0.018832,
      "YTD": 0.018832
    },
    "科技": {
      "收盘价": 144.880005,
      "1天": 0.00744,
      "1星期": 0.001244,
      "1个月": 0.003456,
      "1年": 0.235131,
      "QTD": 0.004019,
      "YTD": 0.004019
    },
    "医疗": {
      "收盘价": 158.289993,
      "1天": 0.00019,
      "1星期": 0.002724,
      "1个月": 0.025972,
      "1年": 0.130345,
      "QTD": 0.017877,
      "YTD": 0.017877
    },
    "趋势板块": {
      "收盘价": 256.070007,
      "1天": 0.002623,
      "1星期": 0.00133,
      "1个月": 0.019184,
      "1年": 0.171213,
      "QTD": 0.013216,
      "YTD": 0.013216
    },
    "保险板块": {
      "收盘价": 130.945007,
      "1天": 0.004719,
      "1星期": -0.006336,
      "1个月": -0.040696,
      "1年": 0.04185,
      "QTD": -0.030252,
      "YTD": -0.030252
    },
    "芯片": {
      "收盘价": 348.670013,
      "1天": 0.001522,
      "1星期": 0.050527,
      "1个月": 0.16297,
      "1年": 0.510562,
      "QTD": 0.111511,
      "YTD": 0.111511
    },
    "罗素1000价值": {
      "收盘价": 219.710007,
      "1天": 0.002647,
      "1星期": 0.006367,
      "1个月": 0.046836,
      "1年": 0.154358,
      "QTD": 0.035391,
      "YTD": 0.035391
    },
    "罗素1000成长": {
      "收盘价": 465.980011,
      "1天": 0.007699,
      "1星期": -0.008848,
      "1个月": -0.015882,
      "1年": 0.141738,
      "QTD": -0.012252,
      "YTD": -0.012252
    },
    "前7大科技": {
      "收盘价": 64.93,
      "1天": 0.02027,
      "1星期": -0.00077,
      "1个月": -0.018427,
      "1年": 0.185163,
      "QTD": -0.006427,
      "YTD": -0.006427
    },
    "标普等权指数": {
      "收盘价": 199.660004,
      "1天": 0.001304,
      "1星期": 0.004933,
      "1个月": 0.039268,
      "1年": 0.115242,
      "QTD": 0.035259,
      "YTD": 0.035259
    },
    "垃圾债券利差": {
      "收盘价": 2.69,
      "1天": -0.04,
      "1星期": -0.07,
      "1个月": -0.21,
      "1年": -0.04
    },
    "PUT/CALL": {
      "收盘价": 1.05,
      "1天": -0.32,
      "1星期": -0.01,
      "1个月": 0.23,
      "1年": 0.19
    }
  }
}