{
  "updateTime": "2026-06-17 23:20:30",
  "assets": {
    "美元": {
      "收盘价": 100.388,
      "1天": 0.008519,
      "1星期": 0.004382,
      "1个月": 0.014328,
      "1年": 0.024367,
      "3年": -0.01696,
      "QTD": 0.007406,
      "YTD": 0.019996
    },
    "2年美债": {
      "收盘价": 3.647,
      "1天": 0.008015,
      "1星期": 0.005237,
      "1个月": 0.016444,
      "1年": -0.143495,
      "3年": -0.2842,
      "QTD": 0.011651,
      "YTD": 0.032267
    },
    "10年美债": {
      "收盘价": 4.463,
      "1天": -0.005349,
      "1星期": -0.019552,
      "1个月": 0.000448,
      "1年": 0.024329,
      "3年": 0.191722,
      "QTD": 0.033341,
      "YTD": 0.065918
    },
    "TLT": {
      "收盘价": 86.330002,
      "1天": 0.001624,
      "1星期": 0.017083,
      "1个月": 0.037214,
      "1年": 0.056254,
      "3年": -0.034459,
      "QTD": 0.008458,
      "YTD": 0.010718
    },
    "标普500": {
      "收盘价": 740.960022,
      "1天": -0.012488,
      "1星期": 0.021408,
      "1个月": 0.003127,
      "1年": 0.243536,
      "3年": 0.763349,
      "QTD": 0.130822,
      "YTD": 0.087553
    },
    "纳指": {
      "收盘价": 722.51001,
      "1天": -0.01007,
      "1星期": 0.041546,
      "1个月": 0.023559,
      "1年": 0.358826,
      "3年": 1.024241,
      "QTD": 0.236518,
      "YTD": 0.179901
    },
    "道指": {
      "收盘价": 516.299988,
      "1天": -0.009857,
      "1星期": 0.032084,
      "1个月": 0.038812,
      "1年": 0.229725,
      "3年": 0.582679,
      "QTD": 0.11026,
      "YTD": 0.07262
    },
    "黄金": {
      "收盘价": 388.600006,
      "1天": -0.02271,
      "1星期": 0.037429,
      "1个月": -0.07129,
      "1年": 0.246392,
      "3年": 1.152432,
      "QTD": -0.112421,
      "YTD": -0.024304
    },
    "WTI原油": {
      "收盘价": 114.230003,
      "1天": -0.010739,
      "1星期": -0.149442,
      "1个月": -0.234845,
      "1年": 0.453493,
      "3年": 0.838268,
      "QTD": -0.079458,
      "YTD": 0.656468
    },
    "VIX": {
      "收盘价": 18.440001,
      "1天": 0.123705,
      "1星期": -0.170117,
      "1个月": 0.021041,
      "1年": -0.146296,
      "3年": 0.32853,
      "QTD": -0.248574,
      "YTD": 0.270848
    },
    "罗素2000": {
      "收盘价": 289.880005,
      "1天": -0.007532,
      "1星期": 0.030205,
      "1个月": 0.052902,
      "1年": 0.389623,
      "3年": 0.598027,
      "QTD": 0.164327,
      "YTD": 0.170055
    },
    "比特币": {
      "收盘价": 64393.148438,
      "1天": -0.018407,
      "1星期": 0.013376,
      "1个月": -0.133857,
      "1年": -0.477985,
      "3年": -0.05206,
      "5年": 2.824562,
      "QTD": -0.054135,
      "YTD": -0.274296
    },
    "通讯服务": {
      "收盘价": 116.5,
      "1天": -0.025757,
      "1星期": -0.003914,
      "1个月": -0.051899,
      "1年": 0.108922,
      "3年": 0.808627,
      "QTD": 0.016104,
      "YTD": -0.029544
    },
    "非必需品消费": {
      "收盘价": 115.489998,
      "1天": -0.025072,
      "1星期": 0.017623,
      "1个月": -0.007136,
      "1年": 0.087775,
      "3年": 0.428761,
      "QTD": 0.051821,
      "YTD": -0.022205
    },
    "必需品消费": {
      "收盘价": 83.68,
      "1天": -0.022316,
      "1星期": -0.021172,
      "1个月": -0.025844,
      "1年": 0.05878,
      "3年": 0.237218,
      "QTD": 0.027253,
      "YTD": 0.083164
    },
    "能源": {
      "收盘价": 54.669998,
      "1天": -0.012464,
      "1星期": -0.061459,
      "1个月": -0.097557,
      "1年": 0.284726,
      "3年": 0.489668,
      "QTD": -0.072918,
      "YTD": 0.205415
    },
    "银行": {
      "收盘价": 93.230003,
      "1天": -0.003421,
      "1星期": 0.043425,
      "1个月": 0.105931,
      "1年": 0.434429,
      "3年": 1.387902,
      "QTD": 0.163339,
      "YTD": 0.094059
    },
    "公共事业": {
      "收盘价": 44.459999,
      "1天": -0.013316,
      "1星期": 0.010455,
      "1个月": 0.011834,
      "1年": 0.128738,
      "3年": 0.471089,
      "QTD": -0.035784,
      "YTD": 0.036842
    },
    "REITS": {
      "收盘价": 100.620003,
      "1天": -0.026321,
      "1星期": -0.023241,
      "1个月": 0.002022,
      "1年": 0.088624,
      "3年": 0.279225,
      "QTD": 0.065705,
      "YTD": 0.078816
    },
    "科技": {
      "收盘价": 185.800003,
      "1天": -0.003433,
      "1星期": 0.051916,
      "1个月": 0.065611,
      "1年": 0.537704,
      "3年": 1.22314,
      "QTD": 0.377214,
      "YTD": 0.289196
    },
    "医疗": {
      "收盘价": 150.710007,
      "1天": -0.014581,
      "1星期": -0.014001,
      "1个月": 0.034244,
      "1年": 0.130335,
      "3年": 0.204342,
      "QTD": 0.020172,
      "YTD": -0.026882
    },
    "趋势板块": {
      "收盘价": 328.269989,
      "1天": 0.006809,
      "1星期": 0.077767,
      "1个月": 0.116583,
      "1年": 0.426733,
      "3年": 1.392047,
      "QTD": 0.340045,
      "YTD": 0.301497
    },
    "保险板块": {
      "收盘价": 135.039993,
      "1天": -0.005816,
      "1星期": 0.004402,
      "1个月": 0.005894,
      "1年": 0.046791,
      "3年": 0.652451,
      "QTD": 0.061309,
      "YTD": 0.018424
    },
    "芯片": {
      "收盘价": 599.72998,
      "1天": 0.01436,
      "1星期": 0.10804,
      "1个月": 0.210024,
      "1年": 1.649176,
      "3年": 2.604061,
      "QTD": 0.77236,
      "YTD": 0.913942
    },
    "罗素1000价值": {
      "收盘价": 240.380005,
      "1天": -0.010619,
      "1星期": 0.025072,
      "1个月": 0.036394,
      "1年": 0.283555,
      "3年": 0.635784,
      "QTD": 0.121885,
      "YTD": 0.140694
    },
    "罗素1000成长": {
      "收盘价": 121.599998,
      "1天": -0.014187,
      "1星期": 0.016853,
      "1个月": -0.019282,
      "1年": 0.190244,
      "3年": 0.831897,
      "QTD": 0.131869,
      "YTD": 0.032849
    },
    "前7大科技": {
      "收盘价": 64.540001,
      "1天": -0.028305,
      "1星期": 0.004983,
      "1个月": -0.070832,
      "1年": 0.212506,
      "3年": 1.250078,
      "QTD": 0.099864,
      "YTD": -0.012395
    },
    "标普等权指数": {
      "收盘价": 208.990005,
      "1天": -0.014988,
      "1星期": 0.011911,
      "1个月": 0.030523,
      "1年": 0.186754,
      "3年": 0.48863,
      "QTD": 0.085437,
      "YTD": 0.088275
    },
    "PUT/CALL": {
      "收盘价": 1.05,
      "1天": -0.32,
      "1星期": -0.01,
      "1个月": 0.23,
      "1年": 0.19,
      "3年": 0.15,
      "5年": 0.13
    }
  }
}