{
  "updateTime": "2026-04-15 22:38:51",
  "assets": {
    "美元": {
      "收盘价": 98.051003,
      "1天": -0.000703,
      "1星期": -0.010885,
      "1个月": -0.016638,
      "1年": -0.015947,
      "QTD": -0.016046,
      "YTD": -0.003749
    },
    "2年美债": {
      "收盘价": 3.612,
      "1天": 0.0,
      "1星期": 0.003333,
      "1个月": 0.001942,
      "1年": -0.142654,
      "QTD": 0.001942,
      "YTD": 0.022361
    },
    "10年美债": {
      "收盘价": 4.282,
      "1天": 0.006109,
      "1星期": -0.002097,
      "1个月": 0.014692,
      "1年": -0.046962,
      "QTD": -0.008567,
      "YTD": 0.022689
    },
    "TLT": {
      "收盘价": 86.830002,
      "1天": -0.004357,
      "1星期": -0.001035,
      "1个月": -0.000379,
      "1年": 0.044654,
      "QTD": 0.006608,
      "YTD": 0.008863
    },
    "标普500": {
      "收盘价": 699.940002,
      "1天": 0.007891,
      "1星期": 0.035399,
      "1个月": 0.049058,
      "1年": 0.325924,
      "QTD": 0.068219,
      "YTD": 0.027345
    },
    "纳指": {
      "收盘价": 637.400024,
      "1天": 0.013999,
      "1星期": 0.051659,
      "1个月": 0.063,
      "1年": 0.409519,
      "QTD": 0.090859,
      "YTD": 0.040912
    },
    "道指": {
      "收盘价": 484.720001,
      "1天": -0.001586,
      "1星期": 0.011604,
      "1个月": 0.032888,
      "1年": 0.224856,
      "QTD": 0.041334,
      "YTD": 0.00603
    },
    "黄金": {
      "收盘价": 440.459991,
      "1天": -0.010402,
      "1星期": 0.013647,
      "1个月": -0.043373,
      "1年": 0.478401,
      "QTD": 0.00603,
      "YTD": 0.105905
    },
    "WTI原油": {
      "收盘价": 122.589996,
      "1天": -0.010174,
      "1星期": -0.015974,
      "1个月": 0.065722,
      "1年": 0.844568,
      "QTD": -0.012088,
      "YTD": 0.777697
    },
    "VIX": {
      "收盘价": 18.17,
      "1天": -0.010349,
      "1星期": -0.136407,
      "1个月": -0.227137,
      "1年": -0.516241,
      "QTD": -0.259576,
      "YTD": 0.25224
    },
    "罗素2000": {
      "收盘价": 269.390015,
      "1天": 0.002493,
      "1星期": 0.034246,
      "1个月": 0.08416,
      "1年": 0.476964,
      "QTD": 0.07946,
      "YTD": 0.084771
    },
    "比特币": {
      "收盘价": 75006.507812,
      "1天": 0.01112,
      "1星期": 0.027781,
      "1个月": 0.051839,
      "1年": -0.347928,
      "QTD": 0.101764,
      "YTD": -0.154685
    },
    "通讯服务": {
      "收盘价": 122.07,
      "1天": 0.00776,
      "1星期": 0.029171,
      "1个月": 0.020908,
      "1年": 0.337595,
      "QTD": 0.057432,
      "YTD": 0.009928
    },
    "非必需品消费": {
      "收盘价": 118.18,
      "1天": 0.014943,
      "1星期": 0.066414,
      "1个月": 0.055414,
      "1年": 0.255683,
      "QTD": 0.076321,
      "YTD": 0.00057
    },
    "必需品消费": {
      "收盘价": 81.059998,
      "1天": -0.005033,
      "1星期": -0.020778,
      "1个月": -0.040759,
      "1年": 0.036735,
      "QTD": -0.00491,
      "YTD": 0.04925
    },
    "能源": {
      "收盘价": 55.759998,
      "1天": -0.003396,
      "1星期": -0.039449,
      "1个月": -0.030668,
      "1年": 0.458997,
      "QTD": -0.054435,
      "YTD": 0.229448
    },
    "银行": {
      "收盘价": 86.059998,
      "1天": 0.004318,
      "1星期": 0.020636,
      "1个月": 0.13335,
      "1年": 0.581566,
      "QTD": 0.073871,
      "YTD": 0.009918
    },
    "公共事业": {
      "收盘价": 46.02,
      "1天": -0.009684,
      "1星期": -0.016246,
      "1个月": -0.01943,
      "1年": 0.240292,
      "QTD": -0.001952,
      "YTD": 0.073222
    },
    "REITS": {
      "收盘价": 100.470001,
      "1天": 0.000498,
      "1星期": 0.02322,
      "1个月": 0.025466,
      "1年": 0.160864,
      "QTD": 0.058917,
      "YTD": 0.071944
    },
    "科技": {
      "收盘价": 150.300003,
      "1天": 0.015952,
      "1星期": 0.060766,
      "1个月": 0.084356,
      "1年": 0.524164,
      "QTD": 0.114076,
      "YTD": 0.042875
    },
    "医疗": {
      "收盘价": 147.770004,
      "1天": -0.007122,
      "1星期": -0.012695,
      "1个月": -0.017433,
      "1年": 0.098892,
      "QTD": 0.000271,
      "YTD": -0.045865
    },
    "趋势板块": {
      "收盘价": 269.98999,
      "1天": -0.001258,
      "1星期": 0.039863,
      "1个月": 0.095032,
      "1年": 0.388173,
      "QTD": 0.100921,
      "YTD": 0.069252
    },
    "保险板块": {
      "收盘价": 132.320007,
      "1天": 0.009614,
      "1星期": 0.005777,
      "1个月": 0.020169,
      "1年": 0.052691,
      "QTD": 0.036909,
      "YTD": -0.00499
    },
    "芯片": {
      "收盘价": 401.859985,
      "1天": 0.001545,
      "1星期": 0.084935,
      "1个月": 0.190266,
      "1年": 1.347774,
      "QTD": 0.187038,
      "YTD": 0.281863
    },
    "罗素1000价值": {
      "收盘价": 224.020004,
      "1天": -0.003248,
      "1星期": 0.009326,
      "1个月": 0.038144,
      "1年": 0.294423,
      "QTD": 0.042244,
      "YTD": 0.059719
    },
    "罗素1000成长": {
      "收盘价": 468.910004,
      "1天": 0.018108,
      "1星期": 0.058129,
      "1个月": 0.058082,
      "1年": 0.344754,
      "QTD": 0.09021,
      "YTD": -0.005167
    },
    "前7大科技": {
      "收盘价": 65.260002,
      "1天": 0.025939,
      "1星期": 0.09094,
      "1个月": 0.071945,
      "1年": 0.476104,
      "QTD": 0.112134,
      "YTD": -0.001377
    },
    "标普等权指数": {
      "收盘价": 199.729996,
      "1天": 0.000351,
      "1星期": 0.008941,
      "1个月": 0.028852,
      "1年": 0.253454,
      "QTD": 0.037343,
      "YTD": 0.040055
    },
    "PUT/CALL": {
      "收盘价": 1.05,
      "1天": -0.32,
      "1星期": -0.01,
      "1个月": 0.23,
      "1年": 0.19
    }
  }
}