{
  "updateTime": "2026-02-09 22:32:30",
  "assets": {
    "美元": {
      "收盘价": 96.870003,
      "1天": -0.007784,
      "1星期": -0.007581,
      "1个月": -0.020823,
      "1年": -0.103388,
      "QTD": -0.015749,
      "YTD": -0.015749
    },
    "2年美债": {
      "收盘价": 3.593,
      "1天": 0.000836,
      "1星期": 0.004192,
      "1个月": 0.024522,
      "1年": -0.147164,
      "QTD": 0.016983,
      "YTD": 0.016983
    },
    "10年美债": {
      "收盘价": 4.198,
      "1天": -0.001902,
      "1星期": -0.018012,
      "1个月": 0.003586,
      "1年": -0.054505,
      "QTD": 0.002627,
      "YTD": 0.002627
    },
    "TLT": {
      "收盘价": 87.519997,
      "1天": -0.000229,
      "1星期": 0.011207,
      "1个月": 0.005779,
      "1年": 0.01768,
      "QTD": 0.009477,
      "YTD": 0.009477
    },
    "标普500": {
      "收盘价": 693.950012,
      "1天": 0.004822,
      "1星期": -0.002099,
      "1个月": 0.006439,
      "1年": 0.157968,
      "QTD": 0.015779,
      "YTD": 0.015779
    },
    "纳指": {
      "收盘价": 614.320007,
      "1天": 0.00766,
      "1星期": -0.018878,
      "1个月": -0.009912,
      "1年": 0.165853,
      "QTD": 0.001957,
      "YTD": 0.001957
    },
    "道指": {
      "收盘价": 501.220001,
      "1天": 0.000379,
      "1星期": 0.014554,
      "1个月": 0.018012,
      "1年": 0.137875,
      "QTD": 0.036746,
      "YTD": 0.036746
    },
    "黄金": {
      "收盘价": 467.029999,
      "1天": 0.025403,
      "1星期": 0.093414,
      "1个月": 0.134973,
      "1年": 0.772881,
      "QTD": 0.172617,
      "YTD": 0.172617
    },
    "WTI原油": {
      "收盘价": 78.019997,
      "1天": 0.013378,
      "1星期": 0.035709,
      "1个月": 0.106039,
      "1年": 0.034062,
      "QTD": 0.13138,
      "YTD": 0.13138
    },
    "VIX": {
      "收盘价": 17.360001,
      "1天": -0.147766,
      "1星期": 0.062424,
      "1个月": 0.123625,
      "1年": 0.12,
      "QTD": 0.196416,
      "YTD": 0.196416
    },
    "罗素2000": {
      "收盘价": 266.880005,
      "1天": 0.007018,
      "1星期": 0.017927,
      "1个月": 0.033337,
      "1年": 0.180325,
      "QTD": 0.072755,
      "YTD": 0.072755
    },
    "比特币": {
      "收盘价": 70420.117188,
      "1天": 0.002212,
      "1星期": -0.035601,
      "1个月": -0.239142,
      "1年": -0.334916,
      "QTD": -0.206373,
      "YTD": -0.206373
    },
    "通讯服务": {
      "收盘价": 122.849998,
      "1天": 0.010778,
      "1星期": -0.021661,
      "1个月": 0.01353,
      "1年": 0.210987,
      "QTD": 0.016381,
      "YTD": 0.016381
    },
    "非必需品消费": {
      "收盘价": 117.550003,
      "1天": -0.003729,
      "1星期": -0.036238,
      "1个月": -0.043687,
      "1年": 0.030659,
      "QTD": -0.00676,
      "YTD": -0.00676
    },
    "必需品消费": {
      "收盘价": 87.43,
      "1天": -0.005799,
      "1星期": 0.034675,
      "1个月": 0.11461,
      "1年": 0.130215,
      "QTD": 0.12537,
      "YTD": 0.12537
    },
    "能源": {
      "收盘价": 53.639999,
      "1天": 0.007324,
      "1星期": 0.071728,
      "1个月": 0.152309,
      "1年": 0.251704,
      "QTD": 0.175027,
      "YTD": 0.175027
    },
    "银行": {
      "收盘价": 90.699997,
      "1天": 0.001104,
      "1星期": 0.034916,
      "1个月": 0.031385,
      "1年": 0.285901,
      "QTD": 0.057603,
      "YTD": 0.057603
    },
    "公共事业": {
      "收盘价": 43.48,
      "1天": 0.002999,
      "1星期": 0.020178,
      "1个月": 0.035485,
      "1年": 0.142324,
      "QTD": 0.006948,
      "YTD": 0.006948
    },
    "REITS": {
      "收盘价": 98.059998,
      "1天": 0.004096,
      "1星期": 0.029717,
      "1个月": 0.036794,
      "1年": 0.043403,
      "QTD": 0.043302,
      "YTD": 0.043302
    },
    "科技": {
      "收盘价": 143.350006,
      "1天": 0.01573,
      "1星期": -0.013149,
      "1个月": -0.00617,
      "1年": 0.228489,
      "QTD": -0.006583,
      "YTD": -0.006583
    },
    "医疗": {
      "收盘价": 156.320007,
      "1天": -0.008814,
      "1星期": 0.004047,
      "1个月": -0.011384,
      "1年": 0.081223,
      "QTD": 0.005209,
      "YTD": 0.005209
    },
    "趋势板块": {
      "收盘价": 257.429993,
      "1天": 0.015543,
      "1星期": -0.0036,
      "1个月": 0.016184,
      "1年": 0.149677,
      "QTD": 0.018597,
      "YTD": 0.018597
    },
    "保险板块": {
      "收盘价": 133.735001,
      "1天": -0.020759,
      "1星期": 0.004167,
      "1个月": -0.016799,
      "1年": 0.048466,
      "QTD": -0.00959,
      "YTD": -0.00959
    },
    "芯片": {
      "收盘价": 352.769989,
      "1天": 0.012223,
      "1星期": 0.000227,
      "1个月": 0.103855,
      "1年": 0.612614,
      "QTD": 0.124582,
      "YTD": 0.124582
    },
    "罗素1000价值": {
      "收盘价": 224.619995,
      "1天": 0.000223,
      "1星期": 0.013308,
      "1个月": 0.039234,
      "1年": 0.176331,
      "QTD": 0.05853,
      "YTD": 0.05853
    },
    "罗素1000成长": {
      "收盘价": 460.980011,
      "1天": 0.009062,
      "1星期": -0.013904,
      "1个月": -0.025989,
      "1年": 0.120952,
      "QTD": -0.022851,
      "YTD": -0.022851
    },
    "前7大科技": {
      "收盘价": 63.84,
      "1天": 0.011567,
      "1星期": -0.034994,
      "1个月": -0.030965,
      "1年": 0.168841,
      "QTD": -0.023106,
      "YTD": -0.023106
    },
    "标普等权指数": {
      "收盘价": 202.380005,
      "1天": 0.000593,
      "1星期": 0.016474,
      "1个月": 0.030133,
      "1年": 0.136802,
      "QTD": 0.049362,
      "YTD": 0.049362
    },
    "垃圾债券利差": {
      "收盘价": 2.87,
      "1天": -0.1,
      "1星期": -0.01,
      "1个月": 0.13,
      "1年": 0.21
    },
    "PUT/CALL": {
      "收盘价": 1.05,
      "1天": -0.32,
      "1星期": -0.01,
      "1个月": 0.23,
      "1年": 0.19
    }
  }
}