{
  "updateTime": "2026-03-03 22:24:36",
  "assets": {
    "美元": {
      "收盘价": 99.049004,
      "1天": 0.0068,
      "1星期": 0.011943,
      "1个月": 0.021229,
      "1年": -0.07214,
      "QTD": 0.006391,
      "YTD": 0.006391
    },
    "2年美债": {
      "收盘价": 3.595,
      "1天": 0.001393,
      "1星期": 0.001951,
      "1个月": 0.006439,
      "1年": -0.142619,
      "QTD": 0.017549,
      "YTD": 0.017549
    },
    "10年美债": {
      "收盘价": 4.056,
      "1天": 0.001976,
      "1星期": 0.005703,
      "1个月": -0.043622,
      "1年": -0.041361,
      "QTD": -0.031287,
      "YTD": -0.031287
    },
    "TLT": {
      "收盘价": 89.43,
      "1天": -0.002009,
      "1星期": -0.00192,
      "1个月": 0.033749,
      "1年": 0.014224,
      "QTD": 0.034937,
      "YTD": 0.034937
    },
    "标普500": {
      "收盘价": 680.330017,
      "1天": -0.008814,
      "1星期": -0.010213,
      "1个月": -0.016821,
      "1年": 0.158436,
      "QTD": -0.004157,
      "YTD": -0.004157
    },
    "纳指": {
      "收盘价": 601.580017,
      "1天": -0.010706,
      "1星期": -0.010348,
      "1个月": -0.032627,
      "1年": 0.18982,
      "QTD": -0.018822,
      "YTD": -0.018822
    },
    "道指": {
      "收盘价": 485.519989,
      "1天": -0.007482,
      "1星期": -0.012749,
      "1个月": -0.005945,
      "1年": 0.124555,
      "QTD": 0.005518,
      "YTD": 0.005518
    },
    "黄金": {
      "收盘价": 468.140015,
      "1天": -0.044612,
      "1星期": -0.013632,
      "1个月": 0.052118,
      "1年": 0.778175,
      "QTD": 0.175404,
      "YTD": 0.175404
    },
    "WTI原油": {
      "收盘价": 90.199997,
      "1天": 0.034522,
      "1星期": 0.116889,
      "1个月": 0.134306,
      "1年": 0.199149,
      "QTD": 0.308005,
      "YTD": 0.308005
    },
    "VIX": {
      "收盘价": 23.57,
      "1天": 0.099347,
      "1星期": 0.205627,
      "1个月": 0.351491,
      "1年": 0.200713,
      "QTD": 0.624397,
      "YTD": 0.624397
    },
    "罗素2000": {
      "收盘价": 259.23999,
      "1天": -0.017323,
      "1星期": -0.015532,
      "1个月": -0.001579,
      "1年": 0.221315,
      "QTD": 0.042045,
      "YTD": 0.042045
    },
    "比特币": {
      "收盘价": 68224.257812,
      "1天": -0.00802,
      "1星期": 0.011422,
      "1个月": -0.008281,
      "1年": -0.356652,
      "QTD": -0.23112,
      "YTD": -0.23112
    },
    "通讯服务": {
      "收盘价": 120.690002,
      "1天": -0.005111,
      "1星期": 0.000166,
      "1个月": -0.040925,
      "1年": 0.2123,
      "QTD": -0.001489,
      "YTD": -0.001489
    },
    "非必需品消费": {
      "收盘价": 114.360001,
      "1天": -0.009184,
      "1星期": -0.020387,
      "1个月": -0.056202,
      "1年": 0.068248,
      "QTD": -0.033714,
      "YTD": -0.033714
    },
    "必需品消费": {
      "收盘价": 87.739998,
      "1天": -0.010935,
      "1星期": -0.022287,
      "1个月": 0.050653,
      "1年": 0.084938,
      "QTD": 0.12936,
      "YTD": 0.12936
    },
    "能源": {
      "收盘价": 56.52,
      "1天": -0.009116,
      "1星期": 0.025771,
      "1个月": 0.10715,
      "1年": 0.28369,
      "QTD": 0.238116,
      "YTD": 0.238116
    },
    "银行": {
      "收盘价": 81.940002,
      "1天": -0.005944,
      "1星期": -0.013959,
      "1个月": -0.04942,
      "1年": 0.20527,
      "QTD": -0.044543,
      "YTD": -0.044543
    },
    "公共事业": {
      "收盘价": 47.07,
      "1天": -0.006333,
      "1星期": -0.002754,
      "1个月": 0.088324,
      "1年": 0.222281,
      "QTD": 0.090088,
      "YTD": 0.090088
    },
    "REITS": {
      "收盘价": 100.959999,
      "1天": -0.005712,
      "1星期": 0.001985,
      "1个月": 0.049371,
      "1年": 0.051227,
      "QTD": 0.074157,
      "YTD": 0.074157
    },
    "科技": {
      "收盘价": 137.5,
      "1天": -0.014619,
      "1星期": -0.020097,
      "1个月": -0.044343,
      "1年": 0.226946,
      "QTD": -0.047124,
      "YTD": -0.047124
    },
    "医疗": {
      "收盘价": 156.740005,
      "1天": -0.011291,
      "1星期": -0.007158,
      "1个月": 0.012925,
      "1年": 0.070952,
      "QTD": 0.00791,
      "YTD": 0.00791
    },
    "趋势板块": {
      "收盘价": 247.009995,
      "1天": -0.02637,
      "1星期": -0.020346,
      "1个月": -0.034702,
      "1年": 0.141877,
      "QTD": -0.022633,
      "YTD": -0.022633
    },
    "保险板块": {
      "收盘价": 136.462997,
      "1天": -0.007975,
      "1星期": 0.010687,
      "1个月": 0.026038,
      "1年": 0.020308,
      "QTD": 0.010612,
      "YTD": 0.010612
    },
    "芯片": {
      "收盘价": 334.779999,
      "1天": -0.049056,
      "1星期": -0.075296,
      "1个月": -0.033266,
      "1年": 0.616833,
      "QTD": 0.067232,
      "YTD": 0.067232
    },
    "罗素1000价值": {
      "收盘价": 222.270004,
      "1天": -0.012791,
      "1星期": -0.009448,
      "1个月": 0.010962,
      "1年": 0.164264,
      "QTD": 0.047455,
      "YTD": 0.047455
    },
    "罗素1000成长": {
      "收盘价": 448.660004,
      "1天": -0.006224,
      "1星期": -0.008837,
      "1个月": -0.037107,
      "1年": 0.141534,
      "QTD": -0.048966,
      "YTD": -0.048966
    },
    "前7大科技": {
      "收盘价": 61.290001,
      "1天": -0.005194,
      "1星期": -0.01637,
      "1个月": -0.073469,
      "1年": 0.214406,
      "QTD": -0.062127,
      "YTD": -0.062127
    },
    "标普等权指数": {
      "收盘价": 202.080002,
      "1天": -0.012268,
      "1星期": -0.006783,
      "1个月": 0.020194,
      "1年": 0.140976,
      "QTD": 0.047807,
      "YTD": 0.047807
    },
    "垃圾债券利差": {
      "收盘价": 3.03,
      "1天": -0.09,
      "1星期": 0.06,
      "1个月": 0.22,
      "1年": -0.15
    },
    "PUT/CALL": {
      "收盘价": 1.05,
      "1天": -0.32,
      "1星期": -0.01,
      "1个月": 0.23,
      "1年": 0.19
    }
  }
}