{
  "updateTime": "2026-06-10 23:23:09",
  "assets": {
    "美元": {
      "收盘价": 99.910004,
      "1天": -0.001399,
      "1星期": 0.006954,
      "1个月": 0.021157,
      "1年": 0.007259,
      "QTD": 0.002609,
      "YTD": 0.015139
    },
    "2年美债": {
      "收盘价": 3.635,
      "1天": -0.0,
      "1星期": 0.003312,
      "1个月": 0.009722,
      "1年": -0.142689,
      "QTD": 0.008322,
      "YTD": 0.028871
    },
    "10年美债": {
      "收盘价": 4.542,
      "1天": 0.003092,
      "1星期": 0.011356,
      "1个月": 0.029932,
      "1年": 0.013387,
      "QTD": 0.051632,
      "YTD": 0.084786
    },
    "TLT": {
      "收盘价": 84.879997,
      "1天": -0.00282,
      "1星期": -0.00504,
      "1个月": -0.004046,
      "1年": 0.038756,
      "QTD": -0.00848,
      "YTD": -0.006258
    },
    "标普500": {
      "收盘价": 725.429993,
      "1天": -0.015766,
      "1星期": -0.038197,
      "1个月": -0.018761,
      "1年": 0.223563,
      "QTD": 0.107121,
      "YTD": 0.064759
    },
    "纳指": {
      "收盘价": 693.690002,
      "1天": -0.019977,
      "1星期": -0.067884,
      "1个月": -0.027478,
      "1年": 0.31345,
      "QTD": 0.187195,
      "YTD": 0.132836
    },
    "道指": {
      "收盘价": 500.25,
      "1天": -0.017982,
      "1星期": -0.01576,
      "1个月": 0.006871,
      "1年": 0.185711,
      "QTD": 0.075746,
      "YTD": 0.039276
    },
    "黄金": {
      "收盘价": 374.579987,
      "1天": -0.041456,
      "1星期": -0.081619,
      "1个月": -0.138203,
      "1年": 0.221642,
      "QTD": -0.144443,
      "YTD": -0.059506
    },
    "WTI原油": {
      "收盘价": 134.300003,
      "1天": 0.022848,
      "1星期": -0.046571,
      "1个月": -0.031444,
      "1年": 0.863983,
      "QTD": 0.082279,
      "YTD": 0.947506
    },
    "VIX": {
      "收盘价": 22.219999,
      "1天": 0.118269,
      "1星期": 0.383562,
      "1个月": 0.235131,
      "1年": 0.310914,
      "QTD": -0.09454,
      "YTD": 0.531358
    },
    "罗素2000": {
      "收盘价": 282.049988,
      "1天": -0.01042,
      "1星期": -0.019536,
      "1个月": -0.011495,
      "1年": 0.33619,
      "QTD": 0.130189,
      "YTD": 0.135749
    },
    "比特币": {
      "收盘价": 61426.398438,
      "1天": -0.003526,
      "1星期": 0.008268,
      "1个月": -0.206969,
      "1年": -0.482284,
      "QTD": -0.097713,
      "YTD": -0.307731
    },
    "通讯服务": {
      "收盘价": 117.760002,
      "1天": -0.006496,
      "1星期": -0.029584,
      "1个月": -0.042602,
      "1年": 0.118049,
      "QTD": 0.020097,
      "YTD": -0.02573
    },
    "非必需品消费": {
      "收盘价": 113.489998,
      "1天": -0.02054,
      "1星期": -0.027756,
      "1个月": -0.049259,
      "1年": 0.069687,
      "QTD": 0.033607,
      "YTD": -0.039138
    },
    "必需品消费": {
      "收盘价": 85.489998,
      "1天": 0.016528,
      "1星期": 0.040531,
      "1个月": 0.025429,
      "1年": 0.076908,
      "QTD": 0.049472,
      "YTD": 0.106593
    },
    "能源": {
      "收盘价": 58.25,
      "1天": 0.014985,
      "1星期": -0.007835,
      "1个月": 0.018891,
      "1年": 0.438796,
      "QTD": -0.01221,
      "YTD": 0.28435
    },
    "银行": {
      "收盘价": 89.349998,
      "1天": -0.009314,
      "1星期": 0.025126,
      "1个月": 0.06066,
      "1年": 0.357591,
      "QTD": 0.114924,
      "YTD": 0.048527
    },
    "公共事业": {
      "收盘价": 44.0,
      "1天": 0.000455,
      "1星期": 0.006635,
      "1个月": -0.025255,
      "1年": 0.121906,
      "QTD": -0.04576,
      "YTD": 0.026114
    },
    "REITS": {
      "收盘价": 103.519997,
      "1天": 0.00029,
      "1星期": 0.0352,
      "1个月": 0.006612,
      "1年": 0.114821,
      "QTD": 0.091062,
      "YTD": 0.104485
    },
    "科技": {
      "收盘价": 176.630005,
      "1天": -0.022902,
      "1星期": -0.099883,
      "1个月": -0.007027,
      "1年": 0.483233,
      "QTD": 0.309243,
      "YTD": 0.225569
    },
    "医疗": {
      "收盘价": 152.850006,
      "1天": -0.011128,
      "1星期": 0.03592,
      "1个月": 0.068582,
      "1年": 0.159717,
      "QTD": 0.034658,
      "YTD": -0.013064
    },
    "趋势板块": {
      "收盘价": 304.920013,
      "1天": -0.021532,
      "1星期": -0.074598,
      "1个月": -0.005674,
      "1年": 0.328047,
      "QTD": 0.243353,
      "YTD": 0.207586
    },
    "保险板块": {
      "收盘价": 134.839996,
      "1天": 0.01697,
      "1星期": 0.053684,
      "1个月": 0.03294,
      "1年": 0.035906,
      "QTD": 0.056657,
      "YTD": 0.01396
    },
    "芯片": {
      "收盘价": 541.51001,
      "1天": -0.036699,
      "1星期": -0.120468,
      "1个月": 0.016424,
      "1年": 1.449743,
      "QTD": 0.599545,
      "YTD": 0.727322
    },
    "罗素1000价值": {
      "收盘价": 235.240005,
      "1天": -0.012302,
      "1星期": -0.016966,
      "1个月": 0.0026,
      "1年": 0.254477,
      "QTD": 0.094445,
      "YTD": 0.112795
    },
    "罗素1000成长": {
      "收盘价": 119.690002,
      "1天": -0.019095,
      "1星期": -0.054805,
      "1个月": -0.031007,
      "1年": 0.178205,
      "QTD": 0.113111,
      "YTD": 0.015731
    },
    "前7大科技": {
      "收盘价": 64.220001,
      "1天": -0.021931,
      "1星期": -0.061386,
      "1个月": -0.075173,
      "1年": 0.223254,
      "QTD": 0.09441,
      "YTD": -0.017291
    },
    "标普等权指数": {
      "收盘价": 206.529999,
      "1天": -0.012716,
      "1星期": -0.012999,
      "1个月": 0.012452,
      "1年": 0.175016,
      "QTD": 0.07266,
      "YTD": 0.075465
    },
    "PUT/CALL": {
      "收盘价": 1.05,
      "1天": -0.32,
      "1星期": -0.01,
      "1个月": 0.23,
      "1年": 0.19
    }
  }
}