{
  "updateTime": "2026-02-04 22:23:24",
  "assets": {
    "美元": {
      "收盘价": 97.650002,
      "1天": 0.002155,
      "1星期": 0.012442,
      "1个月": -0.006309,
      "1年": -0.095498,
      "QTD": -0.007824,
      "YTD": -0.007824
    },
    "2年美债": {
      "收盘价": 3.595,
      "1天": 0.001393,
      "1星期": 0.003629,
      "1个月": 0.02276,
      "1年": -0.142005,
      "QTD": 0.017549,
      "YTD": 0.017549
    },
    "10年美债": {
      "收盘价": 4.275,
      "1天": 0.000234,
      "1星期": 0.005646,
      "1个月": 0.026411,
      "1年": -0.058992,
      "QTD": 0.021018,
      "YTD": 0.021018
    },
    "TLT": {
      "收盘价": 86.540001,
      "1天": -0.002536,
      "1星期": -0.008322,
      "1个月": -0.006734,
      "1年": 0.025575,
      "QTD": -0.001827,
      "YTD": -0.001827
    },
    "标普500": {
      "收盘价": 686.190002,
      "1天": -0.004844,
      "1星期": -0.013273,
      "1个月": -0.002225,
      "1年": 0.161397,
      "QTD": 0.004421,
      "YTD": 0.004421
    },
    "纳指": {
      "收盘价": 605.75,
      "1天": -0.017469,
      "1星期": -0.043381,
      "1个月": -0.019806,
      "1年": 0.175083,
      "QTD": -0.01202,
      "YTD": -0.01202
    },
    "道指": {
      "收盘价": 494.75,
      "1天": 0.004956,
      "1星期": 0.009426,
      "1个月": 0.010534,
      "1年": 0.130999,
      "QTD": 0.023363,
      "YTD": 0.023363
    },
    "黄金": {
      "收盘价": 453.970001,
      "1天": -0.000704,
      "1星期": -0.082073,
      "1个月": 0.110603,
      "1年": 0.746441,
      "QTD": 0.139826,
      "YTD": 0.139826
    },
    "WTI原油": {
      "收盘价": 77.879997,
      "1天": 0.005292,
      "1星期": 0.016445,
      "1个月": 0.109086,
      "1年": 0.000771,
      "QTD": 0.12935,
      "YTD": 0.12935
    },
    "VIX": {
      "收盘价": 18.639999,
      "1天": 0.035556,
      "1星期": 0.140061,
      "1个月": 0.251007,
      "1年": 0.001074,
      "QTD": 0.284631,
      "YTD": 0.284631
    },
    "罗素2000": {
      "收盘价": 260.519989,
      "1天": -0.0086,
      "1星期": -0.010558,
      "1个月": 0.030823,
      "1年": 0.177008,
      "QTD": 0.04719,
      "YTD": 0.04719
    },
    "比特币": {
      "收盘价": 72467.765625,
      "1天": -0.041857,
      "1星期": -0.138608,
      "1个月": -0.252365,
      "1年": -0.327772,
      "QTD": -0.183296,
      "YTD": -0.183296
    },
    "通讯服务": {
      "收盘价": 122.75,
      "1天": -0.01048,
      "1星期": 8.1e-05,
      "1个月": 0.00689,
      "1年": 0.215581,
      "QTD": 0.015554,
      "YTD": 0.015554
    },
    "非必需品消费": {
      "收盘价": 120.099998,
      "1天": -0.007356,
      "1星期": -0.013714,
      "1个月": -0.001663,
      "1年": 0.057522,
      "QTD": 0.014787,
      "YTD": 0.014787
    },
    "必需品消费": {
      "收盘价": 86.989998,
      "1天": 0.013043,
      "1星期": 0.05673,
      "1个月": 0.124628,
      "1年": 0.12708,
      "QTD": 0.119706,
      "YTD": 0.119706
    },
    "能源": {
      "收盘价": 52.830002,
      "1天": 0.02245,
      "1星期": 0.055545,
      "1个月": 0.12668,
      "1年": 0.238114,
      "QTD": 0.157284,
      "YTD": 0.157284
    },
    "银行": {
      "收盘价": 89.099998,
      "1天": 0.008489,
      "1星期": 0.047127,
      "1个月": 0.014229,
      "1年": 0.301982,
      "QTD": 0.038946,
      "YTD": 0.038946
    },
    "公共事业": {
      "收盘价": 43.080002,
      "1天": -0.0037,
      "1星期": -0.00577,
      "1个月": 0.008899,
      "1年": 0.131815,
      "QTD": -0.002316,
      "YTD": -0.002316
    },
    "REITS": {
      "收盘价": 96.360001,
      "1天": 0.014316,
      "1星期": 0.013462,
      "1个月": 0.023691,
      "1年": 0.044734,
      "QTD": 0.025215,
      "YTD": 0.025215
    },
    "科技": {
      "收盘价": 138.119995,
      "1天": -0.027872,
      "1星期": -0.074449,
      "1个月": -0.044945,
      "1年": 0.220733,
      "QTD": -0.042827,
      "YTD": -0.042827
    },
    "医疗": {
      "收盘价": 156.029999,
      "1天": 0.012524,
      "1星期": 0.011146,
      "1个月": 0.006385,
      "1年": 0.076875,
      "QTD": 0.003344,
      "YTD": 0.003344
    },
    "趋势板块": {
      "收盘价": 247.050003,
      "1天": -0.036654,
      "1星期": -0.050136,
      "1个月": -0.031632,
      "1年": 0.138725,
      "QTD": -0.022475,
      "YTD": -0.022475
    },
    "保险板块": {
      "收盘价": 135.610001,
      "1天": 0.019011,
      "1星期": 0.030315,
      "1个月": -0.006957,
      "1年": 0.071258,
      "QTD": 0.004295,
      "YTD": 0.004295
    },
    "芯片": {
      "收盘价": 330.380005,
      "1天": -0.04415,
      "1星期": -0.083449,
      "1个月": 0.038735,
      "1年": 0.553273,
      "QTD": 0.053205,
      "YTD": 0.053205
    },
    "罗素1000价值": {
      "收盘价": 222.630005,
      "1天": 0.003245,
      "1星期": 0.015138,
      "1个月": 0.037322,
      "1年": 0.175584,
      "QTD": 0.049152,
      "YTD": 0.049152
    },
    "罗素1000成长": {
      "收盘价": 453.940002,
      "1天": -0.011412,
      "1星期": -0.040884,
      "1个月": -0.041451,
      "1年": 0.125199,
      "QTD": -0.037773,
      "YTD": -0.037773
    },
    "前7大科技": {
      "收盘价": 64.089996,
      "1天": -0.015212,
      "1星期": -0.03682,
      "1个月": -0.027318,
      "1年": 0.188864,
      "QTD": -0.019281,
      "YTD": -0.019281
    },
    "标普等权指数": {
      "收盘价": 200.300003,
      "1天": 0.008712,
      "1星期": 0.01029,
      "1个月": 0.029027,
      "1年": 0.130486,
      "QTD": 0.038577,
      "YTD": 0.038577
    },
    "垃圾债券利差": {
      "收盘价": 2.85,
      "1天": 0.04,
      "1星期": 0.13,
      "1个月": 0.06,
      "1年": 0.23
    },
    "PUT/CALL": {
      "收盘价": 1.05,
      "1天": -0.32,
      "1星期": -0.01,
      "1个月": 0.23,
      "1年": 0.19
    }
  }
}