{
  "updateTime": "2026-01-30 22:21:14",
  "assets": {
    "美元": {
      "收盘价": 97.147003,
      "1天": 0.009005,
      "1星期": -0.004641,
      "1个月": -0.011126,
      "1年": -0.098822,
      "QTD": -0.012934,
      "YTD": -0.012934
    },
    "2年美债": {
      "收盘价": 3.575,
      "1天": -0.001397,
      "1星期": -0.001954,
      "1个月": 0.009887,
      "1年": -0.146371,
      "QTD": 0.011888,
      "YTD": 0.011888
    },
    "10年美债": {
      "收盘价": 4.249,
      "1天": 0.005205,
      "1星期": 0.002359,
      "1个月": 0.028814,
      "1年": -0.067179,
      "QTD": 0.014808,
      "YTD": 0.014808
    },
    "TLT": {
      "收盘价": 87.129997,
      "1天": -0.005592,
      "1星期": -0.009098,
      "1个月": -0.008309,
      "1年": 0.034062,
      "QTD": 0.001149,
      "YTD": 0.001149
    },
    "标普500": {
      "收盘价": 691.969971,
      "1天": -0.002983,
      "1星期": 0.003975,
      "1个月": 0.00722,
      "1年": 0.163317,
      "QTD": 0.012881,
      "YTD": 0.012881
    },
    "纳指": {
      "收盘价": 621.869995,
      "1天": -0.012011,
      "1星期": -0.001365,
      "1个月": 0.003939,
      "1年": 0.200053,
      "QTD": 0.014271,
      "YTD": 0.014271
    },
    "道指": {
      "收盘价": 489.029999,
      "1天": -0.002407,
      "1星期": -0.00387,
      "1个月": 0.011615,
      "1年": 0.110648,
      "QTD": 0.011532,
      "YTD": 0.011532
    },
    "黄金": {
      "收盘价": 444.950012,
      "1天": -0.102742,
      "1星期": -0.028493,
      "1个月": 0.11547,
      "1年": 0.750393,
      "QTD": 0.117179,
      "YTD": 0.117179
    },
    "WTI原油": {
      "收盘价": 79.519997,
      "1天": 0.004802,
      "1星期": 0.075321,
      "1个月": 0.140235,
      "1年": 0.022371,
      "QTD": 0.153132,
      "YTD": 0.153132
    },
    "VIX": {
      "收盘价": 17.01,
      "1天": 0.007701,
      "1星期": 0.057178,
      "1个月": 0.18702,
      "1年": 0.027174,
      "QTD": 0.172295,
      "YTD": 0.172295
    },
    "罗素2000": {
      "收盘价": 259.649994,
      "1天": -0.014125,
      "1星期": -0.019486,
      "1个月": 0.046849,
      "1年": 0.160633,
      "QTD": 0.043693,
      "YTD": 0.043693
    },
    "比特币": {
      "收盘价": 83790.195312,
      "1天": -0.009122,
      "1星期": -0.032135,
      "1个月": -0.074276,
      "1年": -0.219015,
      "QTD": -0.055693,
      "YTD": -0.055693
    },
    "通讯服务": {
      "收盘价": 125.839996,
      "1天": -0.005296,
      "1星期": 0.033933,
      "1个月": 0.033424,
      "1年": 0.261204,
      "QTD": 0.041119,
      "YTD": 0.041119
    },
    "非必需品消费": {
      "收盘价": 121.169998,
      "1天": -0.000165,
      "1星期": -0.015918,
      "1个月": 0.00673,
      "1年": 0.058442,
      "QTD": 0.023828,
      "YTD": 0.023828
    },
    "必需品消费": {
      "收盘价": 83.510002,
      "1天": 0.016803,
      "1星期": 0.007237,
      "1个月": 0.068586,
      "1年": 0.086651,
      "QTD": 0.074913,
      "YTD": 0.074913
    },
    "能源": {
      "收盘价": 51.049999,
      "1天": 0.010691,
      "1星期": 0.037813,
      "1个月": 0.135454,
      "1年": 0.176258,
      "QTD": 0.118291,
      "YTD": 0.118291
    },
    "银行": {
      "收盘价": 86.199997,
      "1天": -0.000232,
      "1星期": 0.021206,
      "1个月": 0.015192,
      "1年": 0.244507,
      "QTD": 0.005131,
      "YTD": 0.005131
    },
    "公共事业": {
      "收盘价": 43.25,
      "1天": -0.001846,
      "1星期": 0.016212,
      "1个月": 0.00675,
      "1年": 0.15938,
      "QTD": 0.001621,
      "YTD": 0.001621
    },
    "REITS": {
      "收盘价": 96.209999,
      "1天": -0.000623,
      "1星期": 0.00177,
      "1个月": 0.015838,
      "1年": 0.051227,
      "QTD": 0.02362,
      "YTD": 0.02362
    },
    "科技": {
      "收盘价": 143.880005,
      "1天": -0.020358,
      "1星期": -0.00834,
      "1个月": -0.010522,
      "1年": 0.249472,
      "QTD": -0.002911,
      "YTD": -0.002911
    },
    "医疗": {
      "收盘价": 154.740005,
      "1天": 0.005981,
      "1星期": -0.017399,
      "1个月": -0.006038,
      "1年": 0.081023,
      "QTD": -0.004951,
      "YTD": -0.004951
    },
    "趋势板块": {
      "收盘价": 255.889999,
      "1天": -0.020029,
      "1星期": 0.001566,
      "1个月": 0.012263,
      "1年": 0.194356,
      "QTD": 0.012503,
      "YTD": 0.012503
    },
    "保险板块": {
      "收盘价": 133.004898,
      "1天": 0.004645,
      "1星期": 0.023666,
      "1个月": -0.030294,
      "1年": 0.043627,
      "QTD": -0.014997,
      "YTD": -0.014997
    },
    "芯片": {
      "收盘价": 346.299988,
      "1天": -0.041066,
      "1星期": 0.004613,
      "1个月": 0.135708,
      "1年": 0.626753,
      "QTD": 0.103956,
      "YTD": 0.103956
    },
    "罗素1000价值": {
      "收盘价": 219.860001,
      "1天": -0.001771,
      "1星期": 0.006316,
      "1个月": 0.037369,
      "1年": 0.160236,
      "QTD": 0.036098,
      "YTD": 0.036098
    },
    "罗素1000成长": {
      "收盘价": 465.950012,
      "1天": -0.007434,
      "1星期": -0.004933,
      "1个月": -0.023063,
      "1年": 0.142222,
      "QTD": -0.012316,
      "YTD": -0.012316
    },
    "前7大科技": {
      "收盘价": 66.150002,
      "1天": -0.003465,
      "1星期": 0.008077,
      "1个月": -0.003915,
      "1年": 0.206346,
      "QTD": 0.012242,
      "YTD": 0.012242
    },
    "标普等权指数": {
      "收盘价": 198.080002,
      "1天": -0.002216,
      "1星期": -0.003471,
      "1个月": 0.025206,
      "1年": 0.114494,
      "QTD": 0.027066,
      "YTD": 0.027066
    },
    "垃圾债券利差": {
      "收盘价": 2.77,
      "1天": 0.05,
      "1星期": 0.13,
      "1个月": -0.07,
      "1年": 0.11
    },
    "PUT/CALL": {
      "收盘价": 1.05,
      "1天": -0.32,
      "1星期": -0.01,
      "1个月": 0.23,
      "1年": 0.19
    }
  }
}