{
  "updateTime": "2026-04-06 22:32:31",
  "assets": {
    "美元": {
      "收盘价": 99.989998,
      "1天": -0.0004,
      "1星期": -0.001598,
      "1个月": 0.006746,
      "1年": -0.020378,
      "QTD": 0.003412,
      "YTD": 0.015952
    },
    "2年美债": {
      "收盘价": 3.623,
      "1天": 0.004436,
      "1星期": 0.004436,
      "1个月": 0.009755,
      "1年": -0.137997,
      "QTD": 0.004993,
      "YTD": 0.025474
    },
    "10年美债": {
      "收盘价": 4.335,
      "1天": 0.005101,
      "1星期": -0.023649,
      "1个月": 0.045586,
      "1年": 0.033127,
      "QTD": 0.003705,
      "YTD": 0.035348
    },
    "TLT": {
      "收盘价": 86.650002,
      "1天": -0.001613,
      "1星期": 0.015836,
      "1个月": -0.020203,
      "1年": -0.009276,
      "QTD": 0.004521,
      "YTD": 0.006772
    },
    "标普500": {
      "收盘价": 658.929993,
      "1天": 0.004727,
      "1星期": 0.039174,
      "1个月": -0.030207,
      "1年": 0.18062,
      "QTD": 0.005632,
      "YTD": -0.032848
    },
    "纳指": {
      "收盘价": 588.5,
      "1天": 0.006017,
      "1星期": 0.046073,
      "1个月": -0.0323,
      "1年": 0.241938,
      "QTD": 0.007171,
      "YTD": -0.038945
    },
    "道指": {
      "收盘价": 466.769989,
      "1天": 0.003677,
      "1星期": 0.034072,
      "1个月": -0.025137,
      "1年": 0.123266,
      "QTD": 0.002771,
      "YTD": -0.031225
    },
    "黄金": {
      "收盘价": 427.649994,
      "1天": -0.004099,
      "1星期": 0.031227,
      "1个月": -0.082552,
      "1年": 0.484071,
      "QTD": -0.023229,
      "YTD": 0.073742
    },
    "WTI原油": {
      "收盘价": 138.940002,
      "1天": 0.007396,
      "1星期": 0.11868,
      "1个月": 0.442633,
      "1年": 0.78724,
      "QTD": 0.119671,
      "YTD": 1.014791
    },
    "VIX": {
      "收盘价": 24.17,
      "1天": 0.012568,
      "1星期": -0.221578,
      "1个月": 0.017684,
      "1年": 0.123663,
      "QTD": -0.015077,
      "YTD": 0.665748
    },
    "罗素2000": {
      "收盘价": 252.360001,
      "1天": 0.004258,
      "1星期": 0.038091,
      "1个月": -0.015388,
      "1年": 0.258657,
      "QTD": 0.01122,
      "YTD": 0.016195
    },
    "比特币": {
      "收盘价": 69393.132812,
      "1天": 0.005961,
      "1星期": 0.01931,
      "1个月": -0.073041,
      "1年": -0.411546,
      "QTD": 0.01931,
      "YTD": -0.217947
    },
    "通讯服务": {
      "收盘价": 115.25,
      "1天": 0.002174,
      "1星期": 0.038288,
      "1个月": -0.045786,
      "1年": 0.218442,
      "QTD": -0.001646,
      "YTD": -0.046496
    },
    "非必需品消费": {
      "收盘价": 109.040001,
      "1天": 0.008229,
      "1星期": 0.031794,
      "1个月": -0.062557,
      "1年": 0.081126,
      "QTD": -0.006922,
      "YTD": -0.076814
    },
    "必需品消费": {
      "收盘价": 82.660004,
      "1天": 0.009403,
      "1星期": 0.010761,
      "1个月": -0.02675,
      "1年": 0.041642,
      "QTD": 0.014731,
      "YTD": 0.069961
    },
    "能源": {
      "收盘价": 59.68,
      "1天": 0.007257,
      "1星期": -0.046036,
      "1个月": 0.063561,
      "1年": 0.308743,
      "QTD": 0.01204,
      "YTD": 0.31588
    },
    "银行": {
      "收盘价": 81.07,
      "1天": 0.009715,
      "1星期": 0.063771,
      "1个月": 0.006522,
      "1年": 0.307885,
      "QTD": 0.011605,
      "YTD": -0.04864
    },
    "公共事业": {
      "收盘价": 46.169998,
      "1天": -0.003669,
      "1星期": 0.012722,
      "1个月": -0.008683,
      "1年": 0.195765,
      "QTD": 0.001301,
      "YTD": 0.076721
    },
    "REITS": {
      "收盘价": 96.370003,
      "1天": 0.001247,
      "1星期": 0.0406,
      "1个月": -0.035331,
      "1年": 0.02531,
      "QTD": 0.015704,
      "YTD": 0.0282
    },
    "科技": {
      "收盘价": 136.779999,
      "1天": 0.005809,
      "1星期": 0.052802,
      "1个月": -0.023041,
      "1年": 0.31305,
      "QTD": 0.013861,
      "YTD": -0.050935
    },
    "医疗": {
      "收盘价": 146.279999,
      "1天": -0.00361,
      "1星期": 0.021081,
      "1个月": -0.045667,
      "1年": 0.0318,
      "QTD": -0.009815,
      "YTD": -0.055486
    },
    "趋势板块": {
      "收盘价": 247.690002,
      "1天": 0.007484,
      "1星期": 0.050602,
      "1个月": 0.003571,
      "1年": 0.211477,
      "QTD": 0.00999,
      "YTD": -0.019064
    },
    "保险板块": {
      "收盘价": 129.0,
      "1天": 0.004204,
      "1星期": 0.027643,
      "1个月": -0.030745,
      "1年": -0.043242,
      "QTD": 0.010893,
      "YTD": -0.029955
    },
    "芯片": {
      "收盘价": 344.100006,
      "1天": 0.013221,
      "1星期": 0.063744,
      "1个月": 0.019398,
      "1年": 0.827626,
      "QTD": 0.016423,
      "YTD": 0.097619
    },
    "罗素1000价值": {
      "收盘价": 216.610001,
      "1天": 0.005058,
      "1星期": 0.031231,
      "1个月": -0.014307,
      "1年": 0.165511,
      "QTD": 0.00777,
      "YTD": 0.024666
    },
    "罗素1000成长": {
      "收盘价": 431.73999,
      "1天": 0.003953,
      "1星期": 0.045856,
      "1个月": -0.046135,
      "1年": 0.181322,
      "QTD": 0.00379,
      "YTD": -0.084026
    },
    "前7大科技": {
      "收盘价": 58.380001,
      "1天": 0.001888,
      "1星期": 0.05284,
      "1个月": -0.060811,
      "1年": 0.255554,
      "QTD": -0.005112,
      "YTD": -0.106656
    },
    "标普等权指数": {
      "收盘价": 193.919998,
      "1天": 0.004299,
      "1星期": 0.028972,
      "1个月": -0.028871,
      "1年": 0.127628,
      "QTD": 0.007167,
      "YTD": 0.009801
    },
    "PUT/CALL": {
      "收盘价": 1.05,
      "1天": -0.32,
      "1星期": -0.01,
      "1个月": 0.23,
      "1年": 0.19
    }
  }
}