{
  "updateTime": "2026-02-11 22:25:43",
  "assets": {
    "美元": {
      "收盘价": 96.905998,
      "1天": 0.001095,
      "1星期": -0.007314,
      "1个月": -0.019765,
      "1年": -0.10239,
      "QTD": -0.015383,
      "YTD": -0.015383
    },
    "2年美债": {
      "收盘价": 3.6,
      "1天": 0.002786,
      "1星期": 0.001391,
      "1个月": 0.018964,
      "1年": -0.148534,
      "QTD": 0.018964,
      "YTD": 0.018964
    },
    "10年美债": {
      "收盘价": 4.172,
      "1天": 0.006028,
      "1星期": -0.024094,
      "1个月": -0.003582,
      "1年": -0.071444,
      "QTD": -0.003582,
      "YTD": -0.003582
    },
    "TLT": {
      "收盘价": 88.059998,
      "1天": -0.005309,
      "1星期": 0.017564,
      "1个月": 0.008291,
      "1年": 0.033738,
      "QTD": 0.015705,
      "YTD": 0.015705
    },
    "标普500": {
      "收盘价": 691.960022,
      "1天": -0.000231,
      "1星期": 0.008409,
      "1个月": -0.004603,
      "1年": 0.157454,
      "QTD": 0.012867,
      "YTD": 0.012867
    },
    "纳指": {
      "收盘价": 613.109985,
      "1天": 0.002682,
      "1星期": 0.01215,
      "1个月": -0.022418,
      "1年": 0.164326,
      "QTD": -1.6e-05,
      "YTD": -1.6e-05
    },
    "道指": {
      "收盘价": 501.329987,
      "1天": -0.001136,
      "1星期": 0.0133,
      "1个月": 0.011316,
      "1年": 0.144726,
      "QTD": 0.036974,
      "YTD": 0.036974
    },
    "黄金": {
      "收盘价": 467.630005,
      "1天": 0.011311,
      "1星期": 0.03009,
      "1个月": 0.107524,
      "1年": 0.742482,
      "QTD": 0.174124,
      "YTD": 0.174124
    },
    "WTI原油": {
      "收盘价": 78.889999,
      "1天": 0.011021,
      "1星期": 0.012969,
      "1个月": 0.101047,
      "1年": 0.019251,
      "QTD": 0.143997,
      "YTD": 0.143997
    },
    "VIX": {
      "收盘价": 17.65,
      "1天": -0.00787,
      "1星期": -0.053112,
      "1个月": 0.167328,
      "1年": 0.116382,
      "QTD": 0.216402,
      "YTD": 0.216402
    },
    "罗素2000": {
      "收盘价": 264.950012,
      "1天": -0.004546,
      "1星期": 0.017005,
      "1个月": 0.013193,
      "1年": 0.180203,
      "QTD": 0.064997,
      "YTD": 0.064997
    },
    "比特币": {
      "收盘价": 67543.265625,
      "1天": -0.01818,
      "1星期": -0.042692,
      "1个月": -0.244288,
      "1年": -0.355085,
      "QTD": -0.238795,
      "YTD": -0.238795
    },
    "通讯服务": {
      "收盘价": 122.599998,
      "1天": -0.003414,
      "1星期": -0.001222,
      "1个月": 0.003027,
      "1年": 0.210027,
      "QTD": 0.014313,
      "YTD": 0.014313
    },
    "非必需品消费": {
      "收盘价": 117.760002,
      "1天": -0.004817,
      "1星期": -0.019484,
      "1个月": -0.054288,
      "1年": 0.049515,
      "QTD": -0.004985,
      "YTD": -0.004985
    },
    "必需品消费": {
      "收盘价": 88.400002,
      "1天": 0.014343,
      "1星期": 0.016209,
      "1个月": 0.102519,
      "1年": 0.137458,
      "QTD": 0.137856,
      "YTD": 0.137856
    },
    "能源": {
      "收盘价": 54.98,
      "1天": 0.026129,
      "1星期": 0.040697,
      "1个月": 0.186448,
      "1年": 0.255473,
      "QTD": 0.204381,
      "YTD": 0.204381
    },
    "银行": {
      "收盘价": 88.169998,
      "1天": -0.018042,
      "1星期": -0.010438,
      "1个月": 0.015783,
      "1年": 0.279081,
      "QTD": 0.028102,
      "YTD": 0.028102
    },
    "公共事业": {
      "收盘价": 44.59,
      "1天": 0.008824,
      "1星期": 0.035051,
      "1个月": 0.047205,
      "1年": 0.161253,
      "QTD": 0.032654,
      "YTD": 0.032654
    },
    "REITS": {
      "收盘价": 98.93,
      "1天": -0.003927,
      "1星期": 0.026671,
      "1个月": 0.042576,
      "1年": 0.055181,
      "QTD": 0.052559,
      "YTD": 0.052559
    },
    "科技": {
      "收盘价": 142.970001,
      "1天": 0.002946,
      "1星期": 0.035114,
      "1个月": -0.026024,
      "1年": 0.218023,
      "QTD": -0.009217,
      "YTD": -0.009217
    },
    "医疗": {
      "收盘价": 156.25,
      "1天": 0.005923,
      "1星期": 0.00141,
      "1个月": -0.00718,
      "1年": 0.086796,
      "QTD": 0.004759,
      "YTD": 0.004759
    },
    "趋势板块": {
      "收盘价": 255.149994,
      "1天": 0.000353,
      "1星期": 0.032787,
      "1个月": -0.014675,
      "1年": 0.134577,
      "QTD": 0.009575,
      "YTD": 0.009575
    },
    "保险板块": {
      "收盘价": 135.929993,
      "1天": 0.009131,
      "1星期": 0.00236,
      "1个月": 0.011083,
      "1年": 0.078644,
      "QTD": 0.006665,
      "YTD": 0.006665
    },
    "芯片": {
      "收盘价": 360.200012,
      "1天": 0.024955,
      "1星期": 0.09026,
      "1个月": 0.090359,
      "1年": 0.651076,
      "QTD": 0.148267,
      "YTD": 0.148267
    },
    "罗素1000价值": {
      "收盘价": 224.830002,
      "1天": 0.002184,
      "1星期": 0.009882,
      "1个月": 0.032657,
      "1年": 0.181807,
      "QTD": 0.059519,
      "YTD": 0.059519
    },
    "罗素1000成长": {
      "收盘价": 457.920013,
      "1天": -0.003482,
      "1星期": 0.008768,
      "1个月": -0.040503,
      "1年": 0.115186,
      "QTD": -0.029337,
      "YTD": -0.029337
    },
    "前7大科技": {
      "收盘价": 63.189999,
      "1天": -0.006134,
      "1星期": -0.014043,
      "1个月": -0.046692,
      "1年": 0.173671,
      "QTD": -0.033053,
      "YTD": -0.033053
    },
    "标普等权指数": {
      "收盘价": 203.460007,
      "1天": 0.001773,
      "1星期": 0.015776,
      "1个月": 0.028719,
      "1年": 0.145271,
      "QTD": 0.054962,
      "YTD": 0.054962
    },
    "垃圾债券利差": {
      "收盘价": 2.86,
      "1天": 0.02,
      "1星期": 0.01,
      "1个月": 0.11,
      "1年": 0.08
    },
    "PUT/CALL": {
      "收盘价": 1.05,
      "1天": -0.32,
      "1星期": -0.01,
      "1个月": 0.23,
      "1年": 0.19
    }
  }
}