{
  "updateTime": "2026-03-12 22:22:11",
  "assets": {
    "美元": {
      "收盘价": 99.744003,
      "1天": 0.00518,
      "1星期": 0.004269,
      "1个月": 0.030413,
      "1年": -0.037313,
      "QTD": 0.013453,
      "YTD": 0.013453
    },
    "2年美债": {
      "收盘价": 3.605,
      "1天": 0.001389,
      "1星期": 0.004738,
      "1个月": 0.004178,
      "1年": -0.140644,
      "QTD": 0.020379,
      "YTD": 0.020379
    },
    "10年美债": {
      "收盘价": 4.273,
      "1天": 0.015447,
      "1星期": 0.030632,
      "1个月": 0.030383,
      "1年": -0.003498,
      "QTD": 0.02054,
      "YTD": 0.02054
    },
    "TLT": {
      "收盘价": 86.970001,
      "1天": -0.001951,
      "1星期": -0.020498,
      "1个月": -0.014354,
      "1年": 0.00531,
      "QTD": 0.006469,
      "YTD": 0.006469
    },
    "标普500": {
      "收盘价": 666.059998,
      "1天": -0.015185,
      "1星期": -0.022383,
      "1个月": -0.037652,
      "1年": 0.212192,
      "QTD": -0.025045,
      "YTD": -0.025045
    },
    "纳指": {
      "收盘价": 597.26001,
      "1天": -0.017163,
      "1星期": -0.019132,
      "1个月": -0.023239,
      "1年": 0.272878,
      "QTD": -0.025868,
      "YTD": -0.025868
    },
    "道指": {
      "收盘价": 467.480011,
      "1天": -0.015438,
      "1星期": -0.025759,
      "1个月": -0.067423,
      "1年": 0.144463,
      "QTD": -0.031843,
      "YTD": -0.031843
    },
    "黄金": {
      "收盘价": 466.880005,
      "1天": -0.019654,
      "1星期": 0.001609,
      "1个月": 0.009689,
      "1年": 0.734582,
      "QTD": 0.172241,
      "YTD": 0.172241
    },
    "WTI原油": {
      "收盘价": 118.389999,
      "1天": 0.095696,
      "1星期": 0.22926,
      "1个月": 0.517237,
      "1年": 0.656963,
      "QTD": 0.716792,
      "YTD": 0.716792
    },
    "VIX": {
      "收盘价": 27.290001,
      "1天": 0.12629,
      "1星期": 0.149053,
      "1个月": 0.534008,
      "1年": 0.013744,
      "QTD": 0.880772,
      "YTD": 0.880772
    },
    "罗素2000": {
      "收盘价": 247.410004,
      "1天": -0.021515,
      "1星期": -0.036415,
      "1个月": -0.070446,
      "1年": 0.246288,
      "QTD": -0.005507,
      "YTD": -0.005507
    },
    "比特币": {
      "收盘价": 70163.125,
      "1天": -0.000595,
      "1星期": 0.042967,
      "1个月": 0.047875,
      "1年": -0.360106,
      "QTD": -0.209269,
      "YTD": -0.209269
    },
    "通讯服务": {
      "收盘价": 119.279999,
      "1天": -0.013889,
      "1星期": -0.012419,
      "1个月": -0.030402,
      "1年": 0.245213,
      "QTD": -0.013155,
      "YTD": -0.013155
    },
    "非必需品消费": {
      "收盘价": 111.519997,
      "1天": -0.022954,
      "1星期": -0.043157,
      "1个月": -0.057551,
      "1年": 0.145525,
      "QTD": -0.05771,
      "YTD": -0.05771
    },
    "必需品消费": {
      "收盘价": 84.25,
      "1天": -0.004019,
      "1星期": -0.013582,
      "1个月": -0.033276,
      "1年": 0.06237,
      "QTD": 0.084438,
      "YTD": 0.084438
    },
    "能源": {
      "收盘价": 57.509998,
      "1天": 0.009301,
      "1星期": 0.018237,
      "1个月": 0.073348,
      "1年": 0.360288,
      "QTD": 0.259803,
      "YTD": 0.259803
    },
    "银行": {
      "收盘价": 76.379997,
      "1天": -0.025019,
      "1星期": -0.057735,
      "1个月": -0.149349,
      "1年": 0.295901,
      "QTD": -0.109375,
      "YTD": -0.109375
    },
    "公共事业": {
      "收盘价": 46.5,
      "1天": 0.007148,
      "1星期": -0.008529,
      "1个月": 0.052036,
      "1年": 0.235713,
      "QTD": 0.076887,
      "YTD": 0.076887
    },
    "REITS": {
      "收盘价": 97.32,
      "1天": -0.00704,
      "1星期": -0.028549,
      "1个月": -0.020137,
      "1年": 0.050916,
      "QTD": 0.035429,
      "YTD": 0.035429
    },
    "科技": {
      "收盘价": 137.839996,
      "1天": -0.018443,
      "1星期": -0.016693,
      "1个月": -0.033041,
      "1年": 0.331081,
      "QTD": -0.044768,
      "YTD": -0.044768
    },
    "医疗": {
      "收盘价": 150.160004,
      "1天": -0.017599,
      "1星期": -0.024365,
      "1个月": -0.033284,
      "1年": 0.046154,
      "QTD": -0.034403,
      "YTD": -0.034403
    },
    "趋势板块": {
      "收盘价": 243.899994,
      "1天": -0.019655,
      "1星期": -0.012671,
      "1个月": -0.043754,
      "1年": 0.251549,
      "QTD": -0.034938,
      "YTD": -0.034938
    },
    "保险板块": {
      "收盘价": 130.949997,
      "1天": 0.002219,
      "1星期": -0.031005,
      "1个月": -0.02784,
      "1年": 0.00192,
      "QTD": -0.030216,
      "YTD": -0.030216
    },
    "芯片": {
      "收盘价": 330.190002,
      "1天": -0.034786,
      "1星期": -0.022412,
      "1个月": -0.060439,
      "1年": 0.730791,
      "QTD": 0.0526,
      "YTD": 0.0526
    },
    "罗素1000价值": {
      "收盘价": 214.669998,
      "1天": -0.013374,
      "1星期": -0.026837,
      "1个月": -0.043104,
      "1年": 0.183517,
      "QTD": 0.01164,
      "YTD": 0.01164
    },
    "罗素1000成长": {
      "收盘价": 443.299988,
      "1天": -0.01777,
      "1星期": -0.021456,
      "1个月": -0.035298,
      "1年": 0.22615,
      "QTD": -0.060327,
      "YTD": -0.060327
    },
    "前7大科技": {
      "收盘价": 60.950001,
      "1天": -0.019308,
      "1星期": -0.019466,
      "1个月": -0.041365,
      "1年": 0.329709,
      "QTD": -0.06733,
      "YTD": -0.06733
    },
    "标普等权指数": {
      "收盘价": 193.529999,
      "1天": -0.015465,
      "1星期": -0.034956,
      "1个月": -0.04712,
      "1年": 0.145467,
      "QTD": 0.003474,
      "YTD": 0.003474
    },
    "PUT/CALL": {
      "收盘价": 1.05,
      "1天": -0.32,
      "1星期": -0.01,
      "1个月": 0.23,
      "1年": 0.19
    }
  }
}