{
  "updateTime": "2026-04-10 22:33:48",
  "assets": {
    "美元": {
      "收盘价": 98.697998,
      "1天": -0.001235,
      "1星期": -0.013316,
      "1个月": -0.005361,
      "1年": -0.040836,
      "QTD": -0.009553,
      "YTD": 0.002825
    },
    "2年美债": {
      "收盘价": 3.593,
      "1天": 0.001393,
      "1星期": -0.003881,
      "1个月": -0.001944,
      "1年": -0.140019,
      "QTD": -0.003329,
      "YTD": 0.016983
    },
    "10年美债": {
      "收盘价": 4.317,
      "1天": 0.00559,
      "1星期": 0.000927,
      "1个月": 0.025903,
      "1年": 0.012905,
      "QTD": -0.000463,
      "YTD": 0.031049
    },
    "TLT": {
      "收盘价": 86.489998,
      "1天": -0.002422,
      "1星期": -0.003457,
      "1个月": -0.003494,
      "1年": 0.023369,
      "QTD": 0.002666,
      "YTD": 0.004913
    },
    "标普500": {
      "收盘价": 679.460022,
      "1天": -0.000662,
      "1星期": 0.036031,
      "1个月": 0.007372,
      "1年": 0.384243,
      "QTD": 0.036964,
      "YTD": -0.002714
    },
    "纳指": {
      "收盘价": 611.070007,
      "1天": 0.001442,
      "1星期": 0.0446,
      "1个月": 0.00683,
      "1年": 0.475816,
      "QTD": 0.045798,
      "YTD": -0.002087
    },
    "道指": {
      "收盘价": 479.25,
      "1天": -0.005499,
      "1星期": 0.030512,
      "1个月": 0.011532,
      "1年": 0.292836,
      "QTD": 0.029582,
      "YTD": -0.005323
    },
    "黄金": {
      "收盘价": 437.130005,
      "1天": -0.001781,
      "1星期": 0.017978,
      "1个月": -0.082122,
      "1年": 0.588408,
      "QTD": -0.001576,
      "YTD": 0.097544
    },
    "WTI原油": {
      "收盘价": 124.82,
      "1天": -0.016856,
      "1星期": -0.094983,
      "1个月": 0.155206,
      "1年": 0.970635,
      "QTD": 0.005883,
      "YTD": 0.810035
    },
    "VIX": {
      "收盘价": 19.23,
      "1天": -0.01334,
      "1星期": -0.194386,
      "1个月": -0.206356,
      "1年": -0.632524,
      "QTD": -0.216381,
      "YTD": 0.325293
    },
    "罗素2000": {
      "收盘价": 261.299988,
      "1天": -0.002519,
      "1星期": 0.039834,
      "1个月": 0.035257,
      "1年": 0.510788,
      "QTD": 0.047043,
      "YTD": 0.052194
    },
    "比特币": {
      "收盘价": 73026.765625,
      "1天": 0.017542,
      "1星期": 0.058637,
      "1个月": 0.035509,
      "1年": -0.355571,
      "QTD": 0.072684,
      "YTD": -0.176996
    },
    "通讯服务": {
      "收盘价": 118.279999,
      "1天": -0.006301,
      "1星期": 0.028522,
      "1个月": -0.022156,
      "1年": 0.382941,
      "QTD": 0.024601,
      "YTD": -0.021428
    },
    "非必需品消费": {
      "收盘价": 112.889999,
      "1天": 0.001331,
      "1星期": 0.043828,
      "1个月": -0.008965,
      "1年": 0.290487,
      "QTD": 0.028142,
      "YTD": -0.044218
    },
    "必需品消费": {
      "收盘价": 82.370003,
      "1天": -0.012942,
      "1星期": 0.005862,
      "1个月": -0.020763,
      "1年": 0.108682,
      "QTD": 0.011171,
      "YTD": 0.066207
    },
    "能源": {
      "收盘价": 56.939999,
      "1天": -0.006803,
      "1星期": -0.038987,
      "1个月": 0.005827,
      "1年": 0.537625,
      "QTD": -0.034424,
      "YTD": 0.255466
    },
    "银行": {
      "收盘价": 84.849998,
      "1天": -0.006789,
      "1星期": 0.056794,
      "1个月": 0.090029,
      "1年": 0.623451,
      "QTD": 0.058772,
      "YTD": -0.004281
    },
    "公共事业": {
      "收盘价": 46.959999,
      "1天": -0.00403,
      "1星期": 0.013379,
      "1个月": 0.024222,
      "1年": 0.321557,
      "QTD": 0.018434,
      "YTD": 0.095144
    },
    "REITS": {
      "收盘价": 99.019997,
      "1天": 0.001213,
      "1星期": 0.028779,
      "1个月": 0.013141,
      "1年": 0.199907,
      "QTD": 0.043634,
      "YTD": 0.056473
    },
    "科技": {
      "收盘价": 142.619995,
      "1天": 0.003871,
      "1星期": 0.048754,
      "1个月": 0.016858,
      "1年": 0.596117,
      "QTD": 0.057149,
      "YTD": -0.010414
    },
    "医疗": {
      "收盘价": 147.309998,
      "1天": -0.013527,
      "1星期": 0.003406,
      "1个月": -0.032283,
      "1年": 0.127517,
      "QTD": -0.002843,
      "YTD": -0.048836
    },
    "趋势板块": {
      "收盘价": 263.440002,
      "1天": 0.003925,
      "1星期": 0.071548,
      "1个月": 0.059834,
      "1年": 0.468494,
      "QTD": 0.074213,
      "YTD": 0.043312
    },
    "保险板块": {
      "收盘价": 129.690002,
      "1天": -0.017574,
      "1星期": 0.009575,
      "1个月": 0.007851,
      "1年": 0.083205,
      "QTD": 0.0163,
      "YTD": -0.024766
    },
    "芯片": {
      "收盘价": 386.600006,
      "1天": 0.02105,
      "1星期": 0.138365,
      "1个月": 0.130808,
      "1年": 1.512399,
      "QTD": 0.141963,
      "YTD": 0.233186
    },
    "罗素1000价值": {
      "收盘价": 221.850006,
      "1天": -0.005915,
      "1星期": 0.029371,
      "1个月": 0.023504,
      "1年": 0.353348,
      "QTD": 0.032149,
      "YTD": 0.049454
    },
    "罗素1000成长": {
      "收盘价": 446.26001,
      "1天": 0.002358,
      "1星期": 0.037717,
      "1个月": -0.010341,
      "1年": 0.398024,
      "QTD": 0.037549,
      "YTD": -0.05322
    },
    "前7大科技": {
      "收盘价": 61.139999,
      "1天": 0.006917,
      "1星期": 0.049253,
      "1个月": -0.016251,
      "1年": 0.531791,
      "QTD": 0.041922,
      "YTD": -0.064422
    },
    "标普等权指数": {
      "收盘价": 196.649994,
      "1天": -0.007219,
      "1星期": 0.018437,
      "1个月": 0.00469,
      "1年": 0.30748,
      "QTD": 0.021346,
      "YTD": 0.024017
    },
    "PUT/CALL": {
      "收盘价": 1.05,
      "1天": -0.32,
      "1星期": -0.01,
      "1个月": 0.23,
      "1年": 0.19
    }
  }
}