{
  "updateTime": "2026-02-18 22:28:42",
  "assets": {
    "美元": {
      "收盘价": 97.721001,
      "1天": 0.005774,
      "1星期": 0.009514,
      "1个月": -0.016792,
      "1年": -0.087146,
      "QTD": -0.007102,
      "YTD": -0.007102
    },
    "2年美债": {
      "收盘价": 3.603,
      "1天": 0.002783,
      "1星期": 0.003621,
      "1个月": 0.012932,
      "1年": -0.14479,
      "QTD": 0.019813,
      "YTD": 0.019813
    },
    "10年美债": {
      "收盘价": 4.079,
      "1天": 0.006663,
      "1星期": -0.016397,
      "1个月": -0.035925,
      "1年": -0.08788,
      "QTD": -0.025794,
      "YTD": -0.025794
    },
    "TLT": {
      "收盘价": 89.529999,
      "1天": -0.003783,
      "1星期": 0.011296,
      "1个月": 0.023604,
      "1年": 0.049226,
      "QTD": 0.032661,
      "YTD": 0.032661
    },
    "标普500": {
      "收盘价": 686.289978,
      "1天": 0.005038,
      "1星期": -0.008423,
      "1个月": -0.007764,
      "1年": 0.138837,
      "QTD": 0.004567,
      "YTD": 0.004567
    },
    "纳指": {
      "收盘价": 605.789978,
      "1天": 0.007467,
      "1星期": -0.009289,
      "1个月": -0.024901,
      "1年": 0.131399,
      "QTD": -0.011955,
      "YTD": -0.011955
    },
    "道指": {
      "收盘价": 497.0,
      "1天": 0.002319,
      "1星期": -0.009763,
      "1个月": 0.007255,
      "1年": 0.132268,
      "QTD": 0.028017,
      "YTD": 0.028017
    },
    "黄金": {
      "收盘价": 458.279999,
      "1天": 0.02249,
      "1星期": -0.00891,
      "1个月": 0.087802,
      "1年": 0.720981,
      "QTD": 0.150648,
      "YTD": 0.150648
    },
    "WTI原油": {
      "收盘价": 79.400002,
      "1天": 0.048462,
      "1星期": 0.017557,
      "1个月": 0.108165,
      "1年": 0.047217,
      "QTD": 0.151392,
      "YTD": 0.151392
    },
    "VIX": {
      "收盘价": 19.620001,
      "1天": -0.033021,
      "1星期": 0.102867,
      "1个月": 0.237074,
      "1年": 0.328368,
      "QTD": 0.352171,
      "YTD": 0.352171
    },
    "罗素2000": {
      "收盘价": 263.98999,
      "1天": 0.003612,
      "1星期": -0.008153,
      "1个月": -0.00666,
      "1年": 0.18139,
      "QTD": 0.061138,
      "YTD": 0.061138
    },
    "比特币": {
      "收盘价": 66285.109375,
      "1天": -0.017914,
      "1星期": -0.037363,
      "1个月": -0.256765,
      "1年": -0.390126,
      "QTD": -0.252974,
      "YTD": -0.252974
    },
    "通讯服务": {
      "收盘价": 120.010002,
      "1天": -0.000333,
      "1星期": -0.024468,
      "1个月": 0.00452,
      "1年": 0.156993,
      "QTD": -0.007115,
      "YTD": -0.007115
    },
    "非必需品消费": {
      "收盘价": 117.019997,
      "1天": 0.008445,
      "1星期": -0.011071,
      "1个月": -0.043173,
      "1年": 0.039933,
      "QTD": -0.011238,
      "YTD": -0.011238
    },
    "必需品消费": {
      "收盘价": 88.040001,
      "1天": -0.001814,
      "1星期": 0.010212,
      "1个月": 0.07222,
      "1年": 0.122005,
      "QTD": 0.133222,
      "YTD": 0.133222
    },
    "能源": {
      "收盘价": 54.779999,
      "1天": 0.019163,
      "1星期": 0.022396,
      "1个月": 0.148668,
      "1年": 0.257017,
      "QTD": 0.2,
      "YTD": 0.2
    },
    "银行": {
      "收盘价": 87.290001,
      "1天": 0.012762,
      "1星期": -0.027843,
      "1个月": 0.01335,
      "1年": 0.251595,
      "QTD": 0.01784,
      "YTD": 0.01784
    },
    "公共事业": {
      "收盘价": 45.610001,
      "1天": -0.016602,
      "1星期": 0.0319,
      "1个月": 0.051164,
      "1年": 0.186165,
      "QTD": 0.056276,
      "YTD": 0.056276
    },
    "REITS": {
      "收盘价": 100.010002,
      "1天": -0.011857,
      "1星期": 0.006947,
      "1个月": 0.017292,
      "1年": 0.068256,
      "QTD": 0.064049,
      "YTD": 0.064049
    },
    "科技": {
      "收盘价": 140.910004,
      "1天": 0.010252,
      "1星期": -0.011505,
      "1个月": -0.032344,
      "1年": 0.181713,
      "QTD": -0.023493,
      "YTD": -0.023493
    },
    "医疗": {
      "收盘价": 157.669998,
      "1天": 0.001906,
      "1星期": 0.015065,
      "1个月": 0.012392,
      "1年": 0.108034,
      "QTD": 0.01389,
      "YTD": 0.01389
    },
    "趋势板块": {
      "收盘价": 253.490005,
      "1天": 0.007312,
      "1星期": -0.006155,
      "1个月": -0.018926,
      "1年": 0.121172,
      "QTD": 0.003007,
      "YTD": 0.003007
    },
    "保险板块": {
      "收盘价": 135.369995,
      "1天": -0.008714,
      "1星期": 0.004974,
      "1个月": 0.039948,
      "1年": 0.073782,
      "QTD": 0.002518,
      "YTD": 0.002518
    },
    "芯片": {
      "收盘价": 357.920013,
      "1天": 0.010788,
      "1星期": 0.018467,
      "1个月": 0.045113,
      "1年": 0.615839,
      "QTD": 0.140999,
      "YTD": 0.140999
    },
    "罗素1000价值": {
      "收盘价": 224.309998,
      "1天": 0.004973,
      "1星期": -0.000134,
      "1个月": 0.024293,
      "1年": 0.174285,
      "QTD": 0.057069,
      "YTD": 0.057069
    },
    "罗素1000成长": {
      "收盘价": 452.170013,
      "1天": 0.006276,
      "1星期": -0.015995,
      "1个月": -0.039122,
      "1年": 0.090313,
      "QTD": -0.041525,
      "YTD": -0.041525
    },
    "前7大科技": {
      "收盘价": 61.689999,
      "1天": 0.006855,
      "1星期": -0.029726,
      "1个月": -0.049461,
      "1年": 0.126834,
      "QTD": -0.056006,
      "YTD": -0.056006
    },
    "标普等权指数": {
      "收盘价": 203.570007,
      "1天": 0.005185,
      "1星期": 0.002314,
      "1个月": 0.022708,
      "1年": 0.143676,
      "QTD": 0.055533,
      "YTD": 0.055533
    },
    "垃圾债券利差": {
      "收盘价": 2.94,
      "1天": 0.0,
      "1星期": 0.08,
      "1个月": 0.21,
      "1年": 0.0
    },
    "PUT/CALL": {
      "收盘价": 1.05,
      "1天": -0.32,
      "1星期": -0.01,
      "1个月": 0.23,
      "1年": 0.19
    }
  }
}