{
  "updateTime": "2026-04-13 22:40:18",
  "assets": {
    "美元": {
      "收盘价": 98.374001,
      "1天": -0.002798,
      "1星期": -0.016063,
      "1个月": -0.013696,
      "1年": -0.024745,
      "QTD": -0.012805,
      "YTD": -0.000467
    },
    "2年美债": {
      "收盘价": 3.603,
      "1天": 0.002783,
      "1星期": -0.00552,
      "1个月": -0.000555,
      "1年": -0.147824,
      "QTD": -0.000555,
      "YTD": 0.019813
    },
    "10年美债": {
      "收盘价": 4.297,
      "1天": -0.004633,
      "1星期": -0.008766,
      "1个月": 0.005617,
      "1年": -0.023409,
      "QTD": -0.005094,
      "YTD": 0.026272
    },
    "TLT": {
      "收盘价": 86.75,
      "1天": 0.003006,
      "1星期": 0.001154,
      "1个月": 0.001456,
      "1年": 0.020439,
      "QTD": 0.00568,
      "YTD": 0.007934
    },
    "标普500": {
      "收盘价": 686.099976,
      "1天": 0.009772,
      "1星期": 0.041233,
      "1个月": 0.032901,
      "1年": 0.264929,
      "QTD": 0.047097,
      "YTD": 0.007032
    },
    "纳指": {
      "收盘价": 617.390015,
      "1天": 0.010343,
      "1星期": 0.049091,
      "1个月": 0.035007,
      "1年": 0.331284,
      "QTD": 0.056614,
      "YTD": 0.008234
    },
    "道指": {
      "收盘价": 482.130005,
      "1天": 0.006009,
      "1星期": 0.032907,
      "1个月": 0.033566,
      "1年": 0.205801,
      "QTD": 0.03577,
      "YTD": 0.000655
    },
    "黄金": {
      "收盘价": 435.359985,
      "1天": -0.004049,
      "1星期": 0.018029,
      "1个月": -0.067512,
      "1年": 0.525545,
      "QTD": -0.005619,
      "YTD": 0.0931
    },
    "WTI原油": {
      "收盘价": 128.470001,
      "1天": 0.029242,
      "1星期": -0.075356,
      "1个月": 0.085142,
      "1年": 0.901006,
      "QTD": 0.035297,
      "YTD": 0.862964
    },
    "VIX": {
      "收盘价": 19.120001,
      "1天": -0.00572,
      "1星期": -0.208937,
      "1个月": -0.299377,
      "1年": -0.431291,
      "QTD": -0.220864,
      "YTD": 0.317712
    },
    "罗素2000": {
      "收盘价": 265.070007,
      "1天": 0.014428,
      "1星期": 0.050365,
      "1个月": 0.073285,
      "1年": 0.412518,
      "QTD": 0.062149,
      "YTD": 0.067375
    },
    "比特币": {
      "收盘价": 74246.015625,
      "1天": 0.049363,
      "1星期": 0.043905,
      "1个月": 0.046974,
      "1年": -0.354786,
      "QTD": 0.090593,
      "YTD": -0.163255
    },
    "通讯服务": {
      "收盘价": 118.669998,
      "1天": 0.003297,
      "1星期": 0.029675,
      "1个月": -0.005114,
      "1年": 0.278862,
      "QTD": 0.02798,
      "YTD": -0.018201
    },
    "非必需品消费": {
      "收盘价": 113.919998,
      "1天": 0.009124,
      "1星期": 0.044754,
      "1个月": 0.023573,
      "1年": 0.174393,
      "QTD": 0.037523,
      "YTD": -0.035498
    },
    "必需品消费": {
      "收盘价": 81.550003,
      "1天": -0.009955,
      "1星期": -0.013429,
      "1个月": -0.026599,
      "1年": 0.056679,
      "QTD": 0.001105,
      "YTD": 0.055593
    },
    "能源": {
      "收盘价": 57.110001,
      "1天": 0.002986,
      "1星期": -0.043063,
      "1个月": -0.000467,
      "1年": 0.431362,
      "QTD": -0.031541,
      "YTD": 0.259214
    },
    "银行": {
      "收盘价": 85.760002,
      "1天": 0.010725,
      "1星期": 0.057851,
      "1个月": 0.12999,
      "1年": 0.507317,
      "QTD": 0.070127,
      "YTD": 0.006398
    },
    "公共事业": {
      "收盘价": 46.389999,
      "1天": -0.012138,
      "1星期": 0.004765,
      "1个月": 0.004609,
      "1年": 0.256024,
      "QTD": 0.006072,
      "YTD": 0.081851
    },
    "REITS": {
      "收盘价": 99.449997,
      "1天": 0.004343,
      "1星期": 0.03196,
      "1个月": 0.024755,
      "1年": 0.138542,
      "QTD": 0.048166,
      "YTD": 0.061061
    },
    "科技": {
      "收盘价": 145.610001,
      "1天": 0.020965,
      "1星期": 0.064556,
      "1个月": 0.057683,
      "1年": 0.436693,
      "QTD": 0.079312,
      "YTD": 0.010333
    },
    "医疗": {
      "收盘价": 147.970001,
      "1天": 0.00448,
      "1星期": 0.011553,
      "1个月": -0.010533,
      "1年": 0.085392,
      "QTD": 0.001625,
      "YTD": -0.044574
    },
    "趋势板块": {
      "收盘价": 266.049988,
      "1天": 0.009907,
      "1星期": 0.074125,
      "1个月": 0.091794,
      "1年": 0.342377,
      "QTD": 0.084856,
      "YTD": 0.053648
    },
    "保险板块": {
      "收盘价": 131.679993,
      "1天": 0.015344,
      "1星期": 0.020775,
      "1个月": 0.021049,
      "1年": 0.038987,
      "QTD": 0.031894,
      "YTD": -0.009802
    },
    "芯片": {
      "收盘价": 393.339996,
      "1天": 0.017434,
      "1星期": 0.143098,
      "1个月": 0.191987,
      "1年": 1.155828,
      "QTD": 0.161872,
      "YTD": 0.254686
    },
    "罗素1000价值": {
      "收盘价": 223.710007,
      "1天": 0.008384,
      "1星期": 0.032778,
      "1个月": 0.046076,
      "1年": 0.273756,
      "QTD": 0.040802,
      "YTD": 0.058252
    },
    "罗素1000成长": {
      "收盘价": 452.420013,
      "1天": 0.013804,
      "1星期": 0.047899,
      "1个月": 0.021471,
      "1年": 0.269748,
      "QTD": 0.051871,
      "YTD": -0.040151
    },
    "前7大科技": {
      "收盘价": 61.759998,
      "1天": 0.010141,
      "1星期": 0.057896,
      "1个月": 0.01329,
      "1年": 0.349992,
      "QTD": 0.052488,
      "YTD": -0.054935
    },
    "标普等权指数": {
      "收盘价": 198.830002,
      "1天": 0.011086,
      "1星期": 0.02532,
      "1个月": 0.031784,
      "1年": 0.224083,
      "QTD": 0.032669,
      "YTD": 0.035369
    },
    "PUT/CALL": {
      "收盘价": 1.05,
      "1天": -0.32,
      "1星期": -0.01,
      "1个月": 0.23,
      "1年": 0.19
    }
  }
}