{
  "updateTime": "2026-01-28 22:22:57",
  "assets": {
    "美元": {
      "收盘价": 96.346001,
      "1天": 0.001309,
      "1星期": -0.024443,
      "1个月": -0.017078,
      "1年": -0.106832,
      "QTD": -0.021073,
      "YTD": -0.021073
    },
    "2年美债": {
      "收盘价": 3.582,
      "1天": 0.003361,
      "1星期": -0.001672,
      "1个月": 0.011008,
      "1年": -0.144699,
      "QTD": 0.013869,
      "YTD": 0.013869
    },
    "10年美债": {
      "收盘价": 4.251,
      "1天": 0.00663,
      "1星期": -0.00047,
      "1个月": 0.027805,
      "1年": -0.061175,
      "QTD": 0.015285,
      "YTD": 0.015285
    },
    "TLT": {
      "收盘价": 87.599998,
      "1天": -0.002278,
      "1星期": 0.003322,
      "1个月": -0.001596,
      "1年": 0.036812,
      "QTD": 0.006549,
      "YTD": 0.006549
    },
    "标普500": {
      "收盘价": 695.419983,
      "1天": -0.000101,
      "1星期": 0.014619,
      "1个月": 0.007402,
      "1年": 0.173877,
      "QTD": 0.017931,
      "YTD": 0.017931
    },
    "纳指": {
      "收盘价": 633.219971,
      "1天": 0.003311,
      "1星期": 0.027487,
      "1个月": 0.014954,
      "1年": 0.237688,
      "QTD": 0.032783,
      "YTD": 0.032783
    },
    "道指": {
      "收盘价": 490.130005,
      "1天": 0.000143,
      "1星期": -0.001365,
      "1个月": 0.00673,
      "1年": 0.113295,
      "QTD": 0.013807,
      "YTD": 0.013807
    },
    "黄金": {
      "收盘价": 494.559998,
      "1天": 0.038773,
      "1星期": 0.114878,
      "1个月": 0.186735,
      "1年": 0.95486,
      "QTD": 0.241739,
      "YTD": 0.241739
    },
    "WTI原油": {
      "收盘价": 76.620003,
      "1天": 0.012688,
      "1星期": 0.044723,
      "1个月": 0.118867,
      "1年": -0.01681,
      "QTD": 0.111079,
      "YTD": 0.111079
    },
    "VIX": {
      "收盘价": 16.35,
      "1天": 0.0,
      "1星期": -0.032544,
      "1个月": 0.202206,
      "1年": -0.086592,
      "QTD": 0.126809,
      "YTD": 0.126809
    },
    "罗素2000": {
      "收盘价": 263.299988,
      "1天": -0.005402,
      "1星期": -0.016767,
      "1个月": 0.047252,
      "1年": 0.175545,
      "QTD": 0.058365,
      "YTD": 0.058365
    },
    "比特币": {
      "收盘价": 89015.289062,
      "1天": -0.00098,
      "1星期": -0.005459,
      "1个月": -0.02511,
      "1年": -0.188395,
      "QTD": 0.003193,
      "YTD": 0.003193
    },
    "通讯服务": {
      "收盘价": 122.739998,
      "1天": -0.000733,
      "1星期": 0.031342,
      "1个月": 0.012122,
      "1年": 0.250066,
      "QTD": 0.015471,
      "YTD": 0.015471
    },
    "非必需品消费": {
      "收盘价": 121.769997,
      "1天": -0.007499,
      "1星期": 0.003048,
      "1个月": -0.002294,
      "1年": 0.061936,
      "QTD": 0.028897,
      "YTD": 0.028897
    },
    "必需品消费": {
      "收盘价": 82.32,
      "1天": -0.010101,
      "1星期": -0.001456,
      "1个月": 0.052282,
      "1年": 0.056975,
      "QTD": 0.059596,
      "YTD": 0.059596
    },
    "能源": {
      "收盘价": 50.049999,
      "1天": 0.007651,
      "1星期": 0.026667,
      "1个月": 0.132353,
      "1年": 0.144794,
      "QTD": 0.096385,
      "YTD": 0.096385
    },
    "银行": {
      "收盘价": 85.089996,
      "1天": -0.004679,
      "1星期": -0.013221,
      "1个月": -0.01482,
      "1年": 0.228308,
      "QTD": -0.007813,
      "YTD": -0.007813
    },
    "公共事业": {
      "收盘价": 43.330002,
      "1天": -0.002303,
      "1星期": 0.007206,
      "1个月": 0.012857,
      "1年": 0.147913,
      "QTD": 0.003474,
      "YTD": 0.003474
    },
    "REITS": {
      "收盘价": 95.080002,
      "1天": -0.009893,
      "1星期": -0.016244,
      "1个月": 0.008058,
      "1年": 0.014434,
      "QTD": 0.011597,
      "YTD": 0.011597
    },
    "科技": {
      "收盘价": 149.229996,
      "1天": 0.00797,
      "1星期": 0.037689,
      "1个月": 0.018426,
      "1年": 0.319679,
      "QTD": 0.034165,
      "YTD": 0.034165
    },
    "医疗": {
      "收盘价": 154.309998,
      "1天": -0.007334,
      "1星期": -0.024959,
      "1个月": -0.01115,
      "1年": 0.06421,
      "QTD": -0.007717,
      "YTD": -0.007717
    },
    "趋势板块": {
      "收盘价": 260.089996,
      "1天": -0.0005,
      "1星期": 0.018363,
      "1个月": 0.019841,
      "1年": 0.227692,
      "QTD": 0.029122,
      "YTD": 0.029122
    },
    "保险板块": {
      "收盘价": 131.619995,
      "1天": 0.006808,
      "1星期": 0.009898,
      "1个月": -0.038287,
      "1年": 0.028476,
      "QTD": -0.025254,
      "YTD": -0.025254
    },
    "芯片": {
      "收盘价": 360.459991,
      "1天": 0.026718,
      "1星期": 0.035388,
      "1个月": 0.17782,
      "1年": 0.707848,
      "QTD": 0.149096,
      "YTD": 0.149096
    },
    "罗素1000价值": {
      "收盘价": 219.309998,
      "1天": 0.000867,
      "1星期": 0.000821,
      "1个月": 0.03229,
      "1年": 0.148286,
      "QTD": 0.033506,
      "YTD": 0.033506
    },
    "罗素1000成长": {
      "收盘价": 473.290009,
      "1天": -0.002445,
      "1星期": 0.023507,
      "1个月": -0.014657,
      "1年": 0.177202,
      "QTD": 0.003243,
      "YTD": 0.003243
    },
    "前7大科技": {
      "收盘价": 66.540001,
      "1天": -0.00015,
      "1星期": 0.045569,
      "1个月": -0.00696,
      "1年": 0.237025,
      "QTD": 0.01821,
      "YTD": 0.01821
    },
    "标普等权指数": {
      "收盘价": 198.259995,
      "1天": -0.003368,
      "1星期": -0.005717,
      "1个月": 0.022802,
      "1年": 0.106329,
      "QTD": 0.028,
      "YTD": 0.028
    },
    "垃圾债券利差": {
      "收盘价": 2.71,
      "1天": 0.02,
      "1星期": -0.02,
      "1个月": -0.15,
      "1年": 0.04
    },
    "PUT/CALL": {
      "收盘价": 1.05,
      "1天": -0.32,
      "1星期": -0.01,
      "1个月": 0.23,
      "1年": 0.19
    }
  }
}