{
  "updateTime": "2026-02-12 22:28:33",
  "assets": {
    "美元": {
      "收盘价": 96.926003,
      "1天": 0.000991,
      "1星期": -0.009139,
      "1个月": -0.022233,
      "1年": -0.102038,
      "QTD": -0.01518,
      "YTD": -0.01518
    },
    "2年美债": {
      "收盘价": 3.598,
      "1天": -0.000556,
      "1星期": 0.00559,
      "1个月": 0.010674,
      "1年": -0.148402,
      "QTD": 0.018398,
      "YTD": 0.018398
    },
    "10年美债": {
      "收盘价": 4.104,
      "1天": -0.016299,
      "1星期": -0.025178,
      "1个月": -0.016063,
      "1年": -0.095438,
      "QTD": -0.019823,
      "YTD": -0.019823
    },
    "TLT": {
      "收盘价": 89.230003,
      "1天": 0.013286,
      "1星期": 0.020005,
      "1个月": 0.019942,
      "1年": 0.054225,
      "QTD": 0.0292,
      "YTD": 0.0292
    },
    "标普500": {
      "收盘价": 681.27002,
      "1天": -0.015449,
      "1星期": 0.005387,
      "1个月": -0.018017,
      "1年": 0.138706,
      "QTD": -0.002781,
      "YTD": -0.002781
    },
    "纳指": {
      "收盘价": 600.640015,
      "1天": -0.020339,
      "1星期": 0.006047,
      "1个月": -0.040879,
      "1年": 0.143367,
      "QTD": -0.020355,
      "YTD": -0.020355
    },
    "道指": {
      "收盘价": 494.670013,
      "1天": -0.013285,
      "1星期": 0.011781,
      "1个月": 0.005914,
      "1年": 0.126151,
      "QTD": 0.023198,
      "YTD": 0.023198
    },
    "黄金": {
      "收盘价": 451.390015,
      "1天": -0.034728,
      "1星期": 0.021522,
      "1个月": 0.070583,
      "1年": 0.688133,
      "QTD": 0.133348,
      "YTD": 0.133348
    },
    "WTI原油": {
      "收盘价": 76.379997,
      "1天": -0.031816,
      "1星期": -0.004042,
      "1个月": 0.039466,
      "1年": -0.024147,
      "QTD": 0.107599,
      "YTD": 0.107599
    },
    "VIX": {
      "收盘价": 20.82,
      "1天": 0.179603,
      "1星期": -0.043638,
      "1个月": 0.302879,
      "1年": 0.299625,
      "QTD": 0.434872,
      "YTD": 0.434872
    },
    "罗素2000": {
      "收盘价": 259.540009,
      "1天": -0.020419,
      "1星期": 0.014502,
      "1个月": -0.006926,
      "1年": 0.162865,
      "QTD": 0.043251,
      "YTD": 0.043251
    },
    "比特币": {
      "收盘价": 65720.835938,
      "1天": -0.018974,
      "1星期": -0.051401,
      "1个月": -0.265381,
      "1年": -0.352988,
      "QTD": -0.259333,
      "YTD": -0.259333
    },
    "通讯服务": {
      "收盘价": 120.779999,
      "1天": -0.014845,
      "1星期": -0.011135,
      "1个月": -0.002231,
      "1年": 0.190582,
      "QTD": -0.000745,
      "YTD": -0.000745
    },
    "非必需品消费": {
      "收盘价": 116.129997,
      "1天": -0.013842,
      "1星期": -0.011744,
      "1个月": -0.065051,
      "1年": 0.046874,
      "QTD": -0.018758,
      "YTD": -0.018758
    },
    "必需品消费": {
      "收盘价": 89.209999,
      "1天": 0.009163,
      "1星期": 0.026346,
      "1个月": 0.099864,
      "1年": 0.136916,
      "QTD": 0.148282,
      "YTD": 0.148282
    },
    "能源": {
      "收盘价": 53.98,
      "1天": -0.018188,
      "1星期": 0.033902,
      "1个月": 0.148511,
      "1年": 0.222776,
      "QTD": 0.182475,
      "YTD": 0.182475
    },
    "银行": {
      "收盘价": 85.339996,
      "1天": -0.032097,
      "1星期": -0.031658,
      "1个月": -0.003736,
      "1年": 0.22949,
      "QTD": -0.004897,
      "YTD": -0.004897
    },
    "公共事业": {
      "收盘价": 45.25,
      "1天": 0.014802,
      "1星期": 0.049884,
      "1个月": 0.056009,
      "1年": 0.172504,
      "QTD": 0.047939,
      "YTD": 0.047939
    },
    "REITS": {
      "收盘价": 98.870003,
      "1天": -0.000606,
      "1星期": 0.028396,
      "1个月": 0.036047,
      "1年": 0.050168,
      "QTD": 0.05192,
      "YTD": 0.05192
    },
    "科技": {
      "收盘价": 139.210007,
      "1天": -0.026299,
      "1星期": 0.026395,
      "1个月": -0.049631,
      "1年": 0.185438,
      "QTD": -0.035274,
      "YTD": -0.035274
    },
    "医疗": {
      "收盘价": 156.0,
      "1天": -0.0016,
      "1星期": 0.007492,
      "1个月": -0.004721,
      "1年": 0.087064,
      "QTD": 0.003151,
      "YTD": 0.003151
    },
    "趋势板块": {
      "收盘价": 250.199997,
      "1天": -0.0194,
      "1星期": 0.024864,
      "1个月": -0.033641,
      "1年": 0.11808,
      "QTD": -0.010011,
      "YTD": -0.010011
    },
    "保险板块": {
      "收盘价": 135.610001,
      "1天": -0.002354,
      "1星期": -0.008336,
      "1个月": 0.036932,
      "1年": 0.070094,
      "QTD": 0.004295,
      "YTD": 0.004295
    },
    "芯片": {
      "收盘价": 351.5,
      "1天": -0.024153,
      "1星期": 0.062479,
      "1个月": 0.054605,
      "1年": 0.609732,
      "QTD": 0.120533,
      "YTD": 0.120533
    },
    "罗素1000价值": {
      "收盘价": 222.210007,
      "1天": -0.011653,
      "1星期": 0.006249,
      "1个月": 0.021608,
      "1年": 0.165508,
      "QTD": 0.047173,
      "YTD": 0.047173
    },
    "罗素1000成长": {
      "收盘价": 448.959991,
      "1天": -0.019567,
      "1星期": 0.006389,
      "1个月": -0.05643,
      "1年": 0.096584,
      "QTD": -0.04833,
      "YTD": -0.04833
    },
    "前7大科技": {
      "收盘价": 61.73,
      "1天": -0.023105,
      "1星期": -0.017351,
      "1个月": -0.064555,
      "1年": 0.153309,
      "QTD": -0.055394,
      "YTD": -0.055394
    },
    "标普等权指数": {
      "收盘价": 200.789993,
      "1天": -0.013123,
      "1星期": 0.011231,
      "1个月": 0.015219,
      "1年": 0.130117,
      "QTD": 0.041118,
      "YTD": 0.041118
    },
    "垃圾债券利差": {
      "收盘价": 2.84,
      "1天": -0.02,
      "1星期": -0.02,
      "1个月": 0.08,
      "1年": 0.0
    },
    "PUT/CALL": {
      "收盘价": 1.05,
      "1天": -0.32,
      "1星期": -0.01,
      "1个月": 0.23,
      "1年": 0.19
    }
  }
}