{
  "updateTime": "2026-03-05 22:27:26",
  "assets": {
    "美元": {
      "收盘价": 99.054001,
      "1天": 0.002875,
      "1星期": 0.012926,
      "1个月": 0.016564,
      "1年": -0.063231,
      "QTD": 0.006442,
      "YTD": 0.006442
    },
    "2年美债": {
      "收盘价": 3.588,
      "1天": -0.001947,
      "1星期": 0.0,
      "1个月": -0.000557,
      "1年": -0.144696,
      "QTD": 0.015568,
      "YTD": 0.015568
    },
    "10年美债": {
      "收盘价": 4.146,
      "1天": 0.016176,
      "1星期": 0.032113,
      "1个月": -0.029949,
      "1年": -0.015202,
      "QTD": -0.009792,
      "YTD": -0.009792
    },
    "TLT": {
      "收盘价": 88.790001,
      "1天": -0.004038,
      "1星期": -0.013124,
      "1个月": 0.026801,
      "1年": 0.010919,
      "QTD": 0.023615,
      "YTD": 0.023615
    },
    "标普500": {
      "收盘价": 681.309998,
      "1天": -0.005576,
      "1星期": -0.011591,
      "1个月": -0.011921,
      "1年": 0.194936,
      "QTD": -0.002723,
      "YTD": -0.002723
    },
    "纳指": {
      "收盘价": 608.909973,
      "1天": -0.003013,
      "1星期": -0.000542,
      "1个月": -0.012344,
      "1年": 0.234988,
      "QTD": -0.006867,
      "YTD": -0.006867
    },
    "道指": {
      "收盘价": 479.839996,
      "1天": -0.016197,
      "1星期": -0.030352,
      "1个月": -0.02412,
      "1年": 0.144827,
      "QTD": -0.006245,
      "YTD": -0.006245
    },
    "黄金": {
      "收盘价": 466.130005,
      "1天": -0.012018,
      "1星期": -0.023771,
      "1个月": 0.026063,
      "1年": 0.732439,
      "QTD": 0.170358,
      "YTD": 0.170358
    },
    "WTI原油": {
      "收盘价": 96.309998,
      "1天": 0.051879,
      "1星期": 0.207346,
      "1个月": 0.243191,
      "1年": 0.313736,
      "QTD": 0.396607,
      "YTD": 0.396607
    },
    "VIX": {
      "收盘价": 23.75,
      "1天": 0.122931,
      "1星期": 0.274826,
      "1个月": 0.319444,
      "1年": 0.010208,
      "QTD": 0.636802,
      "YTD": 0.636802
    },
    "罗素2000": {
      "收盘价": 256.76001,
      "1天": -0.019101,
      "1星期": -0.0347,
      "1个月": -0.022909,
      "1年": 0.25786,
      "QTD": 0.032077,
      "YTD": 0.032077
    },
    "比特币": {
      "收盘价": 71244.554688,
      "1天": -0.020162,
      "1星期": 0.063417,
      "1个月": 0.075847,
      "1年": -0.333914,
      "QTD": -0.197081,
      "YTD": -0.197081
    },
    "通讯服务": {
      "收盘价": 120.779999,
      "1天": -0.008537,
      "1星期": -0.000827,
      "1个月": -0.02636,
      "1年": 0.229011,
      "QTD": -0.000745,
      "YTD": -0.000745
    },
    "非必需品消费": {
      "收盘价": 116.550003,
      "1天": 0.001375,
      "1星期": -0.004272,
      "1个月": -0.036697,
      "1年": 0.129066,
      "QTD": -0.015209,
      "YTD": -0.015209
    },
    "必需品消费": {
      "收盘价": 85.410004,
      "1天": -0.020078,
      "1星期": -0.038825,
      "1个月": -0.005357,
      "1年": 0.068733,
      "QTD": 0.099369,
      "YTD": 0.099369
    },
    "能源": {
      "收盘价": 56.48,
      "1天": 0.005161,
      "1星期": 0.025976,
      "1个月": 0.093091,
      "1年": 0.342223,
      "QTD": 0.23724,
      "YTD": 0.23724
    },
    "银行": {
      "收盘价": 81.059998,
      "1天": -0.016859,
      "1星期": -0.058208,
      "1个月": -0.082513,
      "1年": 0.272009,
      "QTD": -0.054804,
      "YTD": -0.054804
    },
    "公共事业": {
      "收盘价": 46.900002,
      "1天": -0.007827,
      "1星期": -0.005935,
      "1个月": 0.084644,
      "1年": 0.236281,
      "QTD": 0.086151,
      "YTD": 0.086151
    },
    "REITS": {
      "收盘价": 100.18,
      "1天": -0.008708,
      "1星期": -0.00861,
      "1个月": 0.054526,
      "1年": 0.049612,
      "QTD": 0.065858,
      "YTD": 0.065858
    },
    "科技": {
      "收盘价": 140.179993,
      "1天": 0.002431,
      "1星期": -0.005886,
      "1个月": -0.013373,
      "1年": 0.291105,
      "QTD": -0.028552,
      "YTD": -0.028552
    },
    "医疗": {
      "收盘价": 153.910004,
      "1天": -0.019994,
      "1星期": -0.022297,
      "1个月": -0.001233,
      "1年": 0.056867,
      "QTD": -0.010289,
      "YTD": -0.010289
    },
    "趋势板块": {
      "收盘价": 247.029999,
      "1天": -0.014678,
      "1星期": -0.030837,
      "1个月": -0.036732,
      "1年": 0.188151,
      "QTD": -0.022554,
      "YTD": -0.022554
    },
    "保险板块": {
      "收盘价": 135.139999,
      "1天": -0.007199,
      "1星期": -0.012135,
      "1个月": 0.015479,
      "1年": 0.026718,
      "QTD": 0.000815,
      "YTD": 0.000815
    },
    "芯片": {
      "收盘价": 337.76001,
      "1天": -0.011068,
      "1星期": -0.053363,
      "1个月": -0.022798,
      "1年": 0.681629,
      "QTD": 0.076732,
      "YTD": 0.076732
    },
    "罗素1000价值": {
      "收盘价": 220.589996,
      "1天": -0.011915,
      "1星期": -0.021253,
      "1个月": -0.005948,
      "1年": 0.190119,
      "QTD": 0.039538,
      "YTD": 0.039538
    },
    "罗素1000成长": {
      "收盘价": 453.019989,
      "1天": -8.8e-05,
      "1星期": -0.002488,
      "1个月": -0.013415,
      "1年": 0.189463,
      "QTD": -0.039724,
      "YTD": -0.039724
    },
    "前7大科技": {
      "收盘价": 62.16,
      "1天": -0.001125,
      "1星期": -0.001767,
      "1个月": -0.044868,
      "1年": 0.279881,
      "QTD": -0.048814,
      "YTD": -0.048814
    },
    "标普等权指数": {
      "收盘价": 200.539993,
      "1天": -0.011583,
      "1星期": -0.020466,
      "1个月": 0.009921,
      "1年": 0.16327,
      "QTD": 0.039822,
      "YTD": 0.039822
    },
    "垃圾债券利差": {
      "收盘价": 2.97,
      "1天": -0.11,
      "1星期": -0.01,
      "1个月": 0.11,
      "1年": -0.22
    },
    "PUT/CALL": {
      "收盘价": 1.05,
      "1天": -0.32,
      "1星期": -0.01,
      "1个月": 0.23,
      "1年": 0.19
    }
  }
}