{
  "updateTime": "2026-01-21 22:21:10",
  "assets": {
    "美元": {
      "收盘价": 98.790001,
      "1天": 0.001521,
      "1星期": -0.00343,
      "1个月": 0.003657,
      "1年": -0.085786,
      "QTD": 0.003759,
      "YTD": 0.003759
    },
    "2年美债": {
      "收盘价": 3.588,
      "1天": 0.004479,
      "1星期": 0.007865,
      "1个月": 0.018739,
      "1年": -0.144288,
      "QTD": 0.015568,
      "YTD": 0.015568
    },
    "10年美债": {
      "收盘价": 4.253,
      "1天": -0.009779,
      "1星期": 0.01966,
      "1个月": 0.033285,
      "1年": -0.07724,
      "QTD": 0.015763,
      "YTD": 0.015763
    },
    "TLT": {
      "收盘价": 87.309998,
      "1天": 0.007617,
      "1星期": -0.005807,
      "1个月": -0.006464,
      "1年": 0.045943,
      "QTD": 0.003217,
      "YTD": 0.003217
    },
    "标普500": {
      "收盘价": 685.400024,
      "1天": 0.011541,
      "1星期": -0.012065,
      "1个月": 0.016195,
      "1年": 0.160428,
      "QTD": 0.003264,
      "YTD": 0.003264
    },
    "纳指": {
      "收盘价": 616.280029,
      "1天": 0.013518,
      "1星期": -0.015904,
      "1个月": 0.013075,
      "1年": 0.187192,
      "QTD": 0.005154,
      "YTD": 0.005154
    },
    "道指": {
      "收盘价": 490.799988,
      "1天": 0.012209,
      "1星期": -0.001956,
      "1个月": 0.024009,
      "1年": 0.146616,
      "QTD": 0.015193,
      "YTD": 0.015193
    },
    "黄金": {
      "收盘价": 443.600006,
      "1天": 0.014569,
      "1星期": 0.052107,
      "1个月": 0.112979,
      "1年": 0.779596,
      "QTD": 0.113789,
      "YTD": 0.113789
    },
    "WTI原油": {
      "收盘价": 73.339996,
      "1天": 0.020596,
      "1星期": -0.001905,
      "1个月": 0.091531,
      "1年": -0.111246,
      "QTD": 0.063515,
      "YTD": 0.063515
    },
    "VIX": {
      "收盘价": 16.9,
      "1天": -0.158785,
      "1星期": 0.057572,
      "1个月": 0.001778,
      "1年": 0.058234,
      "QTD": 0.164714,
      "YTD": 0.164714
    },
    "罗素2000": {
      "收盘价": 267.790009,
      "1天": 0.019842,
      "1星期": 0.024641,
      "1个月": 0.076716,
      "1年": 0.201107,
      "QTD": 0.076413,
      "YTD": 0.076413
    },
    "比特币": {
      "收盘价": 90092.625,
      "1天": 0.020176,
      "1星期": -0.05687,
      "1个月": 0.029526,
      "1年": -0.129871,
      "QTD": 0.015334,
      "YTD": 0.015334
    },
    "通讯服务": {
      "收盘价": 119.010002,
      "1天": 0.01242,
      "1星期": -0.016853,
      "1个月": -0.004683,
      "1年": 0.254334,
      "QTD": -0.015388,
      "YTD": -0.015388
    },
    "非必需品消费": {
      "收盘价": 121.400002,
      "1天": 0.01914,
      "1星期": -0.022623,
      "1个月": -0.005717,
      "1年": 0.068409,
      "QTD": 0.025771,
      "YTD": 0.025771
    },
    "必需品消费": {
      "收盘价": 82.440002,
      "1天": 0.000971,
      "1星期": 0.016398,
      "1个月": 0.049393,
      "1年": 0.096477,
      "QTD": 0.06114,
      "YTD": 0.06114
    },
    "能源": {
      "收盘价": 48.75,
      "1天": 0.02416,
      "1星期": 0.037234,
      "1个月": 0.114107,
      "1年": 0.072336,
      "QTD": 0.067908,
      "YTD": 0.067908
    },
    "银行": {
      "收盘价": 86.230003,
      "1天": 0.018064,
      "1星期": 0.006654,
      "1个月": 0.028127,
      "1年": 0.262748,
      "QTD": 0.00548,
      "YTD": 0.00548
    },
    "公共事业": {
      "收盘价": 43.02,
      "1天": 0.001397,
      "1星期": 0.003967,
      "1个月": 0.003759,
      "1年": 0.122498,
      "QTD": -0.003705,
      "YTD": -0.003705
    },
    "REITS": {
      "收盘价": 96.650002,
      "1天": 0.002489,
      "1星期": 0.012784,
      "1个月": 0.035573,
      "1年": 0.055135,
      "QTD": 0.028301,
      "YTD": 0.028301
    },
    "科技": {
      "收盘价": 143.809998,
      "1天": 0.013889,
      "1星期": -0.018228,
      "1个月": 0.017579,
      "1年": 0.236221,
      "QTD": -0.003396,
      "YTD": -0.003396
    },
    "医疗": {
      "收盘价": 158.259995,
      "1天": 0.018404,
      "1星期": 0.009698,
      "1个月": 0.032642,
      "1年": 0.148835,
      "QTD": 0.017684,
      "YTD": 0.017684
    },
    "趋势板块": {
      "收盘价": 255.399994,
      "1天": 0.010125,
      "1星期": -0.013557,
      "1个月": 0.037916,
      "1年": 0.186529,
      "QTD": 0.010565,
      "YTD": 0.010565
    },
    "保险板块": {
      "收盘价": 130.330002,
      "1天": 0.003542,
      "1星期": -0.003441,
      "1个月": -0.047295,
      "1年": 0.034772,
      "QTD": -0.034807,
      "YTD": -0.034807
    },
    "芯片": {
      "收盘价": 348.140015,
      "1天": 0.031985,
      "1星期": 0.044525,
      "1个月": 0.192097,
      "1年": 0.526057,
      "QTD": 0.109822,
      "YTD": 0.109822
    },
    "罗素1000价值": {
      "收盘价": 219.130005,
      "1天": 0.014773,
      "1星期": 0.007448,
      "1个月": 0.048168,
      "1年": 0.16514,
      "QTD": 0.032658,
      "YTD": 0.032658
    },
    "罗素1000成长": {
      "收盘价": 462.420013,
      "1天": 0.008198,
      "1星期": -0.028141,
      "1个月": -0.010358,
      "1年": 0.140755,
      "QTD": -0.019798,
      "YTD": -0.019798
    },
    "前7大科技": {
      "收盘价": 63.639999,
      "1天": 0.011122,
      "1星期": -0.035611,
      "1个月": -0.030271,
      "1年": 0.164759,
      "QTD": -0.026167,
      "YTD": -0.026167
    },
    "标普等权指数": {
      "收盘价": 199.399994,
      "1天": 0.016932,
      "1星期": 0.008191,
      "1个月": 0.041695,
      "1年": 0.126719,
      "QTD": 0.033911,
      "YTD": 0.033911
    },
    "垃圾债券利差": {
      "收盘价": 2.73,
      "1天": 0.08,
      "1星期": -0.02,
      "1个月": -0.22,
      "1年": 0.05
    },
    "PUT/CALL": {
      "收盘价": 1.05,
      "1天": -0.32,
      "1星期": -0.01,
      "1个月": 0.23,
      "1年": 0.19
    }
  }
}