{
  "updateTime": "2026-05-12 22:57:01",
  "assets": {
    "美元": {
      "收盘价": 98.289001,
      "1天": 0.003563,
      "1星期": -0.001939,
      "1个月": -0.000823,
      "1年": -0.034394,
      "QTD": -0.013658,
      "YTD": -0.001331
    },
    "2年美债": {
      "收盘价": 3.603,
      "1天": 0.000833,
      "1星期": 0.000833,
      "1个月": 0.0,
      "1年": -0.145196,
      "QTD": -0.000555,
      "YTD": 0.019813
    },
    "10年美债": {
      "收盘价": 4.463,
      "1天": 0.012018,
      "1星期": 0.010643,
      "1个月": 0.038632,
      "1年": 0.020114,
      "QTD": 0.033341,
      "YTD": 0.065918
    },
    "TLT": {
      "收盘价": 84.989998,
      "1天": -0.006662,
      "1星期": -0.00515,
      "1个月": -0.016671,
      "1年": 0.020651,
      "QTD": -0.011085,
      "YTD": -0.008869
    },
    "标普500": {
      "收盘价": 738.179993,
      "1天": -0.001515,
      "1星期": 0.01991,
      "1个月": 0.075907,
      "1年": 0.323036,
      "QTD": 0.12658,
      "YTD": 0.083473
    },
    "纳指": {
      "收盘价": 707.23999,
      "1天": -0.008482,
      "1星期": 0.037602,
      "1个月": 0.145532,
      "1年": 0.456367,
      "QTD": 0.210385,
      "YTD": 0.154964
    },
    "道指": {
      "收盘价": 497.890015,
      "1天": 0.001569,
      "1星期": 0.010001,
      "1个月": 0.033127,
      "1年": 0.225986,
      "QTD": 0.070081,
      "YTD": 0.033803
    },
    "黄金": {
      "收盘价": 432.929993,
      "1天": -0.003957,
      "1星期": 0.035049,
      "1个月": -0.005582,
      "1年": 0.410931,
      "QTD": -0.011169,
      "YTD": 0.086999
    },
    "WTI原油": {
      "收盘价": 144.300003,
      "1天": 0.040675,
      "1星期": 0.000902,
      "1个月": 0.123219,
      "1年": 1.166341,
      "QTD": 0.162866,
      "YTD": 1.092517
    },
    "VIX": {
      "收盘价": 17.99,
      "1天": -0.021219,
      "1星期": 0.035098,
      "1个月": -0.0591,
      "1年": -0.178539,
      "QTD": -0.266911,
      "YTD": 0.239835
    },
    "罗素2000": {
      "收盘价": 282.570007,
      "1天": -0.009673,
      "1星期": 3.5e-05,
      "1个月": 0.06602,
      "1年": 0.422315,
      "QTD": 0.132273,
      "YTD": 0.137843
    },
    "比特币": {
      "收盘价": 80706.507812,
      "1天": -0.012502,
      "1星期": 0.008705,
      "1个月": 0.057021,
      "1年": -0.274226,
      "QTD": 0.185491,
      "YTD": -0.090446
    },
    "通讯服务": {
      "收盘价": 123.108002,
      "1天": 0.000878,
      "1星期": 0.000634,
      "1个月": 0.037398,
      "1年": 0.272929,
      "QTD": 0.066424,
      "YTD": 0.018516
    },
    "非必需品消费": {
      "收盘价": 118.290001,
      "1天": -0.009048,
      "1星期": 0.001863,
      "1个月": 0.03836,
      "1年": 0.178054,
      "QTD": 0.077322,
      "YTD": 0.001501
    },
    "必需品消费": {
      "收盘价": 84.440002,
      "1天": 0.012834,
      "1星期": 0.004521,
      "1个月": 0.035438,
      "1年": 0.072489,
      "QTD": 0.036582,
      "YTD": 0.093002
    },
    "能源": {
      "收盘价": 57.57,
      "1天": 0.006997,
      "1星期": -0.031623,
      "1个月": 0.008055,
      "1年": 0.441666,
      "QTD": -0.023741,
      "YTD": 0.269357
    },
    "银行": {
      "收盘价": 84.669998,
      "1天": 0.005104,
      "1星期": -0.017977,
      "1个月": -0.01271,
      "1年": 0.370066,
      "QTD": 0.056526,
      "YTD": -0.006394
    },
    "公共事业": {
      "收盘价": 45.189999,
      "1天": 0.001108,
      "1星期": -0.025447,
      "1个月": -0.025868,
      "1年": 0.158423,
      "QTD": -0.019952,
      "YTD": 0.053866
    },
    "REITS": {
      "收盘价": 102.849998,
      "1天": 9.7e-05,
      "1星期": 0.008927,
      "1个月": 0.034188,
      "1年": 0.115704,
      "QTD": 0.084001,
      "YTD": 0.097337
    },
    "科技": {
      "收盘价": 175.199997,
      "1天": -0.015066,
      "1星期": 0.057779,
      "1个月": 0.203214,
      "1年": 0.619497,
      "QTD": 0.298643,
      "YTD": 0.215647
    },
    "医疗": {
      "收盘价": 145.850006,
      "1天": 0.019645,
      "1星期": 0.003785,
      "1个月": -0.014327,
      "1年": 0.118866,
      "QTD": -0.012726,
      "YTD": -0.058263
    },
    "趋势板块": {
      "收盘价": 303.23999,
      "1天": -0.011152,
      "1星期": 0.041704,
      "1个月": 0.139786,
      "1年": 0.407315,
      "QTD": 0.236503,
      "YTD": 0.200933
    },
    "保险板块": {
      "收盘价": 131.410004,
      "1天": 0.006665,
      "1星期": 0.000228,
      "1个月": -0.00205,
      "1年": 0.00087,
      "QTD": 0.029778,
      "YTD": -0.011833
    },
    "芯片": {
      "收盘价": 515.98999,
      "1天": -0.031478,
      "1星期": 0.0689,
      "1个月": 0.311817,
      "1年": 1.677565,
      "QTD": 0.524163,
      "YTD": 0.645918
    },
    "罗素1000价值": {
      "收盘价": 234.210007,
      "1天": -0.00179,
      "1星期": 0.009395,
      "1个月": 0.046936,
      "1年": 0.287996,
      "QTD": 0.089653,
      "YTD": 0.107922
    },
    "罗素1000成长": {
      "收盘价": 123.349998,
      "1天": -0.001376,
      "1星期": 0.024417,
      "1个月": 0.09058,
      "1年": 0.321611,
      "QTD": 0.147148,
      "YTD": 0.046791
    },
    "前7大科技": {
      "收盘价": 69.120003,
      "1天": -0.004608,
      "1星期": 0.029951,
      "1个月": 0.119171,
      "1年": 0.464496,
      "QTD": 0.177914,
      "YTD": 0.057689
    },
    "标普等权指数": {
      "收盘价": 203.809998,
      "1天": -0.000882,
      "1星期": 0.002805,
      "1个月": 0.025047,
      "1年": 0.200864,
      "QTD": 0.058533,
      "YTD": 0.061301
    },
    "PUT/CALL": {
      "收盘价": 1.05,
      "1天": -0.32,
      "1星期": -0.01,
      "1个月": 0.23,
      "1年": 0.19
    }
  }
}