{
  "updateTime": "2026-01-26 22:18:48",
  "assets": {
    "美元": {
      "收盘价": 97.064003,
      "1天": -0.005492,
      "1星期": -0.023403,
      "1个月": -0.008944,
      "1年": -0.096575,
      "QTD": -0.013778,
      "YTD": -0.013778
    },
    "2年美债": {
      "收盘价": 3.575,
      "1天": -0.001954,
      "1星期": 0.00506,
      "1个月": 0.007894,
      "1年": -0.151436,
      "QTD": 0.011888,
      "YTD": 0.011888
    },
    "10年美债": {
      "收盘价": 4.213,
      "1天": -0.006133,
      "1星期": -0.004254,
      "1个月": 0.010554,
      "1年": -0.091634,
      "QTD": 0.00621,
      "YTD": 0.00621
    },
    "TLT": {
      "收盘价": 88.349998,
      "1天": 0.004777,
      "1星期": 0.006264,
      "1个月": 0.009714,
      "1年": 0.06279,
      "QTD": 0.015167,
      "YTD": 0.015167
    },
    "标普500": {
      "收盘价": 692.72998,
      "1天": 0.005078,
      "1星期": 0.001547,
      "1个月": 0.006933,
      "1年": 0.14943,
      "QTD": 0.013994,
      "YTD": 0.013994
    },
    "纳指": {
      "收盘价": 625.460022,
      "1天": 0.0044,
      "1星期": 0.00676,
      "1个月": 0.005385,
      "1年": 0.18022,
      "QTD": 0.020127,
      "YTD": 0.020127
    },
    "道指": {
      "收盘价": 494.059998,
      "1天": 0.006376,
      "1星期": 0.001297,
      "1个月": 0.02067,
      "1年": 0.126606,
      "QTD": 0.021936,
      "YTD": 0.021936
    },
    "黄金": {
      "收盘价": 464.700012,
      "1天": 0.014629,
      "1星期": 0.103041,
      "1个月": 0.123441,
      "1年": 0.829023,
      "QTD": 0.166767,
      "YTD": 0.166767
    },
    "WTI原油": {
      "收盘价": 73.480003,
      "1天": -0.006356,
      "1星期": 0.025541,
      "1个月": 0.045235,
      "1年": -0.072339,
      "QTD": 0.065545,
      "YTD": 0.065545
    },
    "VIX": {
      "收盘价": 16.15,
      "1天": 0.003729,
      "1星期": 0.018285,
      "1个月": 0.153571,
      "1年": 0.075233,
      "QTD": 0.113025,
      "YTD": 0.113025
    },
    "罗素2000": {
      "收盘价": 263.980011,
      "1天": -0.003134,
      "1星期": -0.006698,
      "1个月": 0.047207,
      "1年": 0.164037,
      "QTD": 0.061098,
      "YTD": 0.061098
    },
    "比特币": {
      "收盘价": 88030.734375,
      "1天": 0.016847,
      "1星期": -0.015062,
      "1个月": -0.062331,
      "1年": -0.166424,
      "QTD": -0.007903,
      "YTD": -0.007903
    },
    "通讯服务": {
      "收盘价": 122.650002,
      "1天": 0.007723,
      "1星期": 0.026618,
      "1个月": 0.014811,
      "1年": 0.264262,
      "QTD": 0.014727,
      "YTD": 0.014727
    },
    "非必需品消费": {
      "收盘价": 122.32,
      "1天": -0.006578,
      "1星期": 0.000164,
      "1个月": 0.001228,
      "1年": 0.066272,
      "QTD": 0.033545,
      "YTD": 0.033545
    },
    "必需品消费": {
      "收盘价": 82.779999,
      "1天": -0.001568,
      "1星期": 0.00816,
      "1个月": 0.067991,
      "1年": 0.097305,
      "QTD": 0.065517,
      "YTD": 0.065517
    },
    "能源": {
      "收盘价": 49.220001,
      "1天": 0.00061,
      "1星期": 0.032082,
      "1个月": 0.106067,
      "1年": 0.103342,
      "QTD": 0.078204,
      "YTD": 0.078204
    },
    "银行": {
      "收盘价": 85.129997,
      "1天": 0.00853,
      "1星期": -0.011725,
      "1个月": -0.007578,
      "1年": 0.239195,
      "QTD": -0.007346,
      "YTD": -0.007346
    },
    "公共事业": {
      "收盘价": 42.869999,
      "1天": 0.007284,
      "1星期": -0.011984,
      "1个月": 0.005866,
      "1年": 0.120716,
      "QTD": -0.007179,
      "YTD": -0.007179
    },
    "REITS": {
      "收盘价": 95.940002,
      "1天": -0.001041,
      "1星期": -0.024107,
      "1个月": 0.025657,
      "1年": 0.038312,
      "QTD": 0.020747,
      "YTD": 0.020747
    },
    "科技": {
      "收盘价": 146.080002,
      "1天": 0.006823,
      "1星期": 0.003159,
      "1个月": 0.000891,
      "1年": 0.215698,
      "QTD": 0.012335,
      "YTD": 0.012335
    },
    "医疗": {
      "收盘价": 158.100006,
      "1天": 0.003937,
      "1星期": 0.015153,
      "1个月": 0.020066,
      "1年": 0.116608,
      "QTD": 0.016655,
      "YTD": 0.016655
    },
    "趋势板块": {
      "收盘价": 256.950012,
      "1天": 0.005715,
      "1星期": -0.005534,
      "1个月": 0.010341,
      "1年": 0.15943,
      "QTD": 0.016698,
      "YTD": 0.016698
    },
    "保险板块": {
      "收盘价": 131.440002,
      "1天": 0.011622,
      "1星期": 0.009757,
      "1个月": -0.043098,
      "1年": 0.057452,
      "QTD": -0.026587,
      "YTD": -0.026587
    },
    "芯片": {
      "收盘价": 343.070007,
      "1天": -0.004758,
      "1星期": 0.001752,
      "1个月": 0.124967,
      "1年": 0.467861,
      "QTD": 0.093659,
      "YTD": 0.093659
    },
    "罗素1000价值": {
      "收盘价": 219.110001,
      "1天": 0.002884,
      "1星期": 0.000548,
      "1个月": 0.035443,
      "1年": 0.150197,
      "QTD": 0.032564,
      "YTD": 0.032564
    },
    "罗素1000成长": {
      "收盘价": 471.179993,
      "1天": 0.006236,
      "1星期": 0.001275,
      "1个月": -0.016941,
      "1年": 0.133728,
      "QTD": -0.001229,
      "YTD": -0.001229
    },
    "前7大科技": {
      "收盘价": 65.919998,
      "1天": 0.004572,
      "1星期": 0.015716,
      "1个月": -0.018234,
      "1年": 0.182598,
      "QTD": 0.008722,
      "YTD": 0.008722
    },
    "标普等权指数": {
      "收盘价": 199.240005,
      "1天": 0.002365,
      "1星期": 0.000955,
      "1个月": 0.03185,
      "1年": 0.111553,
      "QTD": 0.033081,
      "YTD": 0.033081
    },
    "垃圾债券利差": {
      "收盘价": 2.68,
      "1天": 0.04,
      "1星期": 0.03,
      "1个月": -0.15,
      "1年": -0.01
    },
    "PUT/CALL": {
      "收盘价": 1.05,
      "1天": -0.32,
      "1星期": -0.01,
      "1个月": 0.23,
      "1年": 0.19
    }
  }
}