{
  "updateTime": "2026-06-24 23:01:49",
  "assets": {
    "美元": {
      "收盘价": 101.584,
      "1天": 0.001716,
      "1星期": 0.020534,
      "1个月": 0.022795,
      "1年": 0.032148,
      "3年": -0.007872,
      "QTD": 0.019408,
      "YTD": 0.032148
    },
    "2年美债": {
      "收盘价": 3.69,
      "1天": 0.008748,
      "1星期": 0.019901,
      "1个月": 0.037391,
      "1年": -0.126214,
      "3年": -0.27003,
      "QTD": 0.023578,
      "YTD": 0.044438
    },
    "10年美债": {
      "收盘价": 4.402,
      "1天": -0.011009,
      "1星期": -0.018944,
      "1个月": -0.037183,
      "1年": 0.001137,
      "3年": 0.180794,
      "QTD": 0.019217,
      "YTD": 0.051349
    },
    "TLT": {
      "收盘价": 87.379997,
      "1天": 0.013689,
      "1星期": 0.013807,
      "1个月": 0.035943,
      "1年": 0.05296,
      "3年": -0.042581,
      "QTD": 0.020724,
      "YTD": 0.023011
    },
    "标普500": {
      "收盘价": 733.23999,
      "1天": -0.000464,
      "1星期": -0.020259,
      "1个月": -0.014097,
      "1年": 0.235299,
      "3年": 0.740924,
      "QTD": 0.121923,
      "YTD": 0.078995
    },
    "纳指": {
      "收盘价": 710.619995,
      "1天": -0.004246,
      "1星期": -0.025291,
      "1个月": -0.008556,
      "1年": 0.343069,
      "3年": 0.97064,
      "QTD": 0.217506,
      "YTD": 0.161759
    },
    "道指": {
      "收盘价": 518.52002,
      "1天": 0.003678,
      "1星期": -0.002886,
      "1个月": 0.027296,
      "1年": 0.236495,
      "3年": 0.600323,
      "QTD": 0.118077,
      "YTD": 0.080172
    },
    "黄金": {
      "收盘价": 365.920013,
      "1天": -0.030213,
      "1星期": -0.079747,
      "1个月": -0.115751,
      "1年": 0.176289,
      "3年": 1.035716,
      "QTD": -0.164223,
      "YTD": -0.081249
    },
    "WTI原油": {
      "收盘价": 106.290001,
      "1天": -0.04467,
      "1星期": -0.079501,
      "1个月": -0.245742,
      "1年": 0.391048,
      "3年": 0.66286,
      "QTD": -0.143444,
      "YTD": 0.541328
    },
    "VIX": {
      "收盘价": 18.629999,
      "1天": -0.044125,
      "1星期": 0.135283,
      "1个月": 0.122966,
      "1年": 0.065789,
      "3年": 0.411364,
      "QTD": -0.240831,
      "YTD": 0.283942
    },
    "罗素2000": {
      "收盘价": 296.690002,
      "1天": 0.004639,
      "1星期": 0.015783,
      "1个月": 0.043054,
      "1年": 0.415552,
      "3年": 0.660306,
      "QTD": 0.19168,
      "YTD": 0.197542
    },
    "比特币": {
      "收盘价": 60762.671875,
      "1天": -0.030404,
      "1星期": -0.043722,
      "1个月": -0.050796,
      "1年": -0.451517,
      "3年": -0.111202,
      "5年": 2.220138,
      "QTD": -0.107462,
      "YTD": -0.315211
    },
    "通讯服务": {
      "收盘价": 113.260002,
      "1天": -0.005881,
      "1星期": -0.052852,
      "1个月": -0.074827,
      "1年": 0.090236,
      "3年": 0.760134,
      "QTD": -0.012155,
      "YTD": -0.056533
    },
    "非必需品消费": {
      "收盘价": 115.07,
      "1天": 0.011515,
      "1星期": -0.026682,
      "1个月": -0.032562,
      "1年": 0.081754,
      "3年": 0.409753,
      "QTD": 0.050085,
      "YTD": -0.02382
    },
    "必需品消费": {
      "收盘价": 84.440002,
      "1天": 0.0086,
      "1星期": -0.006591,
      "1个月": 0.002664,
      "1年": 0.066117,
      "3年": 0.245039,
      "QTD": 0.043775,
      "YTD": 0.100585
    },
    "能源": {
      "收盘价": 53.57,
      "1天": -0.016342,
      "1星期": -0.025355,
      "1个月": -0.093018,
      "1年": 0.284185,
      "3年": 0.505184,
      "QTD": -0.085021,
      "YTD": 0.189679
    },
    "银行": {
      "收盘价": 93.730003,
      "1天": -0.004144,
      "1星期": 0.007066,
      "1个月": 0.088767,
      "1年": 0.399115,
      "3年": 1.462696,
      "QTD": 0.175581,
      "YTD": 0.105571
    },
    "公共事业": {
      "收盘价": 45.540001,
      "1天": 0.010428,
      "1星期": 0.017106,
      "1个月": 0.010602,
      "1年": 0.152387,
      "3年": 0.510729,
      "QTD": -0.006055,
      "YTD": 0.06881
    },
    "REITS": {
      "收盘价": 102.849998,
      "1天": -0.001359,
      "1星期": -0.004742,
      "1个月": 0.006182,
      "1年": 0.097894,
      "3年": 0.308346,
      "QTD": 0.089324,
      "YTD": 0.102725
    },
    "科技": {
      "收盘价": 183.050003,
      "1天": -0.006189,
      "1星期": -0.017012,
      "1个月": 0.015956,
      "1年": 0.515239,
      "3年": 1.175388,
      "QTD": 0.358448,
      "YTD": 0.27163
    },
    "医疗": {
      "收盘价": 153.350006,
      "1天": 0.007688,
      "1星期": 0.007103,
      "1个月": 0.027596,
      "1年": 0.180602,
      "3年": 0.226077,
      "QTD": 0.04262,
      "YTD": -0.005469
    },
    "趋势板块": {
      "收盘价": 328.410004,
      "1天": -0.004094,
      "1星期": 0.007238,
      "1个月": 0.082914,
      "1年": 0.412046,
      "3年": 1.371316,
      "QTD": 0.340617,
      "YTD": 0.302052
    },
    "保险板块": {
      "收盘价": 139.020004,
      "1天": 0.003537,
      "1星期": 0.023485,
      "1个月": 0.039633,
      "1年": 0.067334,
      "3年": 0.713794,
      "QTD": 0.092588,
      "YTD": 0.04844
    },
    "芯片": {
      "收盘价": 601.5,
      "1天": -0.003132,
      "1星期": 0.017353,
      "1个月": 0.119955,
      "1年": 1.667903,
      "3年": 2.656921,
      "QTD": 0.777591,
      "YTD": 0.919591
    },
    "罗素1000价值": {
      "收盘价": 241.0,
      "1天": 0.000208,
      "1星期": -0.008067,
      "1个月": 0.023019,
      "1年": 0.282486,
      "3年": 0.641059,
      "QTD": 0.124778,
      "YTD": 0.143636
    },
    "罗素1000成长": {
      "收盘价": 119.669998,
      "1天": -0.001169,
      "1星期": -0.029834,
      "1个月": -0.041797,
      "1年": 0.177323,
      "3年": 0.78697,
      "QTD": 0.113905,
      "YTD": 0.016456
    },
    "前7大科技": {
      "收盘价": 62.68,
      "1天": -0.007285,
      "1星期": -0.056308,
      "1个月": -0.096309,
      "1年": 0.179747,
      "3年": 1.160373,
      "QTD": 0.068166,
      "YTD": -0.040857
    },
    "标普等权指数": {
      "收盘价": 210.380005,
      "1天": 0.007133,
      "1星期": -0.004596,
      "1个月": 0.022339,
      "1年": 0.198214,
      "3年": 0.504883,
      "QTD": 0.096888,
      "YTD": 0.099756
    },
    "PUT/CALL": {
      "收盘价": 1.05,
      "1天": -0.32,
      "1星期": -0.01,
      "1个月": 0.23,
      "1年": 0.19,
      "3年": 0.15,
      "5年": 0.13
    }
  }
}