{
  "updateTime": "2026-01-09 22:18:20",
  "assets": {
    "美元": {
      "收盘价": 99.138,
      "1天": 0.002102,
      "1星期": 0.007295,
      "1个月": -0.000826,
      "1年": -0.091977,
      "QTD": 0.007295,
      "YTD": 0.007295
    },
    "2年美债": {
      "收盘价": 3.513,
      "1天": 0.001711,
      "1星期": -0.005661,
      "1个月": -0.032764,
      "1年": -0.164168,
      "QTD": -0.005661,
      "YTD": -0.005661
    },
    "10年美债": {
      "收盘价": 4.171,
      "1天": -0.002869,
      "1星期": -0.003821,
      "1个月": -0.003583,
      "1年": -0.109332,
      "QTD": -0.003821,
      "YTD": -0.003821
    },
    "TLT": {
      "收盘价": 87.93,
      "1天": 0.00664,
      "1星期": 0.010341,
      "1个月": 0.003435,
      "1年": 0.06894,
      "QTD": 0.010341,
      "YTD": 0.010341
    },
    "标普500": {
      "收盘价": 694.070007,
      "1天": 0.006613,
      "1星期": 0.015955,
      "1个月": 0.019151,
      "1年": 0.192974,
      "QTD": 0.015955,
      "YTD": 0.015955
    },
    "纳指": {
      "收盘价": 626.650024,
      "1天": 0.00996,
      "1星期": 0.022068,
      "1个月": 0.003852,
      "1年": 0.22254,
      "QTD": 0.022068,
      "YTD": 0.022068
    },
    "道指": {
      "收盘价": 495.019989,
      "1天": 0.005056,
      "1星期": 0.023551,
      "1个月": 0.041304,
      "1年": 0.182023,
      "QTD": 0.023551,
      "YTD": 0.023551
    },
    "黄金": {
      "收盘价": 414.470001,
      "1天": 0.007242,
      "1星期": 0.04065,
      "1个月": 0.069876,
      "1年": 0.694758,
      "QTD": 0.04065,
      "YTD": 0.04065
    },
    "WTI原油": {
      "收盘价": 70.779999,
      "1天": 0.003402,
      "1星期": 0.026392,
      "1个月": 0.013169,
      "1年": -0.094538,
      "QTD": 0.026392,
      "YTD": 0.026392
    },
    "VIX": {
      "收盘价": 14.49,
      "1天": -0.062136,
      "1星期": -0.001378,
      "1个月": -0.144123,
      "1年": -0.186869,
      "QTD": -0.001378,
      "YTD": -0.001378
    },
    "罗素2000": {
      "收盘价": 260.230011,
      "1天": 0.007589,
      "1星期": 0.046025,
      "1个月": 0.038636,
      "1年": 0.181558,
      "QTD": 0.046025,
      "YTD": 0.046025
    },
    "比特币": {
      "收盘价": 90282.796875,
      "1天": -0.008177,
      "1星期": -0.012369,
      "1个月": 0.024737,
      "1年": -0.068386,
      "QTD": 0.017477,
      "YTD": 0.017477
    },
    "通讯服务": {
      "收盘价": 121.879997,
      "1天": 0.005528,
      "1星期": 0.008356,
      "1个月": 0.00776,
      "1年": 0.286424,
      "QTD": 0.008356,
      "YTD": 0.008356
    },
    "非必需品消费": {
      "收盘价": 124.410004,
      "1天": 0.012122,
      "1星期": 0.051204,
      "1个月": 0.056591,
      "1年": 0.128576,
      "QTD": 0.051204,
      "YTD": 0.051204
    },
    "必需品消费": {
      "收盘价": 79.25,
      "1天": 0.010326,
      "1星期": 0.02008,
      "1个月": 0.024308,
      "1年": 0.054049,
      "QTD": 0.02008,
      "YTD": 0.02008
    },
    "能源": {
      "收盘价": 46.669998,
      "1天": 0.002578,
      "1星期": 0.022344,
      "1个月": 0.029931,
      "1年": 0.096859,
      "QTD": 0.022344,
      "YTD": 0.022344
    },
    "银行": {
      "收盘价": 87.610001,
      "1天": -0.003753,
      "1星期": 0.021572,
      "1个月": 0.070743,
      "1年": 0.349353,
      "QTD": 0.021572,
      "YTD": 0.021572
    },
    "公共事业": {
      "收盘价": 42.509998,
      "1天": 0.012384,
      "1星期": -0.015516,
      "1个月": 0.001836,
      "1年": 0.150185,
      "QTD": -0.015516,
      "YTD": -0.015516
    },
    "REITS": {
      "收盘价": 94.739998,
      "1天": 0.001692,
      "1星期": 0.00798,
      "1个月": 0.015365,
      "1年": 0.061191,
      "QTD": 0.00798,
      "YTD": 0.00798
    },
    "科技": {
      "收盘价": 146.149994,
      "1天": 0.013242,
      "1星期": 0.01282,
      "1个月": -0.011136,
      "1年": 0.257142,
      "QTD": 0.01282,
      "YTD": 0.01282
    },
    "医疗": {
      "收盘价": 157.309998,
      "1天": -0.005123,
      "1星期": 0.011575,
      "1个月": 0.05348,
      "1年": 0.14578,
      "QTD": 0.011575,
      "YTD": 0.011575
    },
    "趋势板块": {
      "收盘价": 256.98999,
      "1天": 0.014448,
      "1星期": 0.016856,
      "1个月": 0.016514,
      "1年": 0.242626,
      "QTD": 0.016856,
      "YTD": 0.016856
    },
    "保险板块": {
      "收盘价": 134.970001,
      "1天": -0.007719,
      "1星期": -0.000444,
      "1个月": 0.025656,
      "1年": 0.094945,
      "QTD": -0.000444,
      "YTD": -0.000444
    },
    "芯片": {
      "收盘价": 328.779999,
      "1天": 0.028788,
      "1星期": 0.048105,
      "1个月": 0.054718,
      "1年": 0.466405,
      "QTD": 0.048105,
      "YTD": 0.048105
    },
    "罗素1000价值": {
      "收盘价": 217.589996,
      "1天": 0.006709,
      "1星期": 0.025401,
      "1个月": 0.047931,
      "1年": 0.19091,
      "QTD": 0.025401,
      "YTD": 0.025401
    },
    "罗素1000成长": {
      "收盘价": 476.179993,
      "1天": 0.006127,
      "1星期": 0.009369,
      "1个月": -0.003821,
      "1年": 0.18398,
      "QTD": 0.009369,
      "YTD": 0.009369
    },
    "前7大科技": {
      "收盘价": 66.370003,
      "1天": 0.007438,
      "1星期": 0.015608,
      "1个月": 0.002745,
      "1年": 0.221112,
      "QTD": 0.015608,
      "YTD": 0.015608
    },
    "标普等权指数": {
      "收盘价": 197.600006,
      "1天": 0.005803,
      "1星期": 0.024577,
      "1个月": 0.04145,
      "1年": 0.144715,
      "QTD": 0.024577,
      "YTD": 0.024577
    },
    "垃圾债券利差": {
      "收盘价": 2.76,
      "1天": -0.03,
      "1星期": -0.05,
      "1个月": -0.13,
      "1年": 0.15
    },
    "PUT/CALL": {
      "收盘价": 1.05,
      "1天": -0.32,
      "1星期": -0.01,
      "1个月": 0.23,
      "1年": 0.19
    }
  }
}