{
  "updateTime": "2026-05-25 22:56:59",
  "assets": {
    "美元": {
      "收盘价": 99.238998,
      "1天": -0.000816,
      "1星期": 0.002718,
      "1个月": 0.0074,
      "1年": 0.001302,
      "QTD": -0.004124,
      "YTD": 0.008321
    },
    "2年美债": {
      "收盘价": 3.585,
      "1天": 0.000838,
      "1星期": -0.000836,
      "1个月": -0.002782,
      "1年": -0.153483,
      "QTD": -0.005548,
      "YTD": 0.014718
    },
    "10年美债": {
      "收盘价": 4.558,
      "1天": -0.006106,
      "1星期": -0.008052,
      "1个月": 0.05436,
      "1年": -0.008268,
      "QTD": 0.055337,
      "YTD": 0.088608
    },
    "TLT": {
      "收盘价": 84.68,
      "1天": 0.005462,
      "1星期": 0.012192,
      "1个月": -0.017993,
      "1年": 0.054229,
      "QTD": -0.014692,
      "YTD": -0.012484
    },
    "标普500": {
      "收盘价": 745.640015,
      "1天": 0.003932,
      "1星期": 0.008753,
      "1个月": 0.052495,
      "1年": 0.293943,
      "QTD": 0.137965,
      "YTD": 0.094422
    },
    "纳指": {
      "收盘价": 717.539978,
      "1天": 0.004241,
      "1星期": 0.012145,
      "1个月": 0.101501,
      "1年": 0.405374,
      "QTD": 0.228012,
      "YTD": 0.171785
    },
    "道指": {
      "收盘价": 506.119995,
      "1天": 0.005983,
      "1星期": 0.021701,
      "1个月": 0.027179,
      "1年": 0.227155,
      "QTD": 0.088369,
      "YTD": 0.051471
    },
    "黄金": {
      "收盘价": 413.820007,
      "1天": -0.007602,
      "1星期": -0.008316,
      "1个月": -0.03995,
      "1年": 0.353149,
      "QTD": -0.054817,
      "YTD": 0.039018
    },
    "WTI原油": {
      "收盘价": 140.919998,
      "1天": -0.011365,
      "1星期": -0.049315,
      "1个月": 0.046021,
      "1年": 1.084924,
      "QTD": 0.135627,
      "YTD": 1.043503
    },
    "VIX": {
      "收盘价": 16.59,
      "1天": -0.006587,
      "1星期": -0.069024,
      "1个月": -0.113308,
      "1年": -0.181953,
      "QTD": -0.323961,
      "YTD": 0.143349
    },
    "罗素2000": {
      "收盘价": 285.119995,
      "1天": 0.00931,
      "1星期": 0.027089,
      "1个月": 0.034843,
      "1年": 0.418201,
      "QTD": 0.142491,
      "YTD": 0.148112
    },
    "比特币": {
      "收盘价": 77129.5625,
      "1天": 0.001928,
      "1星期": -0.004237,
      "1个月": -0.033802,
      "1年": -0.331893,
      "QTD": 0.132949,
      "YTD": -0.130758
    },
    "通讯服务": {
      "收盘价": 123.260002,
      "1天": -0.002589,
      "1星期": 0.002358,
      "1个月": 0.006779,
      "1年": 0.216774,
      "QTD": 0.067741,
      "YTD": 0.019773
    },
    "非必需品消费": {
      "收盘价": 119.18,
      "1天": 0.004044,
      "1星期": 0.022741,
      "1个月": 0.01223,
      "1年": 0.1351,
      "QTD": 0.085428,
      "YTD": 0.009036
    },
    "必需品消费": {
      "收盘价": 84.800003,
      "1天": 0.001654,
      "1星期": 0.00189,
      "1个月": 0.015812,
      "1年": 0.067431,
      "QTD": 0.041002,
      "YTD": 0.097661
    },
    "能源": {
      "收盘价": 59.490002,
      "1天": 0.006088,
      "1星期": 0.000841,
      "1个月": 0.044051,
      "1年": 0.496646,
      "QTD": 0.008818,
      "YTD": 0.311691
    },
    "银行": {
      "收盘价": 86.529999,
      "1天": 0.004994,
      "1星期": 0.033688,
      "1个月": -0.005059,
      "1年": 0.371544,
      "QTD": 0.079735,
      "YTD": 0.015434
    },
    "公共事业": {
      "收盘价": 45.349998,
      "1天": 0.007778,
      "1星期": 0.033736,
      "1个月": -0.016056,
      "1年": 0.147932,
      "QTD": -0.016482,
      "YTD": 0.057597
    },
    "REITS": {
      "收盘价": 102.720001,
      "1天": 0.00156,
      "1星期": 0.029258,
      "1个月": 0.010427,
      "1年": 0.136575,
      "QTD": 0.082631,
      "YTD": 0.09595
    },
    "科技": {
      "收盘价": 180.389999,
      "1天": 0.010022,
      "1星期": 0.023431,
      "1个月": 0.157533,
      "1年": 0.582527,
      "QTD": 0.337114,
      "YTD": 0.251658
    },
    "医疗": {
      "收盘价": 149.889999,
      "1天": 0.011745,
      "1星期": 0.033012,
      "1个月": 0.024959,
      "1年": 0.159471,
      "QTD": 0.014621,
      "YTD": -0.032177
    },
    "趋势板块": {
      "收盘价": 303.600006,
      "1天": 0.004766,
      "1星期": 0.01787,
      "1个月": 0.100478,
      "1年": 0.353407,
      "QTD": 0.237971,
      "YTD": 0.202359
    },
    "保险板块": {
      "收盘价": 134.110001,
      "1天": -0.00134,
      "1星期": 0.015908,
      "1个月": 0.005096,
      "1年": 0.027377,
      "QTD": 0.050936,
      "YTD": 0.008471
    },
    "芯片": {
      "收盘价": 537.330017,
      "1天": 0.024051,
      "1星期": 0.056655,
      "1个月": 0.218435,
      "1年": 1.603954,
      "QTD": 0.587198,
      "YTD": 0.713989
    },
    "罗素1000价值": {
      "收盘价": 236.320007,
      "1天": 0.006902,
      "1星期": 0.017831,
      "1个月": 0.038815,
      "1年": 0.284742,
      "QTD": 0.09947,
      "YTD": 0.117903
    },
    "罗素1000成长": {
      "收盘价": 125.0,
      "1天": 0.002567,
      "1星期": 0.005066,
      "1个月": 0.056971,
      "1年": 0.275344,
      "QTD": 0.162493,
      "YTD": 0.060794
    },
    "前7大科技": {
      "收盘价": 69.360001,
      "1天": -0.002014,
      "1星期": -0.006873,
      "1个月": 0.061687,
      "1年": 0.368694,
      "QTD": 0.182004,
      "YTD": 0.061362
    },
    "标普等权指数": {
      "收盘价": 206.580002,
      "1天": 0.009135,
      "1星期": 0.024906,
      "1个月": 0.0204,
      "1年": 0.196251,
      "QTD": 0.07292,
      "YTD": 0.075725
    },
    "PUT/CALL": {
      "收盘价": 1.05,
      "1天": -0.32,
      "1星期": -0.01,
      "1个月": 0.23,
      "1年": 0.19
    }
  }
}