{
  "updateTime": "2026-06-08 23:10:25",
  "assets": {
    "美元": {
      "收盘价": 100.0,
      "1天": -0.0007,
      "1星期": 0.008065,
      "1个月": 0.017812,
      "1年": 0.012761,
      "QTD": 0.003512,
      "YTD": 0.016054
    },
    "2年美债": {
      "收盘价": 3.628,
      "1天": 0.000828,
      "1星期": 0.00221,
      "1个月": 0.008338,
      "1年": -0.142722,
      "QTD": 0.00638,
      "YTD": 0.026889
    },
    "10年美债": {
      "收盘价": 4.552,
      "1天": 0.003527,
      "1星期": 0.017207,
      "1个月": 0.03643,
      "1年": 0.035958,
      "QTD": 0.053948,
      "YTD": 0.087175
    },
    "TLT": {
      "收盘价": 84.620003,
      "1天": -0.005173,
      "1星期": -0.009945,
      "1个月": -0.00814,
      "1年": 0.023476,
      "QTD": -0.011517,
      "YTD": -0.009302
    },
    "标普500": {
      "收盘价": 739.219971,
      "1天": 0.002264,
      "1星期": -0.02547,
      "1个月": 0.010443,
      "1年": 0.260761,
      "QTD": 0.128167,
      "YTD": 0.084999
    },
    "纳指": {
      "收盘价": 716.070007,
      "1天": 0.015616,
      "1星期": -0.035908,
      "1个月": 0.030406,
      "1年": 0.371094,
      "QTD": 0.225497,
      "YTD": 0.169384
    },
    "道指": {
      "收盘价": 508.910004,
      "1天": -0.00155,
      "1星期": -0.004947,
      "1个月": 0.02678,
      "1年": 0.218728,
      "QTD": 0.094369,
      "YTD": 0.057267
    },
    "黄金": {
      "收盘价": 397.269989,
      "1天": 0.002599,
      "1星期": -0.034017,
      "1个月": -0.079712,
      "1年": 0.284292,
      "QTD": -0.092618,
      "YTD": -0.002536
    },
    "WTI原油": {
      "收盘价": 135.149994,
      "1天": 0.016013,
      "1星期": -0.002583,
      "1个月": 0.001334,
      "1年": 0.932647,
      "QTD": 0.089129,
      "YTD": 0.959832
    },
    "VIX": {
      "收盘价": 18.92,
      "1天": -0.120409,
      "1星期": 0.178816,
      "1个月": 0.10064,
      "1年": 0.128205,
      "QTD": -0.229014,
      "YTD": 0.303928
    },
    "罗素2000": {
      "收盘价": 284.109985,
      "1天": 0.008734,
      "1星期": -0.016852,
      "1个月": 0.006554,
      "1年": 0.377124,
      "QTD": 0.138444,
      "YTD": 0.144044
    },
    "比特币": {
      "收盘价": 63542.761719,
      "1天": 0.004795,
      "1星期": -0.007367,
      "1个月": -0.174278,
      "1年": -0.444558,
      "QTD": -0.066626,
      "YTD": -0.28388
    },
    "通讯服务": {
      "收盘价": 118.769997,
      "1天": -0.002436,
      "1星期": -0.041172,
      "1个月": -0.050524,
      "1年": 0.146111,
      "QTD": 0.028846,
      "YTD": -0.017374
    },
    "非必需品消费": {
      "收盘价": 115.389999,
      "1天": 0.004614,
      "1星期": -0.023691,
      "1个月": -0.037454,
      "1年": 0.110547,
      "QTD": 0.050911,
      "YTD": -0.023052
    },
    "必需品消费": {
      "收盘价": 83.07,
      "1天": -0.004434,
      "1星期": 0.012678,
      "1个月": -0.010836,
      "1年": 0.048351,
      "QTD": 0.019764,
      "YTD": 0.075268
    },
    "能源": {
      "收盘价": 58.330002,
      "1天": 0.011444,
      "1星期": 0.017976,
      "1个月": 0.042538,
      "1年": 0.470689,
      "QTD": -0.010853,
      "YTD": 0.286114
    },
    "银行": {
      "收盘价": 89.440002,
      "1天": -0.00134,
      "1星期": 0.029466,
      "1个月": 0.041696,
      "1年": 0.389062,
      "QTD": 0.116047,
      "YTD": 0.049583
    },
    "公共事业": {
      "收盘价": 43.52,
      "1天": -0.018715,
      "1星期": 0.009745,
      "1个月": -0.035461,
      "1年": 0.10747,
      "QTD": -0.05617,
      "YTD": 0.01492
    },
    "REITS": {
      "收盘价": 101.080002,
      "1天": -0.014238,
      "1星期": 0.014859,
      "1个月": -0.014431,
      "1年": 0.094185,
      "QTD": 0.065346,
      "YTD": 0.078452
    },
    "科技": {
      "收盘价": 184.179993,
      "1天": 0.02152,
      "1星期": -0.059154,
      "1个月": 0.085391,
      "1年": 0.568903,
      "QTD": 0.365206,
      "YTD": 0.277956
    },
    "医疗": {
      "收盘价": 152.649994,
      "1天": -0.002353,
      "1星期": 0.032535,
      "1个月": 0.054795,
      "1年": 0.167248,
      "QTD": 0.033304,
      "YTD": -0.014356
    },
    "趋势板块": {
      "收盘价": 315.079987,
      "1天": 0.028094,
      "1星期": -0.005837,
      "1个月": 0.072029,
      "1年": 0.372535,
      "QTD": 0.284782,
      "YTD": 0.247823
    },
    "保险板块": {
      "收盘价": 131.600006,
      "1天": -0.01497,
      "1星期": 0.027082,
      "1个月": 0.00812,
      "1年": 0.0015,
      "QTD": 0.031267,
      "YTD": -0.010404
    },
    "芯片": {
      "收盘价": 571.450012,
      "1天": 0.058692,
      "1星期": -0.000839,
      "1个月": 0.160635,
      "1年": 1.663862,
      "QTD": 0.687984,
      "YTD": 0.822825
    },
    "罗素1000价值": {
      "收盘价": 237.270004,
      "1天": 0.003595,
      "1星期": -0.0008,
      "1个月": 0.022627,
      "1年": 0.278162,
      "QTD": 0.103889,
      "YTD": 0.122397
    },
    "罗素1000成长": {
      "收盘价": 122.980003,
      "1天": 0.002364,
      "1星期": -0.044964,
      "1个月": 0.001955,
      "1年": 0.22358,
      "QTD": 0.143707,
      "YTD": 0.043651
    },
    "前7大科技": {
      "收盘价": 66.529999,
      "1天": 0.000301,
      "1星期": -0.047667,
      "1个月": -0.034258,
      "1年": 0.309284,
      "QTD": 0.133776,
      "YTD": 0.018057
    },
    "标普等权指数": {
      "收盘价": 207.610001,
      "1天": -0.001059,
      "1星期": -0.007648,
      "1个月": 0.019996,
      "1年": 0.191562,
      "QTD": 0.078269,
      "YTD": 0.081089
    },
    "PUT/CALL": {
      "收盘价": 1.05,
      "1天": -0.32,
      "1星期": -0.01,
      "1个月": 0.23,
      "1年": 0.19
    }
  }
}