{
  "updateTime": "2026-04-28 22:54:09",
  "assets": {
    "美元": {
      "收盘价": 98.595001,
      "1天": 0.001168,
      "1星期": 0.00188,
      "1个月": -0.015527,
      "1年": -0.004192,
      "QTD": -0.010587,
      "YTD": 0.001778
    },
    "2年美债": {
      "收盘价": 3.59,
      "1天": 0.0,
      "1星期": -0.002223,
      "1个月": -0.004713,
      "1年": -0.143811,
      "QTD": -0.004161,
      "YTD": 0.016134
    },
    "10年美债": {
      "收盘价": 4.354,
      "1天": 0.004151,
      "1星期": 0.014446,
      "1个月": -0.019369,
      "1年": 0.020628,
      "QTD": 0.008104,
      "YTD": 0.039885
    },
    "TLT": {
      "收盘价": 86.370003,
      "1天": 0.001043,
      "1星期": -0.00231,
      "1个月": 0.012554,
      "1年": 0.01574,
      "QTD": 0.001275,
      "YTD": 0.003519
    },
    "标普500": {
      "收盘价": 711.690002,
      "1天": -0.004866,
      "1星期": 0.010808,
      "1个月": 0.12238,
      "1年": 0.307294,
      "QTD": 0.086152,
      "YTD": 0.044592
    },
    "纳指": {
      "收盘价": 657.549988,
      "1天": -0.010057,
      "1星期": 0.020517,
      "1个月": 0.168811,
      "1年": 0.398199,
      "QTD": 0.125344,
      "YTD": 0.073818
    },
    "道指": {
      "收盘价": 491.420013,
      "1天": -0.000834,
      "1星期": 0.000122,
      "1个月": 0.089144,
      "1年": 0.244453,
      "QTD": 0.056175,
      "YTD": 0.020369
    },
    "黄金": {
      "收盘价": 421.910004,
      "1天": -0.018563,
      "1星期": -0.017832,
      "1个月": 0.017386,
      "1年": 0.384537,
      "QTD": -0.036339,
      "YTD": 0.05933
    },
    "WTI原油": {
      "收盘价": 139.600006,
      "1天": 0.036223,
      "1星期": 0.088499,
      "1个月": 0.123994,
      "1年": 1.022309,
      "QTD": 0.12499,
      "YTD": 1.024362
    },
    "VIX": {
      "收盘价": 17.83,
      "1天": -0.010544,
      "1星期": -0.085641,
      "1个月": -0.425765,
      "1年": -0.282206,
      "QTD": -0.273431,
      "YTD": 0.228808
    },
    "罗素2000": {
      "收盘价": 273.910004,
      "1天": -0.011655,
      "1星期": -0.002186,
      "1个月": 0.126738,
      "1年": 0.42624,
      "QTD": 0.097572,
      "YTD": 0.102972
    },
    "比特币": {
      "收盘价": 76244.0,
      "1天": -0.01451,
      "1星期": -0.025872,
      "1个月": 0.059817,
      "1年": -0.324265,
      "QTD": 0.119942,
      "YTD": -0.140738
    },
    "通讯服务": {
      "收盘价": 121.418999,
      "1天": -0.00517,
      "1星期": -0.003128,
      "1个月": 0.093865,
      "1年": 0.286432,
      "QTD": 0.051793,
      "YTD": 0.004542
    },
    "非必需品消费": {
      "收盘价": 117.010002,
      "1天": -0.007043,
      "1星期": -0.016475,
      "1个月": 0.10721,
      "1年": 0.193672,
      "QTD": 0.065665,
      "YTD": -0.009336
    },
    "必需品消费": {
      "收盘价": 83.080002,
      "1天": 0.008987,
      "1星期": 0.015152,
      "1个月": 0.015896,
      "1年": 0.05613,
      "QTD": 0.019887,
      "YTD": 0.075398
    },
    "能源": {
      "收盘价": 57.709999,
      "1天": 0.016558,
      "1星期": 0.032934,
      "1个月": -0.077526,
      "1年": 0.445873,
      "QTD": -0.021367,
      "YTD": 0.272444
    },
    "银行": {
      "收盘价": 86.870003,
      "1天": -0.00115,
      "1星期": -0.008899,
      "1个月": 0.139877,
      "1年": 0.481052,
      "QTD": 0.083978,
      "YTD": 0.019424
    },
    "公共事业": {
      "收盘价": 46.25,
      "1天": 0.001299,
      "1星期": 0.028921,
      "1个月": 0.014477,
      "1年": 0.216369,
      "QTD": 0.003036,
      "YTD": 0.078586
    },
    "REITS": {
      "收盘价": 101.739998,
      "1天": 0.009025,
      "1星期": 0.002859,
      "1个月": 0.098585,
      "1年": 0.130129,
      "QTD": 0.072302,
      "YTD": 0.085494
    },
    "科技": {
      "收盘价": 157.850006,
      "1天": -0.01694,
      "1星期": 0.020428,
      "1个月": 0.214979,
      "1年": 0.523021,
      "QTD": 0.170039,
      "YTD": 0.095262
    },
    "医疗": {
      "收盘价": 143.839996,
      "1天": 0.002649,
      "1星期": -0.014254,
      "1个月": 0.004049,
      "1年": 0.060524,
      "QTD": -0.026332,
      "YTD": -0.071241
    },
    "趋势板块": {
      "收盘价": 276.209991,
      "1天": -0.016171,
      "1星期": 0.017011,
      "1个月": 0.171573,
      "1年": 0.346464,
      "QTD": 0.126284,
      "YTD": 0.093885
    },
    "保险板块": {
      "收盘价": 133.309998,
      "1天": 0.009848,
      "1星期": -0.001722,
      "1个月": 0.061977,
      "1年": 0.057209,
      "QTD": 0.044667,
      "YTD": 0.002455
    },
    "芯片": {
      "收盘价": 438.709991,
      "1天": -0.03667,
      "1星期": 0.04281,
      "1个月": 0.35622,
      "1年": 1.389011,
      "QTD": 0.295888,
      "YTD": 0.399408
    },
    "罗素1000价值": {
      "收盘价": 227.080002,
      "1天": -0.002591,
      "1星期": 0.005357,
      "1个月": 0.081076,
      "1年": 0.280762,
      "QTD": 0.056481,
      "YTD": 0.074194
    },
    "罗素1000成长": {
      "收盘价": 476.290009,
      "1天": -0.007605,
      "1星期": 0.010674,
      "1个月": 0.153775,
      "1年": 0.31065,
      "QTD": 0.107368,
      "YTD": 0.010491
    },
    "前7大科技": {
      "收盘价": 66.860001,
      "1天": -0.00328,
      "1星期": 0.023733,
      "1个月": 0.205771,
      "1年": 0.459271,
      "QTD": 0.1394,
      "YTD": 0.023106
    },
    "标普等权指数": {
      "收盘价": 200.759995,
      "1天": -0.005104,
      "1星期": -0.008837,
      "1个月": 0.065266,
      "1年": 0.219062,
      "QTD": 0.042692,
      "YTD": 0.045419
    },
    "PUT/CALL": {
      "收盘价": 1.05,
      "1天": -0.32,
      "1星期": -0.01,
      "1个月": 0.23,
      "1年": 0.19
    }
  }
}