{
  "updateTime": "2026-05-15 22:52:03",
  "assets": {
    "美元": {
      "收盘价": 99.269997,
      "1天": 0.003944,
      "1星期": 0.014616,
      "1个月": 0.01069,
      "1年": -0.01596,
      "QTD": -0.003813,
      "YTD": 0.008636
    },
    "2年美债": {
      "收盘价": 3.588,
      "1天": 0.0,
      "1星期": -0.001947,
      "1个月": -0.006094,
      "1年": -0.16266,
      "QTD": -0.004716,
      "YTD": 0.015568
    },
    "10年美债": {
      "收盘价": 4.595,
      "1天": 0.030038,
      "1星期": 0.052933,
      "1个月": 0.066373,
      "1年": 0.014797,
      "QTD": 0.063904,
      "YTD": 0.097445
    },
    "TLT": {
      "收盘价": 83.660004,
      "1天": -0.014837,
      "1星期": -0.028113,
      "1个月": -0.026786,
      "1年": 0.025051,
      "QTD": -0.02656,
      "YTD": -0.024379
    },
    "标普500": {
      "收盘价": 739.169983,
      "1天": -0.012029,
      "1星期": 0.002101,
      "1个月": 0.053459,
      "1年": 0.27239,
      "QTD": 0.12809,
      "YTD": 0.084926
    },
    "纳指": {
      "收盘价": 708.929993,
      "1天": -0.015088,
      "1星期": -0.003234,
      "1个月": 0.10689,
      "1年": 0.373412,
      "QTD": 0.213277,
      "YTD": 0.157724
    },
    "道指": {
      "收盘价": 495.369995,
      "1天": -0.010843,
      "1星期": -0.001532,
      "1个月": 0.020489,
      "1年": 0.1962,
      "QTD": 0.064665,
      "YTD": 0.028571
    },
    "黄金": {
      "收盘价": 417.290009,
      "1天": -0.02322,
      "1星期": -0.037992,
      "1个月": -0.051786,
      "1年": 0.423421,
      "QTD": -0.046891,
      "YTD": 0.04773
    },
    "WTI原油": {
      "收盘价": 148.229996,
      "1天": 0.036573,
      "1星期": 0.109589,
      "1个月": 0.177924,
      "1年": 1.1567,
      "QTD": 0.194536,
      "YTD": 1.149507
    },
    "VIX": {
      "收盘价": 18.43,
      "1天": 0.067787,
      "1星期": 0.072135,
      "1个月": 0.027313,
      "1年": -0.010204,
      "QTD": -0.248981,
      "YTD": 0.270159
    },
    "罗素2000": {
      "收盘价": 277.600006,
      "1天": -0.024082,
      "1星期": -0.02312,
      "1个月": 0.028339,
      "1年": 0.356957,
      "QTD": 0.112358,
      "YTD": 0.11783
    },
    "比特币": {
      "收盘价": 79049.5,
      "1天": -0.024697,
      "1星期": -0.037612,
      "1个月": 0.020582,
      "1年": -0.285596,
      "QTD": 0.161151,
      "YTD": -0.109121
    },
    "通讯服务": {
      "收盘价": 122.970001,
      "1天": -0.010461,
      "1星期": -0.01624,
      "1个月": -0.003323,
      "1年": 0.221632,
      "QTD": 0.065229,
      "YTD": 0.017374
    },
    "非必需品消费": {
      "收盘价": 116.529999,
      "1天": -0.018033,
      "1星期": -0.030532,
      "1个月": -0.009351,
      "1年": 0.086956,
      "QTD": 0.061293,
      "YTD": -0.0134
    },
    "必需品消费": {
      "收盘价": 84.639999,
      "1天": -0.004001,
      "1星期": 0.005464,
      "1个月": 0.03942,
      "1年": 0.093959,
      "QTD": 0.039038,
      "YTD": 0.09559
    },
    "能源": {
      "收盘价": 59.439999,
      "1天": 0.023592,
      "1星期": 0.067145,
      "1个月": 0.050548,
      "1年": 0.439256,
      "QTD": 0.00797,
      "YTD": 0.310588
    },
    "银行": {
      "收盘价": 83.709999,
      "1天": -0.00747,
      "1星期": -0.017949,
      "1个月": -0.022764,
      "1年": 0.279302,
      "QTD": 0.044547,
      "YTD": -0.017659
    },
    "公共事业": {
      "收盘价": 43.869999,
      "1天": -0.02294,
      "1星期": -0.019007,
      "1个月": -0.053506,
      "1年": 0.137916,
      "QTD": -0.04858,
      "YTD": 0.023083
    },
    "REITS": {
      "收盘价": 99.800003,
      "1天": -0.015099,
      "1星期": -0.028899,
      "1个月": -0.015391,
      "1年": 0.102479,
      "QTD": 0.051855,
      "YTD": 0.064795
    },
    "科技": {
      "收盘价": 176.259995,
      "1天": -0.01805,
      "1星期": 0.004216,
      "1个月": 0.159453,
      "1年": 0.514264,
      "QTD": 0.306501,
      "YTD": 0.223002
    },
    "医疗": {
      "收盘价": 145.100006,
      "1天": -0.010434,
      "1星期": 0.01122,
      "1个月": -0.010299,
      "1年": 0.146911,
      "QTD": -0.017803,
      "YTD": -0.063105
    },
    "趋势板块": {
      "收盘价": 298.269989,
      "1天": -0.029227,
      "1星期": -0.011696,
      "1个月": 0.101359,
      "1年": 0.315855,
      "QTD": 0.216237,
      "YTD": 0.18125
    },
    "保险板块": {
      "收盘价": 132.009995,
      "1天": 0.006174,
      "1星期": 0.013902,
      "1个月": -0.002569,
      "1年": 0.019273,
      "QTD": 0.03448,
      "YTD": -0.007321
    },
    "芯片": {
      "收盘价": 508.519989,
      "1天": -0.040583,
      "1星期": -0.022641,
      "1个月": 0.252667,
      "1年": 1.382649,
      "QTD": 0.502097,
      "YTD": 0.62209
    },
    "罗素1000价值": {
      "收盘价": 232.179993,
      "1天": -0.012714,
      "1星期": -0.007354,
      "1个月": 0.032186,
      "1年": 0.26109,
      "QTD": 0.080208,
      "YTD": 0.098319
    },
    "罗素1000成长": {
      "收盘价": 124.370003,
      "1天": -0.012074,
      "1星期": 0.006718,
      "1个月": 0.060205,
      "1年": 0.24961,
      "QTD": 0.156634,
      "YTD": 0.055447
    },
    "前7大科技": {
      "收盘价": 69.839996,
      "1天": -0.015506,
      "1星期": 0.00316,
      "1个月": 0.069361,
      "1年": 0.343417,
      "QTD": 0.190184,
      "YTD": 0.068707
    },
    "标普等权指数": {
      "收盘价": 201.559998,
      "1天": -0.010311,
      "1星期": -0.012445,
      "1个月": 0.004585,
      "1年": 0.160309,
      "QTD": 0.046847,
      "YTD": 0.049585
    },
    "PUT/CALL": {
      "收盘价": 1.05,
      "1天": -0.32,
      "1星期": -0.01,
      "1个月": 0.23,
      "1年": 0.19
    }
  }
}