{
  "updateTime": "2026-04-07 22:34:58",
  "assets": {
    "美元": {
      "收盘价": 99.516998,
      "1天": -0.004631,
      "1星期": -0.00988,
      "1个月": 0.005324,
      "1年": -0.034003,
      "QTD": -0.001335,
      "YTD": 0.011146
    },
    "2年美债": {
      "收盘价": 3.615,
      "1天": -0.002208,
      "1星期": 0.004725,
      "1个月": 0.012605,
      "1年": -0.136201,
      "QTD": 0.002774,
      "YTD": 0.02321
    },
    "10年美债": {
      "收盘价": 4.343,
      "1天": 0.001845,
      "1星期": 0.00023,
      "1个月": 0.050811,
      "1年": 0.071023,
      "QTD": 0.005557,
      "YTD": 0.037258
    },
    "TLT": {
      "收盘价": 86.639999,
      "1天": -0.000115,
      "1星期": 0.002376,
      "1个月": -0.016661,
      "1年": -0.013921,
      "QTD": 0.004405,
      "YTD": 0.006656
    },
    "标普500": {
      "收盘价": 659.219971,
      "1天": 0.00044,
      "1星期": 0.043119,
      "1个月": -0.016895,
      "1年": 0.242364,
      "QTD": 0.006074,
      "YTD": -0.032422
    },
    "纳指": {
      "收盘价": 588.590027,
      "1天": 0.000153,
      "1星期": 0.054292,
      "1个月": -0.01737,
      "1年": 0.312384,
      "QTD": 0.007325,
      "YTD": -0.038798
    },
    "道指": {
      "收盘价": 465.880005,
      "1天": -0.001907,
      "1星期": 0.030571,
      "1个月": -0.017557,
      "1年": 0.167633,
      "QTD": 0.000859,
      "YTD": -0.033072
    },
    "黄金": {
      "收盘价": 431.809998,
      "1天": 0.009728,
      "1星期": 0.04156,
      "1个月": -0.088066,
      "1年": 0.507611,
      "QTD": -0.013727,
      "YTD": 0.084187
    },
    "WTI原油": {
      "收盘价": 138.080002,
      "1天": -0.00619,
      "1星期": 0.063545,
      "1个月": 0.269468,
      "1年": 0.911142,
      "QTD": 0.112741,
      "YTD": 1.00232
    },
    "VIX": {
      "收盘价": 25.780001,
      "1天": 0.066612,
      "1星期": -0.157792,
      "1个月": -0.125805,
      "1年": -0.141239,
      "QTD": 0.05053,
      "YTD": 0.776706
    },
    "罗素2000": {
      "收盘价": 252.910004,
      "1天": 0.002179,
      "1星期": 0.055507,
      "1个月": 0.009844,
      "1年": 0.347933,
      "QTD": 0.013424,
      "YTD": 0.018409
    },
    "比特币": {
      "收盘价": 70445.53125,
      "1天": 0.023028,
      "1星期": 0.053177,
      "1个月": -0.047035,
      "1年": -0.40261,
      "QTD": 0.034768,
      "YTD": -0.206086
    },
    "通讯服务": {
      "收盘价": 115.589996,
      "1天": 0.00295,
      "1星期": 0.037519,
      "1个月": -0.036429,
      "1年": 0.263903,
      "QTD": 0.001299,
      "YTD": -0.043683
    },
    "非必需品消费": {
      "收盘价": 107.769997,
      "1天": -0.011647,
      "1星期": 0.01997,
      "1个月": -0.056392,
      "1年": 0.137222,
      "QTD": -0.018488,
      "YTD": -0.087567
    },
    "必需品消费": {
      "收盘价": 81.260002,
      "1天": -0.016937,
      "1星期": -0.007572,
      "1个月": -0.047361,
      "1年": 0.018132,
      "QTD": -0.002455,
      "YTD": 0.051839
    },
    "能源": {
      "收盘价": 60.16,
      "1天": 0.008043,
      "1星期": -0.029051,
      "1个月": 0.07041,
      "1年": 0.431667,
      "QTD": 0.02018,
      "YTD": 0.326464
    },
    "银行": {
      "收盘价": 81.269997,
      "1天": 0.002467,
      "1星期": 0.063743,
      "1个月": 0.034138,
      "1年": 0.453609,
      "QTD": 0.0141,
      "YTD": -0.046293
    },
    "公共事业": {
      "收盘价": 46.27,
      "1天": 0.002166,
      "1星期": 0.007622,
      "1个月": -0.003135,
      "1年": 0.205947,
      "QTD": 0.00347,
      "YTD": 0.079053
    },
    "REITS": {
      "收盘价": 96.459999,
      "1天": 0.000934,
      "1星期": 0.036536,
      "1个月": -0.023119,
      "1年": 0.059181,
      "QTD": 0.016653,
      "YTD": 0.02916
    },
    "科技": {
      "收盘价": 137.429993,
      "1天": 0.004752,
      "1星期": 0.077882,
      "1个月": 0.002264,
      "1年": 0.415924,
      "QTD": 0.018679,
      "YTD": -0.046425
    },
    "医疗": {
      "收盘价": 146.570007,
      "1天": 0.001983,
      "1星期": 0.019121,
      "1个月": -0.036198,
      "1年": 0.042297,
      "QTD": -0.007852,
      "YTD": -0.053614
    },
    "趋势板块": {
      "收盘价": 249.279999,
      "1天": 0.006419,
      "1星期": 0.08021,
      "1个月": 0.033226,
      "1年": 0.288724,
      "QTD": 0.016474,
      "YTD": -0.012767
    },
    "保险板块": {
      "收盘价": 129.190002,
      "1天": 0.001473,
      "1星期": 0.013334,
      "1个月": -0.022299,
      "1年": -0.028076,
      "QTD": 0.012381,
      "YTD": -0.028526
    },
    "芯片": {
      "收盘价": 347.76001,
      "1天": 0.010636,
      "1星期": 0.122567,
      "1个月": 0.075621,
      "1年": 1.054367,
      "QTD": 0.027235,
      "YTD": 0.109293
    },
    "罗素1000价值": {
      "收盘价": 216.679993,
      "1天": 0.000323,
      "1星期": 0.034667,
      "1个月": -0.00099,
      "1年": 0.215569,
      "QTD": 0.008095,
      "YTD": 0.024997
    },
    "罗素1000成长": {
      "收盘价": 431.970001,
      "1天": 0.000533,
      "1星期": 0.051252,
      "1个月": -0.032904,
      "1年": 0.251582,
      "QTD": 0.004325,
      "YTD": -0.083538
    },
    "前7大科技": {
      "收盘价": 58.290001,
      "1天": -0.001542,
      "1星期": 0.052356,
      "1个月": -0.04427,
      "1年": 0.346056,
      "QTD": -0.006646,
      "YTD": -0.108034
    },
    "标普等权指数": {
      "收盘价": 193.490005,
      "1天": -0.002217,
      "1星期": 0.028819,
      "1个月": -0.019337,
      "1年": 0.181408,
      "QTD": 0.004934,
      "YTD": 0.007562
    },
    "PUT/CALL": {
      "收盘价": 1.05,
      "1天": -0.32,
      "1星期": -0.01,
      "1个月": 0.23,
      "1年": 0.19
    }
  }
}