{
  "updateTime": "2026-01-07 22:17:50",
  "assets": {
    "美元": {
      "收盘价": 98.735001,
      "1天": 0.001572,
      "1星期": 0.005039,
      "1个月": -0.002576,
      "1年": -0.090335,
      "QTD": 0.003201,
      "YTD": 0.003201
    },
    "2年美债": {
      "收盘价": 3.515,
      "1天": -0.00142,
      "1星期": -0.007062,
      "1个月": -0.024424,
      "1年": -0.161698,
      "QTD": -0.005095,
      "YTD": -0.005095
    },
    "10年美债": {
      "收盘价": 4.138,
      "1天": -0.009811,
      "1星期": 0.001937,
      "1个月": -0.000242,
      "1年": -0.099652,
      "QTD": -0.011703,
      "YTD": -0.011703
    },
    "TLT": {
      "收盘价": 87.790001,
      "1天": 0.005843,
      "1星期": -0.000797,
      "1个月": -0.000435,
      "1年": 0.050488,
      "QTD": 0.008733,
      "YTD": 0.008733
    },
    "标普500": {
      "收盘价": 689.580017,
      "1天": -0.003223,
      "1星期": 0.003741,
      "1个月": 0.008645,
      "1年": 0.178609,
      "QTD": 0.009383,
      "YTD": 0.009383
    },
    "纳指": {
      "收盘价": 624.02002,
      "1天": 0.000962,
      "1星期": 0.00741,
      "1个月": -0.001049,
      "1年": 0.209427,
      "QTD": 0.017778,
      "YTD": 0.017778
    },
    "道指": {
      "收盘价": 489.959991,
      "1天": -0.009401,
      "1星期": 0.013172,
      "1个月": 0.022909,
      "1年": 0.164928,
      "QTD": 0.013088,
      "YTD": 0.013088
    },
    "黄金": {
      "收盘价": 409.230011,
      "1天": -0.00956,
      "1星期": 0.025922,
      "1个月": 0.058974,
      "1年": 0.680685,
      "QTD": 0.027493,
      "YTD": 0.027493
    },
    "WTI原油": {
      "收盘价": 67.790001,
      "1天": -0.010509,
      "1星期": -0.027961,
      "1个月": -0.057425,
      "1年": -0.130005,
      "QTD": -0.016966,
      "YTD": -0.016966
    },
    "VIX": {
      "收盘价": 15.38,
      "1天": 0.042712,
      "1星期": 0.073273,
      "1个月": -0.001947,
      "1年": -0.046497,
      "QTD": 0.059959,
      "YTD": 0.059959
    },
    "罗素2000": {
      "收盘价": 255.479996,
      "1天": -0.002343,
      "1星期": 0.030037,
      "1个月": 0.022198,
      "1年": 0.151152,
      "QTD": 0.026931,
      "YTD": 0.026931
    },
    "比特币": {
      "收盘价": 90887.085938,
      "1天": -0.030321,
      "1星期": 0.010477,
      "1个月": 0.055063,
      "1年": -0.035244,
      "QTD": 0.024288,
      "YTD": 0.024288
    },
    "通讯服务": {
      "收盘价": 121.029999,
      "1天": -0.003704,
      "1星期": -0.006077,
      "1个月": -0.01475,
      "1年": 0.27693,
      "QTD": 0.001324,
      "YTD": 0.001324
    },
    "非必需品消费": {
      "收盘价": 120.900002,
      "1天": -0.001404,
      "1星期": 0.004487,
      "1个月": 0.011773,
      "1年": 0.079742,
      "QTD": 0.021546,
      "YTD": 0.021546
    },
    "必需品消费": {
      "收盘价": 76.620003,
      "1天": -0.010972,
      "1星期": -0.019578,
      "1个月": -0.015617,
      "1年": 0.004888,
      "QTD": -0.013773,
      "YTD": -0.013773
    },
    "能源": {
      "收盘价": 45.130001,
      "1天": -0.011174,
      "1星期": 0.003781,
      "1个月": -0.008826,
      "1年": 0.066364,
      "QTD": -0.011391,
      "YTD": -0.011391
    },
    "银行": {
      "收盘价": 87.260002,
      "1天": -0.015457,
      "1星期": 0.027676,
      "1个月": 0.069977,
      "1年": 0.352099,
      "QTD": 0.017491,
      "YTD": 0.017491
    },
    "公共事业": {
      "收盘价": 41.869999,
      "1天": -0.024237,
      "1星期": -0.025372,
      "1个月": -0.025781,
      "1年": 0.117436,
      "QTD": -0.030338,
      "YTD": -0.030338
    },
    "REITS": {
      "收盘价": 93.779999,
      "1天": -0.010655,
      "1星期": -0.009819,
      "1个月": -0.008715,
      "1年": 0.028514,
      "QTD": -0.002234,
      "YTD": -0.002234
    },
    "科技": {
      "收盘价": 146.529999,
      "1天": -0.000818,
      "1星期": 0.007702,
      "1个月": 0.001039,
      "1年": 0.25084,
      "QTD": 0.015454,
      "YTD": 0.015454
    },
    "医疗": {
      "收盘价": 159.660004,
      "1天": 0.009931,
      "1星期": 0.025565,
      "1个月": 0.046195,
      "1年": 0.169173,
      "QTD": 0.026686,
      "YTD": 0.026686
    },
    "趋势板块": {
      "收盘价": 256.470001,
      "1天": -0.006354,
      "1星期": 0.014558,
      "1个月": 0.017306,
      "1年": 0.225847,
      "QTD": 0.014798,
      "YTD": 0.014798
    },
    "保险板块": {
      "收盘价": 134.309998,
      "1天": -0.008124,
      "1星期": -0.020779,
      "1个月": 0.023582,
      "1年": 0.082682,
      "QTD": -0.005332,
      "YTD": -0.005332
    },
    "芯片": {
      "收盘价": 324.890015,
      "1天": -0.010538,
      "1星期": 0.065493,
      "1个月": 0.051603,
      "1年": 0.47068,
      "QTD": 0.035704,
      "YTD": 0.035704
    },
    "罗素1000价值": {
      "收盘价": 214.350006,
      "1天": -0.010251,
      "1星期": 0.011371,
      "1个月": 0.023351,
      "1年": 0.170095,
      "QTD": 0.010132,
      "YTD": 0.010132
    },
    "罗素1000成长": {
      "收盘价": 476.950012,
      "1天": 0.002564,
      "1星期": 0.0,
      "1个月": -0.002856,
      "1年": 0.175935,
      "QTD": 0.011001,
      "YTD": 0.011001
    },
    "前7大科技": {
      "收盘价": 65.900002,
      "1天": 0.003808,
      "1星期": -0.00768,
      "1个月": -0.011129,
      "1年": 0.203951,
      "QTD": 0.008416,
      "YTD": 0.008416
    },
    "标普等权指数": {
      "收盘价": 194.789993,
      "1天": -0.011218,
      "1星期": 0.008178,
      "1个月": 0.018566,
      "1年": 0.123892,
      "QTD": 0.010007,
      "YTD": 0.010007
    },
    "垃圾债券利差": {
      "收盘价": 2.79,
      "1天": -0.02,
      "1星期": -0.08,
      "1个月": -0.09,
      "1年": 0.15
    },
    "PUT/CALL": {
      "收盘价": 1.05,
      "1天": -0.32,
      "1星期": -0.01,
      "1个月": 0.23,
      "1年": 0.19
    }
  }
}