{
  "updateTime": "2026-05-08 22:53:18",
  "assets": {
    "美元": {
      "收盘价": 97.843002,
      "1天": -0.004142,
      "1星期": -0.003737,
      "1个月": -0.009887,
      "1年": -0.027792,
      "QTD": -0.018133,
      "YTD": -0.005863
    },
    "2年美债": {
      "收盘价": 3.595,
      "1天": -0.000834,
      "1星期": 0.005594,
      "1个月": 0.001951,
      "1年": -0.147094,
      "QTD": -0.002774,
      "YTD": 0.017549
    },
    "10年美债": {
      "收盘价": 4.364,
      "1天": -0.006375,
      "1星期": -0.003198,
      "1个月": 0.016538,
      "1年": 0.020819,
      "QTD": 0.010419,
      "YTD": 0.042274
    },
    "TLT": {
      "收盘价": 86.080002,
      "1天": 0.00502,
      "1星期": 0.00549,
      "1个月": -0.003485,
      "1年": 0.023745,
      "QTD": 0.001598,
      "YTD": 0.003843
    },
    "标普500": {
      "收盘价": 737.619995,
      "1天": 0.008256,
      "1星期": 0.023548,
      "1个月": 0.084879,
      "1年": 0.329548,
      "QTD": 0.125725,
      "YTD": 0.082651
    },
    "纳指": {
      "收盘价": 711.22998,
      "1天": 0.023441,
      "1星期": 0.055003,
      "1个月": 0.165588,
      "1年": 0.478735,
      "QTD": 0.217213,
      "YTD": 0.16148
    },
    "道指": {
      "收盘价": 496.130005,
      "1天": 0.000444,
      "1星期": 0.002242,
      "1个月": 0.029966,
      "1年": 0.225724,
      "QTD": 0.066298,
      "YTD": 0.030149
    },
    "黄金": {
      "收盘价": 433.769989,
      "1天": 0.004842,
      "1星期": 0.025025,
      "1个月": -0.009454,
      "1年": 0.395881,
      "QTD": -0.00925,
      "YTD": 0.089108
    },
    "WTI原油": {
      "收盘价": 133.589996,
      "1天": -0.010225,
      "1星期": -0.064496,
      "1个月": 0.052221,
      "1年": 1.103448,
      "QTD": 0.076557,
      "YTD": 0.93721
    },
    "VIX": {
      "收盘价": 17.190001,
      "1天": 0.00644,
      "1星期": 0.011772,
      "1个月": -0.118009,
      "1年": -0.270064,
      "QTD": -0.299511,
      "YTD": 0.1847
    },
    "罗素2000": {
      "收盘价": 284.170013,
      "1天": 0.006767,
      "1星期": 0.017509,
      "1个月": 0.084784,
      "1年": 0.45493,
      "QTD": 0.138684,
      "YTD": 0.144286
    },
    "比特币": {
      "收盘价": 80294.148438,
      "1天": 0.003552,
      "1星期": 0.022358,
      "1个月": 0.041066,
      "1年": -0.259353,
      "QTD": 0.179434,
      "YTD": -0.095094
    },
    "通讯服务": {
      "收盘价": 125.0,
      "1天": -0.000719,
      "1星期": 0.011327,
      "1个月": 0.050155,
      "1年": 0.290034,
      "QTD": 0.082814,
      "YTD": 0.034169
    },
    "非必需品消费": {
      "收盘价": 120.199997,
      "1天": 0.002669,
      "1星期": 0.013234,
      "1个月": 0.06617,
      "1年": 0.217038,
      "QTD": 0.094718,
      "YTD": 0.017672
    },
    "必需品消费": {
      "收盘价": 84.18,
      "1天": 0.002381,
      "1星期": 0.000119,
      "1个月": 0.008748,
      "1年": 0.061707,
      "QTD": 0.033391,
      "YTD": 0.089636
    },
    "能源": {
      "收盘价": 55.700001,
      "1天": -0.004468,
      "1星期": -0.053526,
      "1个月": -0.028432,
      "1年": 0.427392,
      "QTD": -0.055452,
      "YTD": 0.228125
    },
    "银行": {
      "收盘价": 85.239998,
      "1天": -0.007221,
      "1星期": -0.017972,
      "1个月": -0.002224,
      "1年": 0.404601,
      "QTD": 0.063639,
      "YTD": 0.000295
    },
    "公共事业": {
      "收盘价": 44.720001,
      "1天": -0.008865,
      "1星期": -0.039313,
      "1个月": -0.051538,
      "1年": 0.139135,
      "QTD": -0.030145,
      "YTD": 0.042905
    },
    "REITS": {
      "收盘价": 102.769997,
      "1天": 0.002048,
      "1星期": 0.004005,
      "1个月": 0.03913,
      "1年": 0.117441,
      "QTD": 0.083158,
      "YTD": 0.096483
    },
    "科技": {
      "收盘价": 175.520004,
      "1天": 0.034357,
      "1星期": 0.084327,
      "1个月": 0.235447,
      "1年": 0.635912,
      "QTD": 0.301015,
      "YTD": 0.217867
    },
    "医疗": {
      "收盘价": 143.490005,
      "1天": -0.008499,
      "1星期": -0.011505,
      "1个月": -0.039108,
      "1年": 0.078968,
      "QTD": -0.028701,
      "YTD": -0.073501
    },
    "趋势板块": {
      "收盘价": 301.799988,
      "1天": 0.026845,
      "1星期": 0.058613,
      "1个月": 0.150109,
      "1年": 0.410569,
      "QTD": 0.230631,
      "YTD": 0.19523
    },
    "保险板块": {
      "收盘价": 130.199997,
      "1天": -0.002605,
      "1星期": -0.013711,
      "1个月": -0.013711,
      "1年": -0.007463,
      "QTD": 0.020296,
      "YTD": -0.020931
    },
    "芯片": {
      "收盘价": 520.299988,
      "1天": 0.056747,
      "1星期": 0.117123,
      "1个月": 0.374165,
      "1年": 1.755338,
      "QTD": 0.536894,
      "YTD": 0.659666
    },
    "罗素1000价值": {
      "收盘价": 233.899994,
      "1天": 0.008103,
      "1星期": 0.013168,
      "1个月": 0.04808,
      "1年": 0.294405,
      "QTD": 0.088211,
      "YTD": 0.106456
    },
    "罗素1000成长": {
      "收盘价": 123.540001,
      "1天": 0.006518,
      "1星期": 0.029071,
      "1个月": 0.109948,
      "1年": 0.331678,
      "QTD": 0.148915,
      "YTD": 0.048404
    },
    "前7大科技": {
      "收盘价": 69.620003,
      "1天": 0.010597,
      "1星期": 0.041125,
      "1个月": 0.146574,
      "1年": 0.503982,
      "QTD": 0.186435,
      "YTD": 0.065341
    },
    "标普等权指数": {
      "收盘价": 204.100006,
      "1天": 0.002751,
      "1星期": 0.006311,
      "1个月": 0.030392,
      "1年": 0.212409,
      "QTD": 0.06004,
      "YTD": 0.062811
    },
    "PUT/CALL": {
      "收盘价": 1.05,
      "1天": -0.32,
      "1星期": -0.01,
      "1个月": 0.23,
      "1年": 0.19
    }
  }
}