{
  "updateTime": "2026-03-30 22:31:57",
  "assets": {
    "美元": {
      "收盘价": 100.490997,
      "1天": 0.003405,
      "1星期": 0.015574,
      "1个月": 0.029515,
      "1年": -0.034112,
      "QTD": 0.021042,
      "YTD": 0.021042
    },
    "2年美债": {
      "收盘价": 3.598,
      "1天": -0.002495,
      "1星期": -0.003876,
      "1个月": 0.00559,
      "1年": -0.140879,
      "QTD": 0.018398,
      "YTD": 0.018398
    },
    "10年美债": {
      "收盘价": 4.342,
      "1天": -0.022072,
      "1星期": 0.001846,
      "1个月": 0.095911,
      "1年": -0.00618,
      "QTD": 0.037019,
      "YTD": 0.037019
    },
    "TLT": {
      "收盘价": 86.779999,
      "1天": 0.013312,
      "1星期": 0.004514,
      "1个月": -0.041306,
      "1年": 0.019924,
      "QTD": 0.00427,
      "YTD": 0.00427
    },
    "标普500": {
      "收盘价": 631.969971,
      "1天": -0.003343,
      "1星期": -0.03572,
      "1个月": -0.076232,
      "1年": 0.127204,
      "QTD": -0.072418,
      "YTD": -0.072418
    },
    "纳指": {
      "收盘价": 558.280029,
      "1天": -0.007643,
      "1星期": -0.050544,
      "1个月": -0.080703,
      "1年": 0.163315,
      "QTD": -0.089444,
      "YTD": -0.089444
    },
    "道指": {
      "收盘价": 452.059998,
      "1天": 0.001484,
      "1星期": -0.021452,
      "1个月": -0.074793,
      "1年": 0.085526,
      "QTD": -0.061755,
      "YTD": -0.061755
    },
    "黄金": {
      "收盘价": 414.579987,
      "1天": -0.000289,
      "1星期": 0.026086,
      "1个月": -0.142987,
      "1年": 0.470298,
      "QTD": 0.040926,
      "YTD": 0.040926
    },
    "WTI原油": {
      "收盘价": 129.830002,
      "1天": 0.04533,
      "1星期": 0.174295,
      "1个月": 0.584259,
      "1年": 0.720058,
      "QTD": 0.882686,
      "YTD": 0.882686
    },
    "VIX": {
      "收盘价": 30.610001,
      "1天": -0.014171,
      "1星期": 0.170555,
      "1个月": 0.541289,
      "1年": 0.637774,
      "QTD": 1.10958,
      "YTD": 1.10958
    },
    "罗素2000": {
      "收盘价": 239.610001,
      "1天": -0.014356,
      "1星期": -0.031683,
      "1个月": -0.081763,
      "1年": 0.183677,
      "QTD": -0.035147,
      "YTD": -0.035147
    },
    "比特币": {
      "收盘价": 66783.59375,
      "1天": 0.012564,
      "1星期": -0.063474,
      "1个月": -0.023666,
      "1年": -0.431336,
      "QTD": -0.247356,
      "YTD": -0.247356
    },
    "通讯服务": {
      "收盘价": 111.410004,
      "1天": 0.003694,
      "1星期": -0.043691,
      "1个月": -0.088745,
      "1年": 0.151741,
      "QTD": -0.078266,
      "YTD": -0.078266
    },
    "非必需品消费": {
      "收盘价": 105.660004,
      "1天": -0.000189,
      "1星期": -0.040501,
      "1个月": -0.095841,
      "1年": 0.045256,
      "QTD": -0.107224,
      "YTD": -0.107224
    },
    "必需品消费": {
      "收盘价": 81.879997,
      "1天": 0.001223,
      "1星期": 0.008623,
      "1个月": -0.090323,
      "1年": 0.035433,
      "QTD": 0.053932,
      "YTD": 0.053932
    },
    "能源": {
      "收盘价": 61.959999,
      "1天": -0.009591,
      "1星期": 0.039074,
      "1个月": 0.108011,
      "1年": 0.368237,
      "QTD": 0.357284,
      "YTD": 0.357284
    },
    "银行": {
      "收盘价": 76.400002,
      "1天": 0.002493,
      "1星期": -0.016478,
      "1个月": -0.066699,
      "1年": 0.223745,
      "QTD": -0.109142,
      "YTD": -0.109142
    },
    "公共事业": {
      "收盘价": 45.919998,
      "1天": 0.007238,
      "1星期": 0.025458,
      "1个月": -0.037922,
      "1年": 0.211699,
      "QTD": 0.063455,
      "YTD": 0.063455
    },
    "REITS": {
      "收盘价": 93.059998,
      "1天": 0.004859,
      "1星期": -0.011157,
      "1个月": -0.078582,
      "1年": 0.004077,
      "QTD": -0.007116,
      "YTD": -0.007116
    },
    "科技": {
      "收盘价": 127.5,
      "1天": -0.018627,
      "1星期": -0.069003,
      "1个月": -0.081147,
      "1年": 0.211001,
      "QTD": -0.116424,
      "YTD": -0.116424
    },
    "医疗": {
      "收盘价": 143.820007,
      "1天": 0.003909,
      "1星期": -0.006562,
      "1个月": -0.102247,
      "1年": 0.005626,
      "QTD": -0.075172,
      "YTD": -0.075172
    },
    "趋势板块": {
      "收盘价": 230.770004,
      "1天": -0.021166,
      "1星期": -0.056233,
      "1个月": -0.086904,
      "1年": 0.135774,
      "QTD": -0.086073,
      "YTD": -0.086073
    },
    "保险板块": {
      "收盘价": 127.489998,
      "1天": 0.015614,
      "1星期": -0.00484,
      "1个月": -0.05212,
      "1年": -0.044366,
      "QTD": -0.04131,
      "YTD": -0.04131
    },
    "芯片": {
      "收盘价": 309.790009,
      "1天": -0.042321,
      "1星期": -0.079622,
      "1个月": -0.120097,
      "1年": 0.602433,
      "QTD": -0.011824,
      "YTD": -0.011824
    },
    "罗素1000价值": {
      "收盘价": 209.419998,
      "1天": -0.002999,
      "1星期": -0.017407,
      "1个月": -0.067858,
      "1年": 0.128614,
      "QTD": -0.009346,
      "YTD": -0.009346
    },
    "罗素1000成长": {
      "收盘价": 410.910004,
      "1天": -0.004603,
      "1星期": -0.053246,
      "1个月": -0.086449,
      "1年": 0.114574,
      "QTD": -0.128219,
      "YTD": -0.128219
    },
    "前7大科技": {
      "收盘价": 55.389999,
      "1天": -0.001082,
      "1星期": -0.065621,
      "1个月": -0.097148,
      "1年": 0.177276,
      "QTD": -0.15241,
      "YTD": -0.15241
    },
    "标普等权指数": {
      "收盘价": 188.070007,
      "1天": -0.002069,
      "1星期": -0.018885,
      "1个月": -0.082451,
      "1年": 0.091258,
      "QTD": -0.024837,
      "YTD": -0.024837
    },
    "PUT/CALL": {
      "收盘价": 1.05,
      "1天": -0.32,
      "1星期": -0.01,
      "1个月": 0.23,
      "1年": 0.19
    }
  }
}