{
  "updateTime": "2026-05-21 23:00:21",
  "assets": {
    "美元": {
      "收盘价": 99.191002,
      "1天": 0.000817,
      "1星期": 0.003145,
      "1个月": 0.006096,
      "1年": -0.003706,
      "QTD": -0.004606,
      "YTD": 0.007834
    },
    "2年美债": {
      "收盘价": 3.582,
      "1天": 0.007028,
      "1星期": -0.001672,
      "1个月": -0.003616,
      "1年": -0.15678,
      "QTD": -0.00638,
      "YTD": 0.013869
    },
    "10年美债": {
      "收盘价": 4.586,
      "1天": 0.003062,
      "1星期": 0.028021,
      "1个月": 0.068002,
      "1年": 0.023432,
      "QTD": 0.06182,
      "YTD": 0.095295
    },
    "TLT": {
      "收盘价": 84.220001,
      "1天": 0.003694,
      "1星期": -0.008243,
      "1个月": -0.025467,
      "1年": 0.030583,
      "QTD": -0.020044,
      "YTD": -0.017848
    },
    "标普500": {
      "收盘价": 742.719971,
      "1天": 0.001983,
      "1星期": -0.007284,
      "1个月": 0.044305,
      "1年": 0.267157,
      "QTD": 0.133508,
      "YTD": 0.090136
    },
    "纳指": {
      "收盘价": 714.51001,
      "1天": 0.001907,
      "1星期": -0.007335,
      "1个月": 0.090672,
      "1年": 0.379992,
      "QTD": 0.222827,
      "YTD": 0.166837
    },
    "道指": {
      "收盘价": 503.109985,
      "1天": 0.005737,
      "1星期": 0.005167,
      "1个月": 0.017438,
      "1年": 0.196372,
      "QTD": 0.081896,
      "YTD": 0.045218
    },
    "黄金": {
      "收盘价": 416.98999,
      "1天": -0.000982,
      "1星期": -0.023923,
      "1个月": -0.041975,
      "1年": 0.373575,
      "QTD": -0.047577,
      "YTD": 0.046977
    },
    "WTI原油": {
      "收盘价": 142.539993,
      "1天": -0.011991,
      "1星期": -0.003217,
      "1个月": 0.101546,
      "1年": 1.076027,
      "QTD": 0.148682,
      "YTD": 1.066995
    },
    "VIX": {
      "收盘价": 16.76,
      "1天": -0.038991,
      "1星期": -0.028969,
      "1个月": -0.114165,
      "1年": -0.073521,
      "QTD": -0.317033,
      "YTD": 0.155065
    },
    "罗素2000": {
      "收盘价": 282.48999,
      "1天": 0.009361,
      "1星期": -0.006891,
      "1个月": 0.021737,
      "1年": 0.36567,
      "QTD": 0.131952,
      "YTD": 0.137521
    },
    "比特币": {
      "收盘价": 77553.789062,
      "1天": 0.00124,
      "1星期": -0.007393,
      "1个月": 0.016375,
      "1年": -0.328582,
      "QTD": 0.139181,
      "YTD": -0.125977
    },
    "通讯服务": {
      "收盘价": 123.580002,
      "1天": 0.000405,
      "1星期": -0.005552,
      "1个月": 0.006516,
      "1年": 0.221336,
      "QTD": 0.070513,
      "YTD": 0.022421
    },
    "非必需品消费": {
      "收盘价": 118.699997,
      "1天": 0.006444,
      "1星期": 0.000253,
      "1个月": -0.001934,
      "1年": 0.107607,
      "QTD": 0.081056,
      "YTD": 0.004972
    },
    "必需品消费": {
      "收盘价": 84.660004,
      "1天": -0.010056,
      "1星期": -0.003766,
      "1个月": 0.031056,
      "1年": 0.053283,
      "QTD": 0.039283,
      "YTD": 0.095849
    },
    "能源": {
      "收盘价": 59.130001,
      "1天": -0.011204,
      "1星期": 0.018254,
      "1个月": 0.045808,
      "1年": 0.460183,
      "QTD": 0.002713,
      "YTD": 0.303753
    },
    "银行": {
      "收盘价": 86.099998,
      "1天": 0.005137,
      "1星期": 0.020868,
      "1个月": -0.012501,
      "1年": 0.321352,
      "QTD": 0.07437,
      "YTD": 0.010388
    },
    "公共事业": {
      "收盘价": 45.0,
      "1天": 0.011009,
      "1星期": 0.002227,
      "1个月": 0.002897,
      "1年": 0.118292,
      "QTD": -0.024073,
      "YTD": 0.049435
    },
    "REITS": {
      "收盘价": 102.559998,
      "1天": 0.001465,
      "1星期": 0.012139,
      "1个月": 0.019179,
      "1年": 0.104134,
      "QTD": 0.080944,
      "YTD": 0.094243
    },
    "科技": {
      "收盘价": 178.600006,
      "1天": 0.008242,
      "1星期": -0.005014,
      "1个月": 0.129736,
      "1年": 0.537388,
      "QTD": 0.323846,
      "YTD": 0.239238
    },
    "医疗": {
      "收盘价": 148.149994,
      "1天": 0.006933,
      "1星期": 0.010366,
      "1个月": 0.012092,
      "1年": 0.119467,
      "QTD": 0.002843,
      "YTD": -0.043412
    },
    "趋势板块": {
      "收盘价": 302.160004,
      "1天": 0.008578,
      "1星期": -0.016566,
      "1个月": 0.094822,
      "1年": 0.322426,
      "QTD": 0.232099,
      "YTD": 0.196656
    },
    "保险板块": {
      "收盘价": 134.289993,
      "1天": -0.001932,
      "1星期": 0.023552,
      "1个月": 0.015656,
      "1年": 0.009701,
      "QTD": 0.052347,
      "YTD": 0.009824
    },
    "芯片": {
      "收盘价": 524.710022,
      "1天": 0.008457,
      "1星期": -0.010037,
      "1个月": 0.215254,
      "1年": 1.496278,
      "QTD": 0.54992,
      "YTD": 0.673733
    },
    "罗素1000价值": {
      "收盘价": 234.699997,
      "1天": 0.003849,
      "1星期": -0.001999,
      "1个月": 0.035974,
      "1年": 0.250614,
      "QTD": 0.091933,
      "YTD": 0.11024
    },
    "罗素1000成长": {
      "收盘价": 124.68,
      "1天": 0.00016,
      "1星期": -0.009612,
      "1个月": 0.041452,
      "1年": 0.253195,
      "QTD": 0.159517,
      "YTD": 0.058078
    },
    "前7大科技": {
      "收盘价": 69.5,
      "1天": 0.000144,
      "1星期": -0.020299,
      "1个月": 0.046057,
      "1年": 0.35642,
      "QTD": 0.18439,
      "YTD": 0.063504
    },
    "标普等权指数": {
      "收盘价": 204.710007,
      "1天": 0.004317,
      "1星期": 0.005156,
      "1个月": 0.011113,
      "1年": 0.159601,
      "QTD": 0.063208,
      "YTD": 0.065988
    },
    "PUT/CALL": {
      "收盘价": 1.05,
      "1天": -0.32,
      "1星期": -0.01,
      "1个月": 0.23,
      "1年": 0.19
    }
  }
}