{
  "updateTime": "2026-05-20 23:09:35",
  "assets": {
    "美元": {
      "收盘价": 99.125999,
      "1天": -0.001752,
      "1星期": 0.00656,
      "1个月": 0.007276,
      "1年": -0.009928,
      "QTD": -0.005258,
      "YTD": 0.007173
    },
    "2年美债": {
      "收盘价": 3.557,
      "1天": -0.005035,
      "1星期": -0.011944,
      "1个月": -0.011395,
      "1年": -0.161085,
      "QTD": -0.013315,
      "YTD": 0.006793
    },
    "10年美债": {
      "收盘价": 4.572,
      "1天": -0.020356,
      "1星期": 0.020308,
      "1个月": 0.065238,
      "1年": 0.021676,
      "QTD": 0.058578,
      "YTD": 0.091951
    },
    "TLT": {
      "收盘价": 83.910004,
      "1天": 0.01072,
      "1星期": -0.010495,
      "1个月": -0.027147,
      "1年": 0.019392,
      "QTD": -0.023651,
      "YTD": -0.021463
    },
    "标普500": {
      "收盘价": 741.25,
      "1天": 0.010249,
      "1星期": -0.001428,
      "1个月": 0.052792,
      "1年": 0.260397,
      "QTD": 0.131265,
      "YTD": 0.087979
    },
    "纳指": {
      "收盘价": 713.150024,
      "1天": 0.016564,
      "1星期": -0.002183,
      "1个月": 0.106809,
      "1年": 0.372774,
      "QTD": 0.220499,
      "YTD": 0.164616
    },
    "道指": {
      "收盘价": 500.23999,
      "1天": 0.012673,
      "1星期": 0.00679,
      "1个月": 0.018634,
      "1年": 0.186574,
      "QTD": 0.075724,
      "YTD": 0.039255
    },
    "黄金": {
      "收盘价": 417.399994,
      "1天": 0.014338,
      "1星期": -0.03043,
      "1个月": -0.028331,
      "1年": 0.40053,
      "QTD": -0.04664,
      "YTD": 0.048006
    },
    "WTI原油": {
      "收盘价": 144.270004,
      "1天": -0.056812,
      "1星期": 0.0157,
      "1个月": 0.124912,
      "1年": 1.105824,
      "QTD": 0.162624,
      "YTD": 1.092082
    },
    "VIX": {
      "收盘价": 17.440001,
      "1天": -0.03433,
      "1星期": -0.024063,
      "1个月": -0.105641,
      "1年": -0.038589,
      "QTD": -0.289324,
      "YTD": 0.20193
    },
    "罗素2000": {
      "收盘价": 279.869995,
      "1天": 0.025165,
      "1星期": -0.009906,
      "1个月": 0.019526,
      "1年": 0.353716,
      "QTD": 0.121454,
      "YTD": 0.126971
    },
    "比特币": {
      "收盘价": 77375.460938,
      "1天": 0.008137,
      "1星期": -0.021377,
      "1个月": 0.021106,
      "1年": -0.321002,
      "QTD": 0.136561,
      "YTD": -0.127987
    },
    "通讯服务": {
      "收盘价": 123.529999,
      "1天": 0.003004,
      "1星期": -0.012234,
      "1个月": 0.014204,
      "1年": 0.217341,
      "QTD": 0.07008,
      "YTD": 0.022007
    },
    "非必需品消费": {
      "收盘价": 117.940002,
      "1天": 0.025298,
      "1星期": -0.00657,
      "1个月": -0.008658,
      "1年": 0.094789,
      "QTD": 0.074135,
      "YTD": -0.001462
    },
    "必需品消费": {
      "收盘价": 85.519997,
      "1天": -0.006621,
      "1星期": 0.009443,
      "1个月": 0.044966,
      "1年": 0.067732,
      "QTD": 0.04984,
      "YTD": 0.106981
    },
    "能源": {
      "收盘价": 59.799999,
      "1天": -0.024311,
      "1星期": 0.037654,
      "1个月": 0.070342,
      "1年": 0.463076,
      "QTD": 0.014075,
      "YTD": 0.318526
    },
    "银行": {
      "收盘价": 85.660004,
      "1天": 0.024764,
      "1星期": 0.025132,
      "1个月": -0.022704,
      "1年": 0.305012,
      "QTD": 0.06888,
      "YTD": 0.005224
    },
    "公共事业": {
      "收盘价": 44.509998,
      "1天": 0.003834,
      "1星期": -0.003582,
      "1个月": -0.009789,
      "1年": 0.109332,
      "QTD": -0.0347,
      "YTD": 0.038008
    },
    "REITS": {
      "收盘价": 102.410004,
      "1天": 0.011357,
      "1星期": 0.003921,
      "1个月": 0.009463,
      "1年": 0.096638,
      "QTD": 0.079363,
      "YTD": 0.092642
    },
    "科技": {
      "收盘价": 177.139999,
      "1天": 0.022512,
      "1星期": 0.00164,
      "1个月": 0.145129,
      "1年": 0.519099,
      "QTD": 0.313023,
      "YTD": 0.229108
    },
    "医疗": {
      "收盘价": 147.130005,
      "1天": -0.00129,
      "1星期": 0.002863,
      "1个月": 0.008292,
      "1年": 0.11449,
      "QTD": -0.004061,
      "YTD": -0.049998
    },
    "趋势板块": {
      "收盘价": 299.589996,
      "1天": 0.023924,
      "1星期": -0.019024,
      "1个月": 0.103097,
      "1年": 0.306244,
      "QTD": 0.22162,
      "YTD": 0.186478
    },
    "保险板块": {
      "收盘价": 134.550003,
      "1天": 0.003505,
      "1星期": 0.034204,
      "1个月": 0.007563,
      "1年": 0.004011,
      "QTD": 0.054384,
      "YTD": 0.011779
    },
    "芯片": {
      "收盘价": 520.309998,
      "1天": 0.047449,
      "1星期": -0.015105,
      "1个月": 0.236772,
      "1年": 1.471723,
      "QTD": 0.536923,
      "YTD": 0.659698
    },
    "罗素1000价值": {
      "收盘价": 233.800003,
      "1天": 0.008976,
      "1星期": -0.003792,
      "1个月": 0.035109,
      "1年": 0.243735,
      "QTD": 0.087745,
      "YTD": 0.105983
    },
    "罗素1000成长": {
      "收盘价": 124.660004,
      "1天": 0.01292,
      "1星期": 0.002816,
      "1个月": 0.0581,
      "1年": 0.246101,
      "QTD": 0.159331,
      "YTD": 0.057908
    },
    "前7大科技": {
      "收盘价": 69.489998,
      "1天": 0.014008,
      "1星期": -0.014746,
      "1个月": 0.064002,
      "1年": 0.34896,
      "QTD": 0.184219,
      "YTD": 0.063351
    },
    "标普等权指数": {
      "收盘价": 203.830002,
      "1天": 0.010961,
      "1星期": 0.004485,
      "1个月": 0.006319,
      "1年": 0.1516,
      "QTD": 0.058637,
      "YTD": 0.061405
    },
    "PUT/CALL": {
      "收盘价": 1.05,
      "1天": -0.32,
      "1星期": -0.01,
      "1个月": 0.23,
      "1年": 0.19
    }
  }
}