{
  "updateTime": "2026-06-05 23:04:24",
  "assets": {
    "美元": {
      "收盘价": 100.070999,
      "1天": 0.006649,
      "1星期": 0.011738,
      "1个月": 0.020924,
      "1年": 0.012967,
      "QTD": 0.004225,
      "YTD": 0.016775
    },
    "2年美债": {
      "收盘价": 3.625,
      "1天": 0.001381,
      "1星期": 0.010312,
      "1个月": 0.006944,
      "1年": -0.145047,
      "QTD": 0.005548,
      "YTD": 0.02604
    },
    "10年美债": {
      "收盘价": 4.536,
      "1天": 0.013178,
      "1星期": 0.018639,
      "1个月": 0.041322,
      "1年": 0.039175,
      "QTD": 0.050243,
      "YTD": 0.083353
    },
    "TLT": {
      "收盘价": 85.059998,
      "1天": -0.005146,
      "1星期": -0.004261,
      "1个月": -0.007963,
      "1年": 0.029512,
      "QTD": -0.006377,
      "YTD": -0.004151
    },
    "标普500": {
      "收盘价": 737.549988,
      "1天": -0.025809,
      "1星期": -0.025024,
      "1个月": 0.005069,
      "1年": 0.251833,
      "QTD": 0.125618,
      "YTD": 0.082548
    },
    "纳指": {
      "收盘价": 705.059998,
      "1天": -0.048001,
      "1星期": -0.045035,
      "1个月": 0.013352,
      "1年": 0.339851,
      "QTD": 0.206654,
      "YTD": 0.151404
    },
    "道指": {
      "收盘价": 509.700012,
      "1天": -0.013548,
      "1星期": -0.002114,
      "1个月": 0.021904,
      "1年": 0.217833,
      "QTD": 0.096067,
      "YTD": 0.058909
    },
    "黄金": {
      "收盘价": 396.23999,
      "1天": -0.036545,
      "1星期": -0.050058,
      "1个月": -0.080564,
      "1年": 0.274493,
      "QTD": -0.094971,
      "YTD": -0.005122
    },
    "WTI原油": {
      "收盘价": 133.020004,
      "1天": -0.027205,
      "1星期": 0.030444,
      "1个月": -0.006943,
      "1年": 0.918373,
      "QTD": 0.071964,
      "YTD": 0.928944
    },
    "VIX": {
      "收盘价": 21.51,
      "1天": 0.396753,
      "1星期": 0.404047,
      "1个月": 0.259368,
      "1年": 0.163961,
      "QTD": -0.123472,
      "YTD": 0.482426
    },
    "罗素2000": {
      "收盘价": 281.649994,
      "1天": -0.035478,
      "1星期": -0.030231,
      "1个月": -0.017957,
      "1年": 0.36579,
      "QTD": 0.128586,
      "YTD": 0.134139
    },
    "比特币": {
      "收盘价": 61538.0,
      "1天": -0.035478,
      "1星期": -0.163655,
      "1个月": -0.221685,
      "1年": -0.439099,
      "QTD": -0.096074,
      "YTD": -0.306473
    },
    "通讯服务": {
      "收盘价": 119.059998,
      "1天": -0.018871,
      "1星期": -0.037199,
      "1个月": -0.050028,
      "1年": 0.149339,
      "QTD": 0.031358,
      "YTD": -0.014975
    },
    "非必需品消费": {
      "收盘价": 114.860001,
      "1天": -0.020467,
      "1星期": -0.049723,
      "1个月": -0.041795,
      "1年": 0.077562,
      "QTD": 0.046084,
      "YTD": -0.027539
    },
    "必需品消费": {
      "收盘价": 83.440002,
      "1天": 0.017065,
      "1星期": 0.006392,
      "1个月": -0.009497,
      "1年": 0.042903,
      "QTD": 0.024306,
      "YTD": 0.080057
    },
    "能源": {
      "收盘价": 57.669998,
      "1天": -0.018383,
      "1星期": 0.024516,
      "1个月": 0.011754,
      "1年": 0.452629,
      "QTD": -0.022045,
      "YTD": 0.271562
    },
    "银行": {
      "收盘价": 89.559998,
      "1天": -0.008634,
      "1星期": 0.027771,
      "1个月": 0.025888,
      "1年": 0.393462,
      "QTD": 0.117544,
      "YTD": 0.050991
    },
    "公共事业": {
      "收盘价": 44.349998,
      "1天": 0.009331,
      "1星期": -0.001576,
      "1个月": -0.029753,
      "1年": 0.126779,
      "QTD": -0.03817,
      "YTD": 0.034277
    },
    "REITS": {
      "收盘价": 102.540001,
      "1天": 0.007368,
      "1星期": 0.010944,
      "1个月": -0.007165,
      "1年": 0.109051,
      "QTD": 0.080734,
      "YTD": 0.094029
    },
    "科技": {
      "收盘价": 180.300003,
      "1天": -0.066625,
      "1星期": -0.05612,
      "1个月": 0.060401,
      "1年": 0.531507,
      "QTD": 0.336447,
      "YTD": 0.251034
    },
    "医疗": {
      "收盘价": 153.009995,
      "1天": 0.006115,
      "1星期": 0.023684,
      "1个月": 0.052338,
      "1年": 0.168421,
      "QTD": 0.035741,
      "YTD": -0.012031
    },
    "趋势板块": {
      "收盘价": 306.470001,
      "1天": -0.059533,
      "1星期": -0.029575,
      "1个月": 0.024367,
      "1年": 0.321834,
      "QTD": 0.249674,
      "YTD": 0.213725
    },
    "保险板块": {
      "收盘价": 133.600006,
      "1天": 0.031899,
      "1星期": 0.040742,
      "1个月": 0.018138,
      "1年": 0.015066,
      "QTD": 0.04694,
      "YTD": 0.004636
    },
    "芯片": {
      "收盘价": 539.77002,
      "1天": -0.104443,
      "1星期": -0.051504,
      "1个月": 0.064908,
      "1年": 1.505622,
      "QTD": 0.594405,
      "YTD": 0.721772
    },
    "罗素1000价值": {
      "收盘价": 236.419998,
      "1天": -0.019126,
      "1星期": -0.006472,
      "1个月": 0.008274,
      "1年": 0.271161,
      "QTD": 0.099935,
      "YTD": 0.118376
    },
    "罗素1000成长": {
      "收盘价": 122.690002,
      "1天": -0.032642,
      "1星期": -0.04036,
      "1个月": 0.002042,
      "1年": 0.21321,
      "QTD": 0.141011,
      "YTD": 0.04119
    },
    "前7大科技": {
      "收盘价": 66.510002,
      "1天": -0.03776,
      "1星期": -0.059397,
      "1个月": -0.028484,
      "1年": 0.27453,
      "QTD": 0.133436,
      "YTD": 0.017751
    },
    "标普等权指数": {
      "收盘价": 207.830002,
      "1天": -0.014229,
      "1星期": -0.004789,
      "1个月": 0.014547,
      "1年": 0.189601,
      "QTD": 0.079412,
      "YTD": 0.082235
    },
    "PUT/CALL": {
      "收盘价": 1.05,
      "1天": -0.32,
      "1星期": -0.01,
      "1个月": 0.23,
      "1年": 0.19
    }
  }
}