{
  "updateTime": "2026-01-05 22:18:13",
  "assets": {
    "美元": {
      "收盘价": 98.322998,
      "1天": -0.000986,
      "1星期": 0.003091,
      "1个月": -0.005331,
      "1年": -0.09754,
      "QTD": -0.000986,
      "YTD": -0.000986
    },
    "2年美债": {
      "收盘价": 3.515,
      "1天": -0.005095,
      "1星期": -0.007903,
      "1个月": -0.033012,
      "1年": -0.164686,
      "QTD": -0.005095,
      "YTD": -0.005095
    },
    "10年美债": {
      "收盘价": 4.165,
      "1天": -0.005254,
      "1星期": 0.007012,
      "1个月": 0.026621,
      "1年": -0.089219,
      "QTD": -0.005254,
      "YTD": -0.005254
    },
    "TLT": {
      "收盘价": 87.459999,
      "1天": 0.004941,
      "1星期": -0.003191,
      "1个月": -0.014144,
      "1年": 0.04606,
      "QTD": 0.004941,
      "YTD": 0.004941
    },
    "标普500": {
      "收盘价": 687.719971,
      "1天": 0.00666,
      "1星期": -0.003752,
      "1个月": 0.008572,
      "1年": 0.187203,
      "QTD": 0.00666,
      "YTD": 0.00666
    },
    "纳指": {
      "收盘价": 617.98999,
      "1天": 0.007943,
      "1星期": -0.009457,
      "1个月": -0.007592,
      "1年": 0.21496,
      "QTD": 0.007943,
      "YTD": 0.007943
    },
    "道指": {
      "收盘价": 489.769989,
      "1天": 0.012696,
      "1星期": 0.005626,
      "1个月": 0.023834,
      "1年": 0.169019,
      "QTD": 0.012696,
      "YTD": 0.012696
    },
    "黄金": {
      "收盘价": 408.76001,
      "1天": 0.026313,
      "1星期": -0.019149,
      "1个月": 0.056555,
      "1年": 0.688184,
      "QTD": 0.026313,
      "YTD": 0.026313
    },
    "WTI原油": {
      "收盘价": 70.220001,
      "1天": 0.018271,
      "1星期": 0.025409,
      "1个月": -0.006227,
      "1年": -0.070549,
      "QTD": 0.018271,
      "YTD": 0.018271
    },
    "VIX": {
      "收盘价": 14.9,
      "1天": 0.026878,
      "1星期": 0.095588,
      "1个月": -0.073383,
      "1年": -0.14121,
      "QTD": 0.026878,
      "YTD": 0.026878
    },
    "罗素2000": {
      "收盘价": 252.729996,
      "1天": 0.015877,
      "1星期": 0.00521,
      "1个月": 0.015813,
      "1年": 0.156644,
      "QTD": 0.015877,
      "YTD": 0.015877
    },
    "比特币": {
      "收盘价": 94169.648438,
      "1天": 0.03015,
      "1星期": 0.076116,
      "1个月": 0.089677,
      "1年": -0.008519,
      "QTD": 0.061282,
      "YTD": 0.061282
    },
    "通讯服务": {
      "收盘价": 121.910004,
      "1天": 0.008604,
      "1星期": 0.005278,
      "1个月": 0.007846,
      "1年": 0.300052,
      "QTD": 0.008604,
      "YTD": 0.008604
    },
    "非必需品消费": {
      "收盘价": 120.300003,
      "1天": 0.016477,
      "1星期": -0.014338,
      "1个月": 0.008732,
      "1年": 0.08171,
      "QTD": 0.016477,
      "YTD": 0.016477
    },
    "必需品消费": {
      "收盘价": 77.349998,
      "1天": -0.004376,
      "1星期": -0.011249,
      "1个月": -0.010903,
      "1年": 0.010849,
      "QTD": -0.004376,
      "YTD": -0.004376
    },
    "能源": {
      "收盘价": 46.889999,
      "1天": 0.027163,
      "1星期": 0.06086,
      "1个月": 0.02994,
      "1年": 0.131362,
      "QTD": 0.027163,
      "YTD": 0.027163
    },
    "银行": {
      "收盘价": 87.849998,
      "1天": 0.02437,
      "1星期": 0.017136,
      "1个月": 0.087426,
      "1年": 0.376238,
      "QTD": 0.02437,
      "YTD": 0.02437
    },
    "公共事业": {
      "收盘价": 42.700001,
      "1天": -0.011116,
      "1星期": -0.00187,
      "1个月": -0.01781,
      "1年": 0.160515,
      "QTD": -0.011116,
      "YTD": -0.011116
    },
    "REITS": {
      "收盘价": 94.129997,
      "1天": 0.00149,
      "1星期": -0.002014,
      "1个月": -0.008132,
      "1年": 0.036458,
      "QTD": 0.00149,
      "YTD": 0.00149
    },
    "科技": {
      "收盘价": 144.619995,
      "1天": 0.002218,
      "1星期": -0.013035,
      "1个月": -0.001073,
      "1年": 0.251685,
      "QTD": 0.002218,
      "YTD": 0.002218
    },
    "医疗": {
      "收盘价": 155.039993,
      "1天": -0.003022,
      "1星期": -0.006472,
      "1个月": 0.003999,
      "1年": 0.146812,
      "QTD": -0.003022,
      "YTD": -0.003022
    },
    "趋势板块": {
      "收盘价": 255.119995,
      "1天": 0.009457,
      "1星期": 0.000353,
      "1个月": 0.024064,
      "1年": 0.244971,
      "QTD": 0.009457,
      "YTD": 0.009457
    },
    "保险板块": {
      "收盘价": 136.559998,
      "1天": 0.011331,
      "1星期": -0.002192,
      "1个月": 0.031886,
      "1年": 0.098295,
      "QTD": 0.011331,
      "YTD": 0.011331
    },
    "芯片": {
      "收盘价": 318.059998,
      "1天": 0.013931,
      "1星期": 0.039276,
      "1个月": 0.029629,
      "1年": 0.486399,
      "QTD": 0.013931,
      "YTD": 0.013931
    },
    "罗素1000价值": {
      "收盘价": 214.619995,
      "1天": 0.011404,
      "1星期": 0.010214,
      "1个月": 0.025322,
      "1年": 0.180302,
      "QTD": 0.011404,
      "YTD": 0.011404
    },
    "罗素1000成长": {
      "收盘价": 473.570007,
      "1天": 0.003837,
      "1星期": -0.014074,
      "1个月": -0.005102,
      "1年": 0.183971,
      "QTD": 0.003837,
      "YTD": 0.003837
    },
    "前7大科技": {
      "收盘价": 65.889999,
      "1天": 0.008263,
      "1星期": -0.01666,
      "1个月": -0.00213,
      "1年": 0.228542,
      "QTD": 0.008263,
      "YTD": 0.008263
    },
    "标普等权指数": {
      "收盘价": 194.649994,
      "1天": 0.009281,
      "1星期": 0.004179,
      "1个月": 0.020545,
      "1年": 0.13007,
      "QTD": 0.009281,
      "YTD": 0.009281
    },
    "垃圾债券利差": {
      "收盘价": 2.83,
      "1天": 0.02,
      "1星期": -0.01,
      "1个月": -0.09,
      "1年": 0.11
    },
    "PUT/CALL": {
      "收盘价": 1.05,
      "1天": -0.32,
      "1星期": -0.01,
      "1个月": 0.23,
      "1年": 0.19
    }
  }
}