{
  "updateTime": "2026-03-02 22:23:45",
  "assets": {
    "美元": {
      "收盘价": 98.571999,
      "1天": 0.009856,
      "1星期": 0.008925,
      "1个月": 0.023806,
      "1年": -0.083988,
      "QTD": 0.001544,
      "YTD": 0.001544
    },
    "2年美债": {
      "收盘价": 3.59,
      "1天": 0.003354,
      "1星期": 0.000557,
      "1个月": 0.002793,
      "1年": -0.144219,
      "QTD": 0.016134,
      "YTD": 0.016134
    },
    "10年美债": {
      "收盘价": 4.048,
      "1天": 0.021706,
      "1星期": 0.004716,
      "1个月": -0.042347,
      "1年": -0.055309,
      "QTD": -0.033198,
      "YTD": -0.033198
    },
    "TLT": {
      "收盘价": 89.610001,
      "1天": -0.013323,
      "1星期": -0.001449,
      "1个月": 0.026624,
      "1年": 0.025322,
      "QTD": 0.033583,
      "YTD": 0.033583
    },
    "标普500": {
      "收盘价": 686.380005,
      "1天": 0.000569,
      "1星期": 0.005847,
      "1个月": -0.011037,
      "1年": 0.186976,
      "QTD": 0.004699,
      "YTD": 0.004699
    },
    "纳指": {
      "收盘价": 608.090027,
      "1天": 0.001317,
      "1星期": 0.011107,
      "1个月": -0.033904,
      "1年": 0.221688,
      "QTD": -0.008204,
      "YTD": -0.008204
    },
    "道指": {
      "收盘价": 489.179993,
      "1天": -0.00098,
      "1星期": 0.002397,
      "1个月": -0.000862,
      "1年": 0.148809,
      "QTD": 0.013098,
      "YTD": 0.013098
    },
    "黄金": {
      "收盘价": 490.0,
      "1天": 0.01292,
      "1星期": 0.018118,
      "1个月": -0.011898,
      "1年": 0.849545,
      "QTD": 0.23029,
      "YTD": 0.23029
    },
    "WTI原油": {
      "收盘价": 87.190002,
      "1天": 0.063941,
      "1星期": 0.07775,
      "1个月": 0.101719,
      "1年": 0.158209,
      "QTD": 0.264356,
      "YTD": 0.264356
    },
    "VIX": {
      "收盘价": 21.440001,
      "1天": 0.079557,
      "1星期": 0.020466,
      "1个月": 0.270142,
      "1年": 0.014671,
      "QTD": 0.477602,
      "YTD": 0.477602
    },
    "罗素2000": {
      "收盘价": 263.809998,
      "1天": 0.009181,
      "1星期": 0.012745,
      "1个月": 0.001671,
      "1年": 0.25607,
      "QTD": 0.060415,
      "YTD": 0.060415
    },
    "比特币": {
      "收盘价": 69213.75,
      "1天": 0.052871,
      "1星期": 0.018446,
      "1个月": -0.012935,
      "1年": -0.344429,
      "QTD": -0.219968,
      "YTD": -0.219968
    },
    "通讯服务": {
      "收盘价": 121.309998,
      "1天": -0.00777,
      "1星期": 0.008983,
      "1个月": -0.041104,
      "1年": 0.227257,
      "QTD": 0.00364,
      "YTD": 0.00364
    },
    "非必需品消费": {
      "收盘价": 115.419998,
      "1天": -0.012322,
      "1星期": 0.003739,
      "1个月": -0.047611,
      "1年": 0.096066,
      "QTD": -0.024757,
      "YTD": -0.024757
    },
    "必需品消费": {
      "收盘价": 88.709999,
      "1天": -0.014443,
      "1星期": -0.002922,
      "1个月": 0.080117,
      "1年": 0.111515,
      "QTD": 0.141846,
      "YTD": 0.141846
    },
    "能源": {
      "收盘价": 57.040001,
      "1天": 0.020029,
      "1星期": 0.03427,
      "1个月": 0.129281,
      "1年": 0.315596,
      "QTD": 0.249507,
      "YTD": 0.249507
    },
    "银行": {
      "收盘价": 82.43,
      "1天": 0.006963,
      "1星期": -0.00985,
      "1个月": -0.043957,
      "1年": 0.237548,
      "QTD": -0.038829,
      "YTD": -0.038829
    },
    "公共事业": {
      "收盘价": 47.369999,
      "1天": -0.007542,
      "1星期": 0.014781,
      "1个月": 0.093238,
      "1年": 0.24883,
      "QTD": 0.097036,
      "YTD": 0.097036
    },
    "REITS": {
      "收盘价": 101.540001,
      "1天": 0.002567,
      "1星期": 0.010248,
      "1个月": 0.054742,
      "1年": 0.065495,
      "QTD": 0.080328,
      "YTD": 0.080328
    },
    "科技": {
      "收盘价": 139.539993,
      "1天": 0.005621,
      "1星期": 0.007363,
      "1个月": -0.049908,
      "1年": 0.261595,
      "QTD": -0.032987,
      "YTD": -0.032987
    },
    "医疗": {
      "收盘价": 158.529999,
      "1天": -0.010424,
      "1星期": -6.3e-05,
      "1个月": 0.03062,
      "1年": 0.095764,
      "QTD": 0.01942,
      "YTD": 0.01942
    },
    "趋势板块": {
      "收盘价": 253.699997,
      "1天": 0.002925,
      "1星期": 0.015816,
      "1个月": -0.028416,
      "1年": 0.194514,
      "QTD": 0.003838,
      "YTD": 0.003838
    },
    "保险板块": {
      "收盘价": 137.559998,
      "1天": 0.007249,
      "1星期": 0.025419,
      "1个月": 0.039051,
      "1年": 0.044636,
      "QTD": 0.018737,
      "YTD": 0.018737
    },
    "芯片": {
      "收盘价": 352.049988,
      "1天": -0.000681,
      "1星期": -0.013368,
      "1个月": -0.025143,
      "1年": 0.727327,
      "QTD": 0.122286,
      "YTD": 0.122286
    },
    "罗素1000价值": {
      "收盘价": 225.149994,
      "1天": -0.001641,
      "1星期": 0.00937,
      "1个月": 0.022247,
      "1年": 0.195214,
      "QTD": 0.061027,
      "YTD": 0.061027
    },
    "罗素1000成长": {
      "收盘价": 451.470001,
      "1天": 0.002843,
      "1星期": 0.007768,
      "1个月": -0.03828,
      "1年": 0.169429,
      "QTD": -0.043009,
      "YTD": -0.043009
    },
    "前7大科技": {
      "收盘价": 61.610001,
      "1天": 0.004238,
      "1星期": 0.000162,
      "1个月": -0.071859,
      "1年": 0.247296,
      "QTD": -0.05723,
      "YTD": -0.05723
    },
    "标普等权指数": {
      "收盘价": 204.589996,
      "1天": -0.001854,
      "1星期": 0.013574,
      "1个月": 0.030576,
      "1年": 0.167982,
      "QTD": 0.060821,
      "YTD": 0.060821
    },
    "垃圾债券利差": {
      "收盘价": 3.12,
      "1天": 0.02,
      "1星期": 0.17,
      "1个月": 0.24,
      "1年": -0.13
    },
    "PUT/CALL": {
      "收盘价": 1.05,
      "1天": -0.32,
      "1星期": -0.01,
      "1个月": 0.23,
      "1年": 0.19
    }
  }
}