{
  "updateTime": "2026-04-17 22:35:15",
  "assets": {
    "美元": {
      "收盘价": 98.226997,
      "1天": 7.1e-05,
      "1星期": -0.004288,
      "1个月": -0.018613,
      "1年": -0.011602,
      "QTD": -0.01428,
      "YTD": -0.001961
    },
    "2年美债": {
      "收盘价": 3.6,
      "1天": -0.00277,
      "1星期": 0.001948,
      "1个月": -0.00277,
      "1年": -0.142857,
      "QTD": -0.001387,
      "YTD": 0.018964
    },
    "10年美债": {
      "收盘价": 4.246,
      "1天": -0.014621,
      "1星期": -0.016447,
      "1个月": -0.003052,
      "1年": -0.017812,
      "QTD": -0.016902,
      "YTD": 0.014091
    },
    "TLT": {
      "收盘价": 87.07,
      "1天": 0.009156,
      "1星期": 0.006706,
      "1个月": 0.005266,
      "1年": 0.036449,
      "QTD": 0.00939,
      "YTD": 0.011652
    },
    "标普500": {
      "收盘价": 710.140015,
      "1天": 0.012086,
      "1星期": 0.045153,
      "1个月": 0.076576,
      "1年": 0.336063,
      "QTD": 0.083786,
      "YTD": 0.042317
    },
    "纳指": {
      "收盘价": 648.849976,
      "1天": 0.013084,
      "1星期": 0.061826,
      "1个月": 0.092063,
      "1年": 0.423591,
      "QTD": 0.110455,
      "YTD": 0.05961
    },
    "道指": {
      "收盘价": 494.220001,
      "1天": 0.017688,
      "1星期": 0.031236,
      "1个月": 0.069736,
      "1年": 0.243294,
      "QTD": 0.061743,
      "YTD": 0.025747
    },
    "黄金": {
      "收盘价": 445.929993,
      "1天": 0.013293,
      "1星期": 0.020131,
      "1个月": 0.002676,
      "1年": 0.497515,
      "QTD": 0.018524,
      "YTD": 0.119639
    },
    "WTI原油": {
      "收盘价": 116.040001,
      "1天": -0.077877,
      "1星期": -0.070341,
      "1个月": -0.046273,
      "1年": 0.745487,
      "QTD": -0.064872,
      "YTD": 0.682715
    },
    "VIX": {
      "收盘价": 17.48,
      "1天": -0.025641,
      "1星期": -0.091004,
      "1个月": -0.303308,
      "1年": -0.419655,
      "QTD": -0.287694,
      "YTD": 0.204686
    },
    "罗素2000": {
      "收盘价": 275.779999,
      "1天": 0.021597,
      "1星期": 0.055415,
      "1个月": 0.120966,
      "1年": 0.492568,
      "QTD": 0.105065,
      "YTD": 0.110502
    },
    "比特币": {
      "收盘价": 77494.703125,
      "1天": 0.031171,
      "1星期": 0.095279,
      "1个月": 0.168173,
      "1年": -0.335885,
      "QTD": 0.138313,
      "YTD": -0.126643
    },
    "通讯服务": {
      "收盘价": 123.919998,
      "1天": 0.004377,
      "1星期": 0.047683,
      "1个月": 0.05222,
      "1年": 0.35126,
      "QTD": 0.073458,
      "YTD": 0.025234
    },
    "非必需品消费": {
      "收盘价": 120.410004,
      "1天": 0.023633,
      "1星期": 0.066614,
      "1个月": 0.091181,
      "1年": 0.284931,
      "QTD": 0.09663,
      "YTD": 0.01945
    },
    "必需品消费": {
      "收盘价": 82.459999,
      "1天": 0.012649,
      "1星期": 0.001093,
      "1个月": 0.003438,
      "1年": 0.04579,
      "QTD": 0.012276,
      "YTD": 0.067372
    },
    "能源": {
      "收盘价": 55.02,
      "1天": -0.027572,
      "1星期": -0.03372,
      "1个月": -0.052208,
      "1年": 0.436721,
      "QTD": -0.066983,
      "YTD": 0.213132
    },
    "银行": {
      "收盘价": 86.889999,
      "1天": 0.014359,
      "1星期": 0.024042,
      "1个月": 0.142039,
      "1年": 0.557122,
      "QTD": 0.084228,
      "YTD": 0.019658
    },
    "公共事业": {
      "收盘价": 46.16,
      "1天": -0.004099,
      "1星期": -0.017036,
      "1个月": -0.005292,
      "1年": 0.222285,
      "QTD": 0.001084,
      "YTD": 0.076487
    },
    "REITS": {
      "收盘价": 102.980003,
      "1天": 0.015983,
      "1星期": 0.039992,
      "1个月": 0.063404,
      "1年": 0.162188,
      "QTD": 0.085371,
      "YTD": 0.098724
    },
    "科技": {
      "收盘价": 154.350006,
      "1天": 0.015327,
      "1星期": 0.082247,
      "1个月": 0.120194,
      "1年": 0.545444,
      "QTD": 0.144096,
      "YTD": 0.070977
    },
    "医疗": {
      "收盘价": 148.800003,
      "1天": 0.014938,
      "1星期": 0.010115,
      "1个月": 0.015439,
      "1年": 0.099962,
      "QTD": 0.007243,
      "YTD": -0.039215
    },
    "趋势板块": {
      "收盘价": 274.459991,
      "1天": 0.013441,
      "1星期": 0.041831,
      "1个月": 0.114604,
      "1年": 0.391006,
      "QTD": 0.119149,
      "YTD": 0.086954
    },
    "保险板块": {
      "收盘价": 133.720001,
      "1天": 0.010351,
      "1星期": 0.031074,
      "1个月": 0.045586,
      "1年": 0.052012,
      "QTD": 0.04788,
      "YTD": 0.005538
    },
    "芯片": {
      "收盘价": 415.709991,
      "1天": 0.024042,
      "1星期": 0.075297,
      "1个月": 0.228857,
      "1年": 1.402884,
      "QTD": 0.227949,
      "YTD": 0.326042
    },
    "罗素1000价值": {
      "收盘价": 227.149994,
      "1天": 0.009825,
      "1星期": 0.02389,
      "1个月": 0.060358,
      "1年": 0.300327,
      "QTD": 0.056807,
      "YTD": 0.074525
    },
    "罗素1000成长": {
      "收盘价": 476.410004,
      "1天": 0.015302,
      "1星期": 0.067561,
      "1个月": 0.090083,
      "1年": 0.357767,
      "QTD": 0.107647,
      "YTD": 0.010745
    },
    "前7大科技": {
      "收盘价": 66.449997,
      "1天": 0.017455,
      "1星期": 0.08685,
      "1个月": 0.103821,
      "1年": 0.513479,
      "QTD": 0.132413,
      "YTD": 0.016832
    },
    "标普等权指数": {
      "收盘价": 203.160004,
      "1天": 0.01256,
      "1星期": 0.033105,
      "1个月": 0.054581,
      "1年": 0.262976,
      "QTD": 0.055157,
      "YTD": 0.057916
    },
    "PUT/CALL": {
      "收盘价": 1.05,
      "1天": -0.32,
      "1星期": -0.01,
      "1个月": 0.23,
      "1年": 0.19
    }
  }
}