{
  "updateTime": "2026-02-19 22:27:42",
  "assets": {
    "美元": {
      "收盘价": 97.846001,
      "1天": 0.001494,
      "1星期": 0.010493,
      "1个月": -0.008049,
      "1年": -0.087002,
      "QTD": -0.005832,
      "YTD": -0.005832
    },
    "2年美债": {
      "收盘价": 3.595,
      "1天": -0.00222,
      "1星期": -0.001389,
      "1个月": 0.006439,
      "1年": -0.146689,
      "QTD": 0.017549,
      "YTD": 0.017549
    },
    "10年美债": {
      "收盘价": 4.075,
      "1天": -0.000981,
      "1星期": -0.02325,
      "1个月": -0.051222,
      "1年": -0.103213,
      "QTD": -0.026749,
      "YTD": -0.026749
    },
    "TLT": {
      "收盘价": 89.620003,
      "1天": 0.001005,
      "1星期": 0.017715,
      "1个月": 0.038232,
      "1年": 0.062799,
      "QTD": 0.033699,
      "YTD": 0.033699
    },
    "标普500": {
      "收盘价": 684.47998,
      "1天": -0.002637,
      "1星期": -0.01081,
      "1个月": 0.010183,
      "1年": 0.132509,
      "QTD": 0.001918,
      "YTD": 0.001918
    },
    "纳指": {
      "收盘价": 603.469971,
      "1天": -0.00383,
      "1星期": -0.015723,
      "1个月": -0.007549,
      "1年": 0.124517,
      "QTD": -0.015739,
      "YTD": -0.015739
    },
    "道指": {
      "收盘价": 494.380005,
      "1天": -0.005272,
      "1星期": -0.013863,
      "1个月": 0.019592,
      "1年": 0.125971,
      "QTD": 0.022598,
      "YTD": 0.022598
    },
    "黄金": {
      "收盘价": 459.559998,
      "1天": 0.002793,
      "1星期": -0.017257,
      "1个月": 0.051071,
      "1年": 0.697673,
      "QTD": 0.153862,
      "YTD": 0.153862
    },
    "WTI原油": {
      "收盘价": 81.190002,
      "1天": 0.022544,
      "1星期": 0.029155,
      "1个月": 0.129836,
      "1年": 0.054964,
      "QTD": 0.177349,
      "YTD": 0.177349
    },
    "VIX": {
      "收盘价": 20.23,
      "1天": 0.031091,
      "1星期": 0.146176,
      "1个月": 0.006969,
      "1年": 0.317915,
      "QTD": 0.394211,
      "YTD": 0.394211
    },
    "罗素2000": {
      "收盘价": 264.600006,
      "1天": 0.002311,
      "1星期": -0.001321,
      "1个月": 0.007693,
      "1年": 0.177658,
      "QTD": 0.06359,
      "YTD": 0.06359
    },
    "比特币": {
      "收盘价": 66798.703125,
      "1天": 0.005621,
      "1星期": -0.042554,
      "1个月": -0.210059,
      "1年": -0.369401,
      "QTD": -0.247186,
      "YTD": -0.247186
    },
    "通讯服务": {
      "收盘价": 119.800003,
      "1天": -0.00175,
      "1星期": -0.022838,
      "1个月": 0.019141,
      "1年": 0.162033,
      "QTD": -0.008852,
      "YTD": -0.008852
    },
    "非必需品消费": {
      "收盘价": 116.239998,
      "1天": -0.006666,
      "1星期": -0.012908,
      "1个月": -0.024177,
      "1年": 0.035877,
      "QTD": -0.017828,
      "YTD": -0.017828
    },
    "必需品消费": {
      "收盘价": 87.669998,
      "1天": -0.004203,
      "1星期": -0.008258,
      "1个月": 0.064473,
      "1年": 0.113285,
      "QTD": 0.128459,
      "YTD": 0.128459
    },
    "能源": {
      "收盘价": 55.18,
      "1天": 0.007302,
      "1星期": 0.003638,
      "1个月": 0.159244,
      "1年": 0.249138,
      "QTD": 0.208762,
      "YTD": 0.208762
    },
    "银行": {
      "收盘价": 86.239998,
      "1天": -0.012029,
      "1星期": -0.02189,
      "1个月": 0.018182,
      "1年": 0.223516,
      "QTD": 0.005597,
      "YTD": 0.005597
    },
    "公共事业": {
      "收盘价": 46.110001,
      "1天": 0.010963,
      "1星期": 0.034088,
      "1个月": 0.073324,
      "1年": 0.188054,
      "QTD": 0.067855,
      "YTD": 0.067855
    },
    "REITS": {
      "收盘价": 99.830002,
      "1天": -0.0018,
      "1星期": 0.009097,
      "1个月": 0.035473,
      "1年": 0.061906,
      "QTD": 0.062134,
      "YTD": 0.062134
    },
    "科技": {
      "收盘价": 140.210007,
      "1天": -0.004968,
      "1星期": -0.019305,
      "1个月": -0.011492,
      "1年": 0.165208,
      "QTD": -0.028344,
      "YTD": -0.028344
    },
    "医疗": {
      "收盘价": 157.259995,
      "1天": -0.0026,
      "1星期": 0.006464,
      "1个月": 0.011969,
      "1年": 0.107293,
      "QTD": 0.011253,
      "YTD": 0.011253
    },
    "趋势板块": {
      "收盘价": 253.294998,
      "1天": -0.000769,
      "1星期": -0.00727,
      "1个月": 0.0018,
      "1年": 0.114548,
      "QTD": 0.002236,
      "YTD": 0.002236
    },
    "保险板块": {
      "收盘价": 134.475006,
      "1天": -0.006611,
      "1星期": -0.010704,
      "1个月": 0.035459,
      "1年": 0.060233,
      "QTD": -0.00411,
      "YTD": -0.00411
    },
    "芯片": {
      "收盘价": 355.839996,
      "1天": -0.005811,
      "1星期": -0.012104,
      "1个月": 0.05481,
      "1年": 0.580308,
      "QTD": 0.134368,
      "YTD": 0.134368
    },
    "罗素1000价值": {
      "收盘价": 223.970001,
      "1天": -0.001516,
      "1星期": -0.003825,
      "1个月": 0.037186,
      "1年": 0.165672,
      "QTD": 0.055467,
      "YTD": 0.055467
    },
    "罗素1000成长": {
      "收盘价": 450.73999,
      "1天": -0.003163,
      "1星期": -0.01568,
      "1个月": -0.017268,
      "1年": 0.086969,
      "QTD": -0.044557,
      "YTD": -0.044557
    },
    "前7大科技": {
      "收盘价": 61.59,
      "1天": -0.001621,
      "1星期": -0.02532,
      "1个月": -0.021449,
      "1年": 0.133784,
      "QTD": -0.057536,
      "YTD": -0.057536
    },
    "标普等权指数": {
      "收盘价": 203.139999,
      "1天": -0.002112,
      "1星期": -0.001573,
      "1个月": 0.036006,
      "1年": 0.132566,
      "QTD": 0.053303,
      "YTD": 0.053303
    },
    "垃圾债券利差": {
      "收盘价": 2.86,
      "1天": -0.08,
      "1星期": 0.02,
      "1个月": 0.17,
      "1年": -0.13
    },
    "PUT/CALL": {
      "收盘价": 1.05,
      "1天": -0.32,
      "1星期": -0.01,
      "1个月": 0.23,
      "1年": 0.19
    }
  }
}