{
  "updateTime": "2026-03-31 22:31:13",
  "assets": {
    "美元": {
      "收盘价": 99.857002,
      "1天": -0.006497,
      "1星期": 0.004294,
      "1个月": 0.015013,
      "1年": -0.041771,
      "QTD": 0.014601,
      "YTD": 0.014601
    },
    "2年美债": {
      "收盘价": 3.6,
      "1天": 0.000556,
      "1星期": -0.005525,
      "1个月": 0.002786,
      "1年": -0.140401,
      "QTD": 0.018964,
      "YTD": 0.018964
    },
    "10年美债": {
      "收盘价": 4.311,
      "1天": -0.00714,
      "1星期": -0.018443,
      "1个月": 0.06497,
      "1年": 0.013161,
      "QTD": 0.029615,
      "YTD": 0.029615
    },
    "TLT": {
      "收盘价": 86.690002,
      "1天": -0.001037,
      "1星期": 0.007906,
      "1个月": -0.032586,
      "1年": 0.004964,
      "QTD": 0.003228,
      "YTD": 0.003228
    },
    "标普500": {
      "收盘价": 650.340027,
      "1天": 0.029068,
      "1星期": -0.004348,
      "1个月": -0.04992,
      "1年": 0.183809,
      "QTD": -0.045456,
      "YTD": -0.045456
    },
    "纳指": {
      "收盘价": 577.179993,
      "1天": 0.033854,
      "1星期": -0.011644,
      "1个月": -0.049634,
      "1年": 0.236776,
      "QTD": -0.057431,
      "YTD": -0.057431
    },
    "道指": {
      "收盘价": 463.190002,
      "1天": 0.024621,
      "1星期": 0.00438,
      "1个月": -0.051084,
      "1年": 0.131842,
      "QTD": -0.038655,
      "YTD": -0.038655
    },
    "黄金": {
      "收盘价": 430.290009,
      "1天": 0.037894,
      "1星期": 0.064732,
      "1个月": -0.121857,
      "1年": 0.514786,
      "QTD": 0.080371,
      "YTD": 0.080371
    },
    "WTI原油": {
      "收盘价": 127.25,
      "1天": -0.019872,
      "1星期": 0.110966,
      "1个月": 0.459456,
      "1年": 0.701886,
      "QTD": 0.845273,
      "YTD": 0.845273
    },
    "VIX": {
      "收盘价": 25.25,
      "1天": -0.175106,
      "1星期": -0.06308,
      "1个月": 0.177705,
      "1年": 0.166282,
      "QTD": 0.740179,
      "YTD": 0.740179
    },
    "罗素2000": {
      "收盘价": 248.0,
      "1天": 0.035015,
      "1星期": -0.003135,
      "1个月": -0.058257,
      "1年": 0.250549,
      "QTD": -0.001362,
      "YTD": -0.001362
    },
    "比特币": {
      "收盘价": 68059.460938,
      "1天": 0.020513,
      "1星期": -0.010643,
      "1个月": -0.026706,
      "1年": -0.432816,
      "QTD": -0.232977,
      "YTD": -0.232977
    },
    "通讯服务": {
      "收盘价": 114.860001,
      "1天": 0.030967,
      "1星期": -0.001651,
      "1个月": -0.05317,
      "1年": 0.220074,
      "QTD": -0.049723,
      "YTD": -0.049723
    },
    "非必需品消费": {
      "收盘价": 108.980003,
      "1天": 0.031422,
      "1星期": -0.006382,
      "1个月": -0.053899,
      "1年": 0.114915,
      "QTD": -0.077322,
      "YTD": -0.077322
    },
    "必需品消费": {
      "收盘价": 81.980003,
      "1天": 0.001221,
      "1星期": 0.010726,
      "1个月": -0.070663,
      "1年": 0.047719,
      "QTD": 0.061159,
      "YTD": 0.061159
    },
    "能源": {
      "收盘价": 61.259998,
      "1天": -0.011298,
      "1星期": 0.006903,
      "1个月": 0.081,
      "1年": 0.3681,
      "QTD": 0.350717,
      "YTD": 0.350717
    },
    "银行": {
      "收盘价": 79.120003,
      "1天": 0.035602,
      "1星期": 0.006488,
      "1个月": -0.034014,
      "1年": 0.307332,
      "QTD": -0.071523,
      "YTD": -0.071523
    },
    "公共事业": {
      "收盘价": 45.889999,
      "1天": -0.000653,
      "1星期": 0.017742,
      "1个月": -0.02447,
      "1年": 0.21046,
      "QTD": 0.070191,
      "YTD": 0.070191
    },
    "REITS": {
      "收盘价": 94.559998,
      "1天": 0.016119,
      "1星期": 0.011445,
      "1个月": -0.066128,
      "1年": 0.021769,
      "QTD": 0.008888,
      "YTD": 0.008888
    },
    "科技": {
      "收盘价": 132.899994,
      "1天": 0.042353,
      "1星期": -0.023871,
      "1个月": -0.046401,
      "1年": 0.295276,
      "QTD": -0.077857,
      "YTD": -0.077857
    },
    "医疗": {
      "收盘价": 146.610001,
      "1天": 0.019399,
      "1星期": 0.01257,
      "1个月": -0.071389,
      "1年": 0.032554,
      "QTD": -0.053355,
      "YTD": -0.053355
    },
    "趋势板块": {
      "收盘价": 239.990005,
      "1天": 0.039953,
      "1星期": -0.022603,
      "1个月": -0.053192,
      "1年": 0.204438,
      "QTD": -0.049558,
      "YTD": -0.049558
    },
    "保险板块": {
      "收盘价": 128.289993,
      "1天": 0.006275,
      "1星期": 0.001561,
      "1个月": -0.053037,
      "1年": -0.032508,
      "QTD": -0.035294,
      "YTD": -0.035294
    },
    "芯片": {
      "收盘价": 328.660004,
      "1天": 0.060912,
      "1星期": -0.036244,
      "1个月": -0.065864,
      "1年": 0.753021,
      "QTD": 0.048368,
      "YTD": 0.048368
    },
    "罗素1000价值": {
      "收盘价": 213.669998,
      "1天": 0.020294,
      "1星期": -0.000702,
      "1个月": -0.047378,
      "1年": 0.167344,
      "QTD": 0.010758,
      "YTD": 0.010758
    },
    "罗素1000成长": {
      "收盘价": 426.399994,
      "1天": 0.037697,
      "1星期": -0.007033,
      "1个月": -0.054699,
      "1年": 0.187162,
      "QTD": -0.095355,
      "YTD": -0.095355
    },
    "前7大科技": {
      "收盘价": 57.939999,
      "1天": 0.046037,
      "1星期": -0.009742,
      "1个月": -0.059568,
      "1年": 0.277223,
      "QTD": -0.113389,
      "YTD": -0.113389
    },
    "标普等权指数": {
      "收盘价": 191.919998,
      "1天": 0.020471,
      "1星期": 0.0,
      "1个月": -0.057913,
      "1年": 0.135876,
      "QTD": -0.000614,
      "YTD": -0.000614
    },
    "PUT/CALL": {
      "收盘价": 1.05,
      "1天": -0.32,
      "1星期": -0.01,
      "1个月": 0.23,
      "1年": 0.19
    }
  }
}