{
  "updateTime": "2026-02-17 22:27:07",
  "assets": {
    "美元": {
      "收盘价": 97.132004,
      "1天": 0.002601,
      "1星期": 0.003223,
      "1个月": -0.02203,
      "1年": -0.088561,
      "QTD": -0.013087,
      "YTD": -0.013087
    },
    "2年美债": {
      "收盘价": 3.593,
      "1天": 0.0,
      "1星期": 0.0,
      "1个月": 0.007854,
      "1年": -0.147164,
      "QTD": 0.016983,
      "YTD": 0.016983
    },
    "10年美债": {
      "收盘价": 4.052,
      "1天": -0.000986,
      "1星期": -0.034778,
      "1个月": -0.025961,
      "1年": -0.10453,
      "QTD": -0.032243,
      "YTD": -0.032243
    },
    "TLT": {
      "收盘价": 89.870003,
      "1天": 0.001672,
      "1星期": 0.026851,
      "1个月": 0.021558,
      "1年": 0.058793,
      "QTD": 0.036582,
      "YTD": 0.036582
    },
    "标普500": {
      "收盘价": 682.849976,
      "1天": 0.001613,
      "1星期": -0.015995,
      "1个月": -0.013565,
      "1年": 0.133073,
      "QTD": -0.000468,
      "YTD": -0.000468
    },
    "纳指": {
      "收盘价": 601.299988,
      "1天": -0.00103,
      "1星期": -0.021194,
      "1个月": -0.032938,
      "1年": 0.127728,
      "QTD": -0.019278,
      "YTD": -0.019278
    },
    "道指": {
      "收盘价": 495.850006,
      "1天": 0.001151,
      "1星期": -0.010714,
      "1个月": 0.003134,
      "1年": 0.125935,
      "QTD": 0.025638,
      "YTD": 0.025638
    },
    "黄金": {
      "收盘价": 448.200012,
      "1天": -0.03117,
      "1星期": -0.040319,
      "1个月": 0.058749,
      "1年": 0.658096,
      "QTD": 0.125339,
      "YTD": 0.125339
    },
    "WTI原油": {
      "收盘价": 75.730003,
      "1天": -0.006429,
      "1星期": -0.029351,
      "1个月": 0.06467,
      "1年": -0.00864,
      "QTD": 0.098173,
      "YTD": 0.098173
    },
    "VIX": {
      "收盘价": 20.290001,
      "1天": -0.015049,
      "1星期": 0.168779,
      "1个月": 0.280934,
      "1年": 0.343709,
      "QTD": 0.398346,
      "YTD": 0.398346
    },
    "罗素2000": {
      "收盘价": 263.040009,
      "1天": 0.000304,
      "1星期": -0.014388,
      "1个月": -0.009303,
      "1年": 0.176254,
      "QTD": 0.05732,
      "YTD": 0.05732
    },
    "比特币": {
      "收盘价": 67582.757812,
      "1天": -0.018308,
      "1星期": 0.020551,
      "1个月": -0.241517,
      "1年": -0.387045,
      "QTD": -0.23835,
      "YTD": -0.23835
    },
    "通讯服务": {
      "收盘价": 120.050003,
      "1天": -0.002161,
      "1星期": -0.022792,
      "1个月": -0.001165,
      "1年": 0.167644,
      "QTD": -0.006784,
      "YTD": -0.006784
    },
    "非必需品消费": {
      "收盘价": 116.040001,
      "1天": -0.001205,
      "1星期": -0.012846,
      "1个月": -0.054279,
      "1年": 0.03077,
      "QTD": -0.019518,
      "YTD": -0.019518
    },
    "必需品消费": {
      "收盘价": 88.199997,
      "1天": -0.014635,
      "1星期": 0.008807,
      "1个月": 0.070778,
      "1年": 0.112862,
      "QTD": 0.135281,
      "YTD": 0.135281
    },
    "能源": {
      "收盘价": 53.75,
      "1天": -0.01104,
      "1星期": 0.002051,
      "1个月": 0.128964,
      "1年": 0.238332,
      "QTD": 0.177437,
      "YTD": 0.177437
    },
    "银行": {
      "收盘价": 86.190002,
      "1天": 0.006775,
      "1星期": -0.049724,
      "1个月": -0.003469,
      "1年": 0.249826,
      "QTD": 0.005014,
      "YTD": 0.005014
    },
    "公共事业": {
      "收盘价": 46.380001,
      "1天": -0.002581,
      "1星期": 0.066697,
      "1个月": 0.063518,
      "1年": 0.201179,
      "QTD": 0.074108,
      "YTD": 0.074108
    },
    "REITS": {
      "收盘价": 101.209999,
      "1天": 0.009878,
      "1星期": 0.032123,
      "1个月": 0.043079,
      "1年": 0.076473,
      "QTD": 0.076817,
      "YTD": 0.076817
    },
    "科技": {
      "收盘价": 139.479996,
      "1天": -0.000573,
      "1星期": -0.026997,
      "1个月": -0.041111,
      "1年": 0.173682,
      "QTD": -0.033403,
      "YTD": -0.033403
    },
    "医疗": {
      "收盘价": 157.369995,
      "1天": -0.001903,
      "1星期": 0.006717,
      "1个月": 0.002612,
      "1年": 0.093913,
      "QTD": 0.011961,
      "YTD": 0.011961
    },
    "趋势板块": {
      "收盘价": 251.649994,
      "1天": 0.000676,
      "1星期": -0.022453,
      "1个月": -0.021617,
      "1年": 0.115917,
      "QTD": -0.004273,
      "YTD": -0.004273
    },
    "保险板块": {
      "收盘价": 136.559998,
      "1天": 0.015165,
      "1星期": 0.021086,
      "1个月": 0.039507,
      "1年": 0.072598,
      "QTD": 0.011331,
      "YTD": 0.011331
    },
    "芯片": {
      "收盘价": 354.100006,
      "1天": -0.001579,
      "1星期": 0.00377,
      "1个月": 0.050056,
      "1年": 0.600244,
      "QTD": 0.128821,
      "YTD": 0.128821
    },
    "罗素1000价值": {
      "收盘价": 223.199997,
      "1天": -0.00228,
      "1星期": -0.006322,
      "1个月": 0.018248,
      "1年": 0.167393,
      "QTD": 0.051838,
      "YTD": 0.051838
    },
    "罗素1000成长": {
      "收盘价": 449.350006,
      "1天": 0.004875,
      "1星期": -0.025229,
      "1个月": -0.045297,
      "1年": 0.085103,
      "QTD": -0.047503,
      "YTD": -0.047503
    },
    "前7大科技": {
      "收盘价": 61.27,
      "1天": 0.001962,
      "1星期": -0.040257,
      "1个月": -0.058688,
      "1年": 0.124628,
      "QTD": -0.062433,
      "YTD": -0.062433
    },
    "标普等权指数": {
      "收盘价": 202.520004,
      "1天": -0.001725,
      "1星期": 0.000692,
      "1个月": 0.014833,
      "1年": 0.136647,
      "QTD": 0.050088,
      "YTD": 0.050088
    },
    "垃圾债券利差": {
      "收盘价": 2.94,
      "1天": -0.01,
      "1星期": 0.1,
      "1个月": 0.29,
      "1年": 0.07
    },
    "PUT/CALL": {
      "收盘价": 1.05,
      "1天": -0.32,
      "1星期": -0.01,
      "1个月": 0.23,
      "1年": 0.19
    }
  }
}