{
  "updateTime": "2026-03-11 22:24:10",
  "assets": {
    "美元": {
      "收盘价": 99.250999,
      "1天": 0.00426,
      "1星期": 0.00487,
      "1个月": 0.025108,
      "1年": -0.040497,
      "QTD": 0.008443,
      "YTD": 0.008443
    },
    "2年美债": {
      "收盘价": 3.6,
      "1天": 0.001391,
      "1星期": 0.001391,
      "1个月": 0.001948,
      "1年": -0.139785,
      "QTD": 0.018964,
      "YTD": 0.018964
    },
    "10年美债": {
      "收盘价": 4.208,
      "1天": 0.017408,
      "1星期": 0.031373,
      "1个月": 0.002382,
      "1年": -0.001187,
      "QTD": 0.005016,
      "YTD": 0.005016
    },
    "TLT": {
      "收盘价": 87.139999,
      "1天": -0.012913,
      "1星期": -0.022546,
      "1个月": -0.001031,
      "1年": -0.003727,
      "QTD": 0.004593,
      "YTD": 0.004593
    },
    "标普500": {
      "收盘价": 676.330017,
      "1天": -0.001255,
      "1星期": -0.012844,
      "1个月": -0.025391,
      "1年": 0.22065,
      "QTD": -0.010012,
      "YTD": -0.010012
    },
    "纳指": {
      "收盘价": 607.690002,
      "1天": -0.000132,
      "1星期": -0.00501,
      "1个月": -0.010792,
      "1年": 0.29201,
      "QTD": -0.008856,
      "YTD": -0.008856
    },
    "道指": {
      "收盘价": 474.809998,
      "1天": -0.00605,
      "1星期": -0.02651,
      "1个月": -0.051515,
      "1年": 0.149246,
      "QTD": -0.016662,
      "YTD": -0.016662
    },
    "黄金": {
      "收盘价": 476.23999,
      "1天": -0.00339,
      "1星期": 0.009411,
      "1个月": 0.01972,
      "1年": 0.790107,
      "QTD": 0.195742,
      "YTD": 0.195742
    },
    "WTI原油": {
      "收盘价": 108.050003,
      "1天": 0.020688,
      "1星期": 0.180101,
      "1个月": 0.384901,
      "1年": 0.524192,
      "QTD": 0.56685,
      "YTD": 0.56685
    },
    "VIX": {
      "收盘价": 24.23,
      "1天": -0.028079,
      "1星期": 0.145626,
      "1个月": 0.395737,
      "1年": -0.130294,
      "QTD": 0.669883,
      "YTD": 0.669883
    },
    "罗素2000": {
      "收盘价": 252.850006,
      "1天": -0.002013,
      "1星期": -0.034039,
      "1个月": -0.05257,
      "1年": 0.273564,
      "QTD": 0.01636,
      "YTD": 0.01636
    },
    "比特币": {
      "收盘价": 70682.789062,
      "1天": 0.010809,
      "1星期": 0.037371,
      "1个月": 0.064094,
      "1年": -0.350696,
      "QTD": -0.203413,
      "YTD": -0.203413
    },
    "通讯服务": {
      "收盘价": 120.959999,
      "1天": -0.003706,
      "1星期": -0.00706,
      "1个月": -0.015385,
      "1年": 0.254241,
      "QTD": 0.000745,
      "YTD": 0.000745
    },
    "非必需品消费": {
      "收盘价": 114.139999,
      "1天": -0.002621,
      "1星期": -0.019332,
      "1个月": -0.029009,
      "1年": 0.160969,
      "QTD": -0.035572,
      "YTD": -0.035572
    },
    "必需品消费": {
      "收盘价": 84.589996,
      "1天": -0.013183,
      "1星期": -0.029486,
      "1个月": -0.032483,
      "1年": 0.051047,
      "QTD": 0.088814,
      "YTD": 0.088814
    },
    "能源": {
      "收盘价": 56.98,
      "1天": 0.02482,
      "1星期": 0.014059,
      "1个月": 0.062267,
      "1年": 0.33704,
      "QTD": 0.248193,
      "YTD": 0.248193
    },
    "银行": {
      "收盘价": 78.339996,
      "1天": -0.006846,
      "1星期": -0.049848,
      "1个月": -0.136273,
      "1年": 0.317582,
      "QTD": -0.086521,
      "YTD": -0.086521
    },
    "公共事业": {
      "收盘价": 46.169998,
      "1天": -0.008376,
      "1星期": -0.023271,
      "1个月": 0.061867,
      "1年": 0.215481,
      "QTD": 0.069245,
      "YTD": 0.069245
    },
    "REITS": {
      "收盘价": 98.010002,
      "1天": -0.011199,
      "1星期": -0.03018,
      "1个月": -0.00051,
      "1年": 0.045585,
      "QTD": 0.042771,
      "YTD": 0.042771
    },
    "科技": {
      "收盘价": 140.429993,
      "1天": 0.004794,
      "1星期": 0.004219,
      "1个月": -0.02037,
      "1年": 0.350584,
      "QTD": -0.026819,
      "YTD": -0.026819
    },
    "医疗": {
      "收盘价": 152.850006,
      "1天": -0.001959,
      "1星期": -0.026743,
      "1个月": -0.022198,
      "1年": 0.053284,
      "QTD": -0.017105,
      "YTD": -0.017105
    },
    "趋势板块": {
      "收盘价": 248.789993,
      "1天": 0.002054,
      "1星期": -0.007658,
      "1个月": -0.033563,
      "1年": 0.280938,
      "QTD": -0.01559,
      "YTD": -0.01559
    },
    "保险板块": {
      "收盘价": 130.660004,
      "1天": -0.011649,
      "1星期": -0.040112,
      "1个月": -0.02303,
      "1年": -0.003447,
      "QTD": -0.032363,
      "YTD": -0.032363
    },
    "芯片": {
      "收盘价": 342.089996,
      "1天": 0.009681,
      "1星期": 0.00161,
      "1个月": -0.030275,
      "1年": 0.771956,
      "QTD": 0.090535,
      "YTD": 0.090535
    },
    "罗素1000价值": {
      "收盘价": 217.580002,
      "1天": -0.002247,
      "1星期": -0.025398,
      "1个月": -0.031342,
      "1年": 0.185312,
      "QTD": 0.025353,
      "YTD": 0.025353
    },
    "罗素1000成长": {
      "收盘价": 451.320007,
      "1天": -0.000111,
      "1星期": -0.003841,
      "1个月": -0.020955,
      "1年": 0.245246,
      "QTD": -0.043327,
      "YTD": -0.043327
    },
    "前7大科技": {
      "收盘价": 62.150002,
      "1天": 0.003552,
      "1星期": -0.001286,
      "1个月": -0.026472,
      "1年": 0.361156,
      "QTD": -0.048967,
      "YTD": -0.048967
    },
    "标普等权指数": {
      "收盘价": 196.570007,
      "1天": -0.003296,
      "1星期": -0.03115,
      "1个月": -0.028708,
      "1年": 0.147965,
      "QTD": 0.019237,
      "YTD": 0.019237
    },
    "PUT/CALL": {
      "收盘价": 1.05,
      "1天": -0.32,
      "1星期": -0.01,
      "1个月": 0.23,
      "1年": 0.19
    }
  }
}