{
  "updateTime": "2026-06-25 23:14:17",
  "assets": {
    "美元": {
      "收盘价": 101.610001,
      "1天": 0.001972,
      "1星期": 0.020796,
      "1个月": 0.023057,
      "1年": 0.032412,
      "3年": -0.007618,
      "QTD": 0.019669,
      "YTD": 0.032412
    },
    "2年美债": {
      "收盘价": 3.68,
      "1天": 0.006014,
      "1星期": 0.017136,
      "1个月": 0.03458,
      "1年": -0.128582,
      "3年": -0.272008,
      "QTD": 0.020804,
      "YTD": 0.041608
    },
    "10年美债": {
      "收盘价": 4.392,
      "1天": -0.013256,
      "1星期": -0.021172,
      "1个月": -0.03937,
      "1年": -0.001137,
      "3年": 0.178112,
      "QTD": 0.016902,
      "YTD": 0.048961
    },
    "TLT": {
      "收盘价": 87.349998,
      "1天": -0.000343,
      "1星期": 0.011815,
      "1个月": 0.030477,
      "1年": 0.045011,
      "3年": -0.04522,
      "QTD": 0.020373,
      "YTD": 0.02266
    },
    "标普500": {
      "收盘价": 734.299988,
      "1天": 0.001446,
      "1星期": -0.006435,
      "1个月": -0.019183,
      "1年": 0.223567,
      "3年": 0.75242,
      "QTD": 0.123545,
      "YTD": 0.080554
    },
    "纳指": {
      "收盘价": 716.380005,
      "1天": 0.008106,
      "1星期": -0.007395,
      "1个月": -0.017956,
      "1年": 0.333562,
      "3年": 1.014061,
      "QTD": 0.227375,
      "YTD": 0.171176
    },
    "道指": {
      "收盘价": 519.26001,
      "1天": 0.001427,
      "1星期": 0.008478,
      "1个月": 0.030533,
      "1年": 0.223687,
      "3年": 0.607469,
      "QTD": 0.119672,
      "YTD": 0.081713
    },
    "黄金": {
      "收盘价": 369.459991,
      "1天": 0.009674,
      "1星期": -0.049254,
      "1个月": -0.107585,
      "1年": 0.206636,
      "3年": 1.058388,
      "QTD": -0.156137,
      "YTD": -0.072361
    },
    "WTI原油": {
      "收盘价": 109.309998,
      "1天": 0.028413,
      "1星期": -0.043071,
      "1个月": -0.202117,
      "1年": 0.497397,
      "3年": 0.680658,
      "QTD": -0.119107,
      "YTD": 0.585122
    },
    "VIX": {
      "收盘价": 18.629999,
      "1天": -0.044125,
      "1星期": 0.135283,
      "1个月": 0.122966,
      "1年": 0.065789,
      "3年": 0.411364,
      "QTD": -0.240831,
      "YTD": 0.283942
    },
    "罗素2000": {
      "收盘价": 298.910004,
      "1天": 0.007483,
      "1星期": 0.031151,
      "1个月": 0.031361,
      "1年": 0.40819,
      "3年": 0.676624,
      "QTD": 0.200596,
      "YTD": 0.206503
    },
    "比特币": {
      "收盘价": 59793.988281,
      "1天": -0.019692,
      "1星期": -0.069205,
      "1个月": -0.062813,
      "1年": -0.447304,
      "3年": -0.11405,
      "5年": 2.003278,
      "QTD": -0.121691,
      "YTD": -0.326128
    },
    "通讯服务": {
      "收盘价": 112.374001,
      "1天": -0.007823,
      "1星期": -0.035416,
      "1个月": -0.090769,
      "1年": 0.066406,
      "3年": 0.757976,
      "QTD": -0.019883,
      "YTD": -0.063914
    },
    "非必需品消费": {
      "收盘价": 113.349998,
      "1天": -0.014947,
      "1星期": -0.016574,
      "1个月": -0.049176,
      "1年": 0.059703,
      "3年": 0.40557,
      "QTD": 0.034389,
      "YTD": -0.038411
    },
    "必需品消费": {
      "收盘价": 83.940002,
      "1天": -0.005921,
      "1星期": 0.010067,
      "1个月": 0.010671,
      "1年": 0.060716,
      "3年": 0.233309,
      "QTD": 0.037594,
      "YTD": 0.094069
    },
    "能源": {
      "收盘价": 54.09,
      "1天": 0.009707,
      "1星期": -0.003474,
      "1个月": -0.058253,
      "1年": 0.313754,
      "3年": 0.507864,
      "QTD": -0.076139,
      "YTD": 0.201228
    },
    "银行": {
      "收盘价": 94.690002,
      "1天": 0.010242,
      "1星期": 0.020873,
      "1个月": 0.090592,
      "1年": 0.396325,
      "3年": 1.503079,
      "QTD": 0.187621,
      "YTD": 0.116894
    },
    "公共事业": {
      "收盘价": 45.849998,
      "1天": 0.006807,
      "1星期": 0.037849,
      "1个月": 0.01793,
      "1年": 0.155254,
      "3年": 0.508893,
      "QTD": 0.000711,
      "YTD": 0.076086
    },
    "REITS": {
      "收盘价": 103.099998,
      "1天": 0.002431,
      "1星期": 0.024647,
      "1个月": 0.004716,
      "1年": 0.096217,
      "3年": 0.317266,
      "QTD": 0.091972,
      "YTD": 0.105406
    },
    "科技": {
      "收盘价": 184.570007,
      "1天": 0.008304,
      "1星期": -0.005435,
      "1个月": -0.00189,
      "1年": 0.500879,
      "3年": 1.226396,
      "QTD": 0.369729,
      "YTD": 0.282189
    },
    "医疗": {
      "收盘价": 155.630005,
      "1天": 0.014868,
      "1星期": 0.0372,
      "1个月": 0.052565,
      "1年": 0.183647,
      "3年": 0.244116,
      "QTD": 0.058122,
      "YTD": 0.009318
    },
    "趋势板块": {
      "收盘价": 339.299988,
      "1天": 0.03316,
      "1星期": 0.0336,
      "1个月": 0.081595,
      "1年": 0.442488,
      "3年": 1.456352,
      "QTD": 0.385071,
      "YTD": 0.345227
    },
    "保险板块": {
      "收盘价": 137.669998,
      "1天": -0.009711,
      "1星期": 0.019476,
      "1个月": 0.035327,
      "1年": 0.060695,
      "3年": 0.692631,
      "QTD": 0.081978,
      "YTD": 0.038258
    },
    "芯片": {
      "收盘价": 625.200012,
      "1天": 0.039402,
      "1星期": 0.042469,
      "1个月": 0.09719,
      "1年": 1.671703,
      "3年": 2.895974,
      "QTD": 0.847631,
      "YTD": 0.995225
    },
    "罗素1000价值": {
      "收盘价": 244.410004,
      "1天": 0.014149,
      "1星期": 0.016765,
      "1个月": 0.028874,
      "1年": 0.289961,
      "3年": 0.6675,
      "QTD": 0.140693,
      "YTD": 0.159818
    },
    "罗素1000成长": {
      "收盘价": 118.099998,
      "1天": -0.013119,
      "1星期": -0.028783,
      "1个月": -0.059335,
      "1年": 0.145291,
      "3年": 0.779631,
      "QTD": 0.099291,
      "YTD": 0.00312
    },
    "前7大科技": {
      "收盘价": 61.07,
      "1天": -0.025686,
      "1星期": -0.053765,
      "1个月": -0.122935,
      "1年": 0.141188,
      "3年": 1.126287,
      "QTD": 0.040729,
      "YTD": -0.065493
    },
    "标普等权指数": {
      "收盘价": 211.75,
      "1天": 0.006512,
      "1星期": 0.01713,
      "1个月": 0.023743,
      "1年": 0.194705,
      "3年": 0.516852,
      "QTD": 0.104031,
      "YTD": 0.106917
    },
    "PUT/CALL": {
      "收盘价": 1.05,
      "1天": -0.32,
      "1星期": -0.01,
      "1个月": 0.23,
      "1年": 0.19,
      "3年": 0.15,
      "5年": 0.13
    }
  }
}