{
  "updateTime": "2026-05-11 22:51:11",
  "assets": {
    "美元": {
      "收盘价": 97.904999,
      "1天": 0.000664,
      "1星期": -0.005738,
      "1个月": -0.007552,
      "1年": -0.024267,
      "QTD": -0.017511,
      "YTD": -0.005233
    },
    "2年美债": {
      "收盘价": 3.6,
      "1天": 0.001391,
      "1星期": 0.002786,
      "1个月": 0.001948,
      "1年": -0.145908,
      "QTD": -0.001387,
      "YTD": 0.018964
    },
    "10年美债": {
      "收盘价": 4.41,
      "1天": 0.010541,
      "1星期": -0.008097,
      "1个月": 0.021543,
      "1年": 0.008461,
      "QTD": 0.02107,
      "YTD": 0.05326
    },
    "TLT": {
      "收盘价": 85.559998,
      "1天": -0.006041,
      "1星期": 0.007062,
      "1个月": -0.0071,
      "1年": 0.029033,
      "QTD": -0.004452,
      "YTD": -0.002222
    },
    "标普500": {
      "收盘价": 739.299988,
      "1天": 0.002278,
      "1星期": 0.029651,
      "1个月": 0.08807,
      "1年": 0.323355,
      "QTD": 0.128289,
      "YTD": 0.085116
    },
    "纳指": {
      "收盘价": 713.289978,
      "1天": 0.002896,
      "1星期": 0.060055,
      "1个月": 0.16728,
      "1年": 0.467863,
      "QTD": 0.220739,
      "YTD": 0.164844
    },
    "道指": {
      "收盘价": 497.109985,
      "1天": 0.001975,
      "1星期": 0.015422,
      "1个月": 0.037707,
      "1年": 0.219747,
      "QTD": 0.068405,
      "YTD": 0.032184
    },
    "黄金": {
      "收盘价": 434.649994,
      "1天": 0.002029,
      "1星期": 0.048082,
      "1个月": -0.005673,
      "1年": 0.426813,
      "QTD": -0.00724,
      "YTD": 0.091318
    },
    "WTI原油": {
      "收盘价": 138.660004,
      "1天": 0.037952,
      "1星期": -0.060633,
      "1个月": 0.11088,
      "1年": 1.11372,
      "QTD": 0.117415,
      "YTD": 1.010731
    },
    "VIX": {
      "收盘价": 18.379999,
      "1天": 0.069226,
      "1星期": 0.004921,
      "1个月": -0.044202,
      "1年": -0.182384,
      "QTD": -0.251019,
      "YTD": 0.266713
    },
    "罗素2000": {
      "收盘价": 285.329987,
      "1天": 0.004082,
      "1星期": 0.02681,
      "1个月": 0.091963,
      "1年": 0.433566,
      "QTD": 0.143332,
      "YTD": 0.148957
    },
    "比特币": {
      "收盘价": 81834.242188,
      "1天": -0.003709,
      "1星期": 0.004995,
      "1个月": 0.078575,
      "1年": -0.250949,
      "QTD": 0.202056,
      "YTD": -0.077737
    },
    "通讯服务": {
      "收盘价": 123.0,
      "1天": -0.016,
      "1星期": 0.00114,
      "1个月": 0.039905,
      "1年": 0.268885,
      "QTD": 0.065489,
      "YTD": 0.017622
    },
    "非必需品消费": {
      "收盘价": 119.370003,
      "1天": -0.006905,
      "1星期": 0.014016,
      "1个月": 0.057401,
      "1年": 0.194534,
      "QTD": 0.087158,
      "YTD": 0.010645
    },
    "必需品消费": {
      "收盘价": 83.370003,
      "1天": -0.009622,
      "1星期": -0.002035,
      "1个月": 0.01214,
      "1年": 0.052784,
      "QTD": 0.023447,
      "YTD": 0.079151
    },
    "能源": {
      "收盘价": 57.169998,
      "1天": 0.026391,
      "1星期": -0.03738,
      "1个月": 0.004039,
      "1年": 0.446034,
      "QTD": -0.030524,
      "YTD": 0.260537
    },
    "银行": {
      "收盘价": 84.239998,
      "1天": -0.011732,
      "1星期": -0.012774,
      "1个月": -0.007189,
      "1年": 0.361386,
      "QTD": 0.05116,
      "YTD": -0.01144
    },
    "公共事业": {
      "收盘价": 45.139999,
      "1天": 0.009392,
      "1星期": -0.026526,
      "1个月": -0.038756,
      "1年": 0.159164,
      "QTD": -0.021037,
      "YTD": 0.0527
    },
    "REITS": {
      "收盘价": 102.839996,
      "1天": 0.000681,
      "1星期": 0.011906,
      "1个月": 0.038578,
      "1年": 0.123093,
      "QTD": 0.083895,
      "YTD": 0.09723
    },
    "科技": {
      "收盘价": 177.880005,
      "1天": 0.013446,
      "1星期": 0.097686,
      "1个月": 0.24723,
      "1年": 0.642232,
      "QTD": 0.318509,
      "YTD": 0.234242
    },
    "医疗": {
      "收盘价": 143.039993,
      "1天": -0.003136,
      "1星期": -0.011677,
      "1个月": -0.028987,
      "1年": 0.085366,
      "QTD": -0.031747,
      "YTD": -0.076406
    },
    "趋势板块": {
      "收盘价": 306.660004,
      "1天": 0.016103,
      "1星期": 0.078687,
      "1个月": 0.16406,
      "1年": 0.420376,
      "QTD": 0.250449,
      "YTD": 0.214477
    },
    "保险板块": {
      "收盘价": 130.539993,
      "1天": 0.002611,
      "1星期": -0.003055,
      "1个月": 0.006554,
      "1年": -0.004649,
      "QTD": 0.022961,
      "YTD": -0.018375
    },
    "芯片": {
      "收盘价": 532.76001,
      "1天": 0.023948,
      "1星期": 0.15301,
      "1个月": 0.378065,
      "1年": 1.796307,
      "QTD": 0.573699,
      "YTD": 0.699411
    },
    "罗素1000价值": {
      "收盘价": 234.630005,
      "1天": 0.003121,
      "1星期": 0.021908,
      "1个月": 0.057606,
      "1年": 0.290027,
      "QTD": 0.091607,
      "YTD": 0.109909
    },
    "罗素1000成长": {
      "收盘价": 123.519997,
      "1天": -0.000162,
      "1星期": 0.03088,
      "1个月": 0.107157,
      "1年": 0.32093,
      "QTD": 0.148729,
      "YTD": 0.048234
    },
    "前7大科技": {
      "收盘价": 69.440002,
      "1天": -0.002585,
      "1星期": 0.036882,
      "1个月": 0.135754,
      "1年": 0.478066,
      "QTD": 0.183367,
      "YTD": 0.062586
    },
    "标普等权指数": {
      "收盘价": 203.990005,
      "1天": -0.000539,
      "1星期": 0.011654,
      "1个月": 0.037325,
      "1年": 0.201647,
      "QTD": 0.059468,
      "YTD": 0.062239
    },
    "PUT/CALL": {
      "收盘价": 1.05,
      "1天": -0.32,
      "1星期": -0.01,
      "1个月": 0.23,
      "1年": 0.19
    }
  }
}