{
  "updateTime": "2026-03-16 22:29:30",
  "assets": {
    "2年美债": {
      "收盘价": 3.605,
      "1天": 0.000555,
      "1星期": 0.00334,
      "1个月": 0.001946,
      "1年": -0.139207,
      "QTD": 0.020379,
      "YTD": 0.020379
    },
    "10年美债": {
      "收盘价": 4.22,
      "1天": -0.015169,
      "1星期": 0.02031,
      "1个月": 0.028265,
      "1年": -0.012635,
      "QTD": 0.007882,
      "YTD": 0.007882
    },
    "TLT": {
      "收盘价": 87.209999,
      "1天": 0.007742,
      "1星期": -0.022638,
      "1个月": -0.019388,
      "1年": 0.005304,
      "QTD": 0.009246,
      "YTD": 0.009246
    },
    "标普500": {
      "收盘价": 669.030029,
      "1天": 0.010177,
      "1星期": -0.013623,
      "1个月": -0.017966,
      "1年": 0.227534,
      "QTD": -0.020698,
      "YTD": -0.020698
    },
    "纳指": {
      "收盘价": 600.380005,
      "1天": 0.011217,
      "1星期": -0.012143,
      "1个月": -0.000433,
      "1年": 0.288433,
      "QTD": -0.020779,
      "YTD": -0.020779
    },
    "道指": {
      "收盘价": 470.299988,
      "1天": 0.00834,
      "1星期": -0.015862,
      "1个月": -0.048085,
      "1年": 0.168153,
      "QTD": -0.026003,
      "YTD": -0.026003
    },
    "黄金": {
      "收盘价": 460.429993,
      "1天": -0.00089,
      "1星期": -0.025607,
      "1个月": 0.020027,
      "1年": 0.6735,
      "QTD": 0.156046,
      "YTD": 0.156046
    },
    "WTI原油": {
      "收盘价": 115.029999,
      "1天": -0.040537,
      "1星期": 0.102559,
      "1个月": 0.506023,
      "1年": 0.606116,
      "QTD": 0.668068,
      "YTD": 0.668068
    },
    "VIX": {
      "收盘价": 23.51,
      "1天": -0.135344,
      "1星期": -0.078039,
      "1个月": 0.129203,
      "1年": -0.046634,
      "QTD": 0.620262,
      "YTD": 0.620262
    },
    "罗素2000": {
      "收盘价": 248.919998,
      "1天": 0.009449,
      "1星期": -0.018532,
      "1个月": -0.040919,
      "1年": 0.270668,
      "QTD": 0.000563,
      "YTD": 0.000563
    },
    "比特币": {
      "收盘价": 74637.929688,
      "1天": 0.025388,
      "1星期": 0.063144,
      "1个月": 0.155087,
      "1年": -0.310821,
      "QTD": -0.158838,
      "YTD": -0.158838
    },
    "通讯服务": {
      "收盘价": 119.57,
      "1天": 0.011591,
      "1星期": -0.008376,
      "1个月": -0.010018,
      "1年": 0.261526,
      "QTD": -0.010755,
      "YTD": -0.010755
    },
    "非必需品消费": {
      "收盘价": 112.199997,
      "1天": 0.012087,
      "1星期": -0.020857,
      "1个月": -0.033841,
      "1年": 0.175189,
      "QTD": -0.051965,
      "YTD": -0.051965
    },
    "必需品消费": {
      "收盘价": 84.980003,
      "1天": 0.002832,
      "1星期": -0.011516,
      "1个月": -0.047416,
      "1年": 0.100482,
      "QTD": 0.093834,
      "YTD": 0.093834
    },
    "能源": {
      "收盘价": 57.900002,
      "1天": 0.003466,
      "1星期": 0.028054,
      "1个月": 0.07262,
      "1年": 0.372654,
      "QTD": 0.268346,
      "YTD": 0.268346
    },
    "银行": {
      "收盘价": 76.419998,
      "1天": 0.007648,
      "1星期": -0.031309,
      "1个月": -0.104523,
      "1年": 0.302841,
      "QTD": -0.108909,
      "YTD": -0.108909
    },
    "公共事业": {
      "收盘价": 47.259998,
      "1天": 0.006388,
      "1星期": 0.008751,
      "1个月": 0.04442,
      "1年": 0.256721,
      "QTD": 0.094488,
      "YTD": 0.094488
    },
    "REITS": {
      "收盘价": 98.25,
      "1天": 0.007692,
      "1星期": -0.009876,
      "1个月": -0.006271,
      "1年": 0.085555,
      "QTD": 0.045324,
      "YTD": 0.045324
    },
    "科技": {
      "收盘价": 138.779999,
      "1天": 0.014474,
      "1星期": -0.007012,
      "1个月": -0.003089,
      "1年": 0.344934,
      "QTD": -0.038254,
      "YTD": -0.038254
    },
    "医疗": {
      "收盘价": 151.009995,
      "1天": 0.008145,
      "1星期": -0.021068,
      "1个月": -0.031987,
      "1年": 0.068387,
      "QTD": -0.028937,
      "YTD": -0.028937
    },
    "趋势板块": {
      "收盘价": 246.779999,
      "1天": 0.01372,
      "1星期": -0.001861,
      "1个月": -0.013669,
      "1年": 0.266585,
      "QTD": -0.023543,
      "YTD": -0.023543
    },
    "保险板块": {
      "收盘价": 131.699997,
      "1天": 0.005727,
      "1星期": -0.004159,
      "1个月": -0.028833,
      "1年": 0.009557,
      "QTD": -0.024661,
      "YTD": -0.024661
    },
    "芯片": {
      "收盘价": 337.829987,
      "1天": 0.019649,
      "1星期": 0.00434,
      "1个月": -0.038891,
      "1年": 0.743791,
      "QTD": 0.076955,
      "YTD": 0.076955
    },
    "罗素1000价值": {
      "收盘价": 216.610001,
      "1天": 0.008708,
      "1星期": -0.009647,
      "1个月": -0.025201,
      "1年": 0.206298,
      "QTD": 0.020782,
      "YTD": 0.020782
    },
    "罗素1000成长": {
      "收盘价": 443.559998,
      "1天": 0.012024,
      "1星期": -0.019627,
      "1个月": -0.012028,
      "1年": 0.236785,
      "QTD": -0.059776,
      "YTD": -0.059776
    },
    "前7大科技": {
      "收盘价": 60.880001,
      "1天": 0.015682,
      "1星期": -0.01361,
      "1个月": -0.01377,
      "1年": 0.333918,
      "QTD": -0.068401,
      "YTD": -0.068401
    },
    "标普等权指数": {
      "收盘价": 194.960007,
      "1天": 0.007441,
      "1星期": -0.018872,
      "1个月": -0.029035,
      "1年": 0.170617,
      "QTD": 0.010889,
      "YTD": 0.010889
    },
    "PUT/CALL": {
      "收盘价": 1.05,
      "1天": -0.32,
      "1星期": -0.01,
      "1个月": 0.23,
      "1年": 0.19
    }
  }
}