{
  "updateTime": "2026-05-26 23:06:19",
  "assets": {
    "美元": {
      "收盘价": 99.140999,
      "1天": -0.001802,
      "1星期": 0.001728,
      "1个月": 0.006405,
      "1年": 0.000313,
      "QTD": -0.005108,
      "YTD": 0.007326
    },
    "2年美债": {
      "收盘价": 3.582,
      "1天": -0.000837,
      "1星期": 0.003924,
      "1个月": -0.003061,
      "1年": -0.153592,
      "QTD": -0.00638,
      "YTD": 0.013869
    },
    "10年美债": {
      "收盘价": 4.493,
      "1天": -0.014261,
      "1星期": -0.02812,
      "1个月": 0.042459,
      "1年": -0.013178,
      "QTD": 0.040287,
      "YTD": 0.073083
    },
    "TLT": {
      "收盘价": 85.099998,
      "1天": 0.00496,
      "1星期": 0.01843,
      "1个月": -0.014944,
      "1年": 0.053935,
      "QTD": -0.009805,
      "YTD": -0.007586
    },
    "标普500": {
      "收盘价": 750.590027,
      "1天": 0.006639,
      "1星期": 0.016165,
      "1个月": 0.051335,
      "1年": 0.302019,
      "QTD": 0.145519,
      "YTD": 0.101688
    },
    "纳指": {
      "收盘价": 730.280029,
      "1天": 0.017755,
      "1星期": 0.034567,
      "1个月": 0.100018,
      "1年": 0.427655,
      "QTD": 0.249816,
      "YTD": 0.19259
    },
    "道指": {
      "收盘价": 505.25,
      "1天": -0.001719,
      "1星期": 0.016579,
      "1个月": 0.027059,
      "1年": 0.224841,
      "QTD": 0.086498,
      "YTD": 0.049664
    },
    "黄金": {
      "收盘价": 414.0,
      "1天": 0.000435,
      "1星期": -0.010587,
      "1个月": -0.044432,
      "1年": 0.365841,
      "QTD": -0.054406,
      "YTD": 0.03947
    },
    "WTI原油": {
      "收盘价": 137.0,
      "1天": -0.027817,
      "1星期": -0.082323,
      "1个月": 0.034743,
      "1年": 1.040512,
      "QTD": 0.104037,
      "YTD": 0.986659
    },
    "VIX": {
      "收盘价": 17.01,
      "1天": 0.025316,
      "1星期": -0.058139,
      "1个月": -0.056049,
      "1年": -0.236878,
      "QTD": -0.306846,
      "YTD": 0.172295
    },
    "罗素2000": {
      "收盘价": 290.51001,
      "1天": 0.018904,
      "1星期": 0.052687,
      "1个月": 0.050099,
      "1年": 0.445082,
      "QTD": 0.164089,
      "YTD": 0.169816
    },
    "比特币": {
      "收盘价": 75761.578125,
      "1天": -0.019647,
      "1星期": -0.022925,
      "1个月": -0.063829,
      "1年": -0.351596,
      "QTD": 0.112855,
      "YTD": -0.146175
    },
    "通讯服务": {
      "收盘价": 124.440002,
      "1天": 0.009573,
      "1星期": 0.00582,
      "1个月": 0.015257,
      "1年": 0.227247,
      "QTD": 0.077963,
      "YTD": 0.029536
    },
    "非必需品消费": {
      "收盘价": 119.449997,
      "1天": 0.002265,
      "1星期": 0.026909,
      "1个月": 0.006403,
      "1年": 0.132801,
      "QTD": 0.087887,
      "YTD": 0.011322
    },
    "必需品消费": {
      "收盘价": 83.629997,
      "1天": -0.013797,
      "1星期": -0.026426,
      "1个月": 0.004806,
      "1年": 0.057106,
      "QTD": 0.026639,
      "YTD": 0.082517
    },
    "能源": {
      "收盘价": 57.849998,
      "1天": -0.027568,
      "1星期": -0.045064,
      "1个月": 0.017232,
      "1年": 0.461085,
      "QTD": -0.018993,
      "YTD": 0.275531
    },
    "银行": {
      "收盘价": 87.269997,
      "1天": 0.008552,
      "1星期": 0.035231,
      "1个月": 0.01737,
      "1年": 0.376877,
      "QTD": 0.088969,
      "YTD": 0.024118
    },
    "公共事业": {
      "收盘价": 45.330002,
      "1天": -0.000441,
      "1星期": 0.031634,
      "1个月": -0.018406,
      "1年": 0.164043,
      "QTD": -0.016916,
      "YTD": 0.057131
    },
    "REITS": {
      "收盘价": 103.120003,
      "1天": 0.003894,
      "1星期": 0.021901,
      "1个月": 0.016862,
      "1年": 0.145707,
      "QTD": 0.086847,
      "YTD": 0.100218
    },
    "科技": {
      "收盘价": 185.139999,
      "1天": 0.026332,
      "1星期": 0.061826,
      "1个月": 0.155536,
      "1年": 0.623773,
      "QTD": 0.372322,
      "YTD": 0.284617
    },
    "医疗": {
      "收盘价": 148.509995,
      "1天": -0.009207,
      "1星期": 0.019146,
      "1个月": 0.030032,
      "1年": 0.15786,
      "QTD": 0.00528,
      "YTD": -0.041087
    },
    "趋势板块": {
      "收盘价": 314.049988,
      "1天": 0.03442,
      "1星期": 0.067036,
      "1个月": 0.118014,
      "1年": 0.399187,
      "QTD": 0.280582,
      "YTD": 0.243744
    },
    "保险板块": {
      "收盘价": 133.360001,
      "1天": -0.005592,
      "1星期": -0.009507,
      "1个月": 0.011529,
      "1年": 0.029851,
      "QTD": 0.045059,
      "YTD": 0.002831
    },
    "芯片": {
      "收盘价": 570.090027,
      "1天": 0.060968,
      "1星期": 0.149676,
      "1个月": 0.23503,
      "1年": 1.788493,
      "QTD": 0.683966,
      "YTD": 0.818487
    },
    "罗素1000价值": {
      "收盘价": 238.300003,
      "1天": 0.008378,
      "1星期": 0.024197,
      "1个月": 0.046782,
      "1年": 0.299185,
      "QTD": 0.108681,
      "YTD": 0.12727
    },
    "罗素1000成长": {
      "收盘价": 125.660004,
      "1天": 0.00528,
      "1星期": 0.012571,
      "1个月": 0.049046,
      "1年": 0.27899,
      "QTD": 0.168631,
      "YTD": 0.066395
    },
    "前7大科技": {
      "收盘价": 69.629997,
      "1天": 0.003893,
      "1星期": 0.002447,
      "1个月": 0.045967,
      "1年": 0.361838,
      "QTD": 0.186605,
      "YTD": 0.065493
    },
    "标普等权指数": {
      "收盘价": 207.639999,
      "1天": 0.005131,
      "1星期": 0.023866,
      "1个月": 0.027768,
      "1年": 0.206236,
      "QTD": 0.078425,
      "YTD": 0.081245
    },
    "PUT/CALL": {
      "收盘价": 1.05,
      "1天": -0.32,
      "1星期": -0.01,
      "1个月": 0.23,
      "1年": 0.19
    }
  }
}