{
  "updateTime": "2026-01-29 22:24:19",
  "assets": {
    "美元": {
      "收盘价": 96.192001,
      "1天": -0.002675,
      "1星期": -0.022041,
      "1个月": -0.018849,
      "1年": -0.109333,
      "QTD": -0.022638,
      "YTD": -0.022638
    },
    "2年美债": {
      "收盘价": 3.58,
      "1天": -0.000558,
      "1星期": -0.00223,
      "1个月": 0.011871,
      "1年": -0.145585,
      "QTD": 0.013303,
      "YTD": 0.013303
    },
    "10年美债": {
      "收盘价": 4.227,
      "1天": -0.005646,
      "1星期": -0.005178,
      "1个月": 0.026968,
      "1年": -0.071193,
      "QTD": 0.009553,
      "YTD": 0.009553
    },
    "TLT": {
      "收盘价": 87.620003,
      "1天": 0.000228,
      "1星期": -0.000798,
      "1个月": -0.00511,
      "1年": 0.037754,
      "QTD": 0.006779,
      "YTD": 0.006779
    },
    "标普500": {
      "收盘价": 694.039978,
      "1天": -0.001984,
      "1星期": 0.007344,
      "1个月": 0.008999,
      "1年": 0.161566,
      "QTD": 0.015911,
      "YTD": 0.015911
    },
    "纳指": {
      "收盘价": 629.429993,
      "1天": -0.005985,
      "1星期": 0.013967,
      "1个月": 0.013787,
      "1年": 0.212361,
      "QTD": 0.026602,
      "YTD": 0.026602
    },
    "道指": {
      "收盘价": 490.209991,
      "1天": 0.000163,
      "1星期": -0.007049,
      "1个月": 0.011964,
      "1年": 0.110274,
      "QTD": 0.013972,
      "YTD": 0.013972
    },
    "黄金": {
      "收盘价": 495.899994,
      "1天": 0.002709,
      "1星期": 0.097634,
      "1个月": 0.244104,
      "1年": 0.943334,
      "QTD": 0.245104,
      "YTD": 0.245104
    },
    "WTI原油": {
      "收盘价": 79.139999,
      "1天": 0.03289,
      "1星期": 0.101921,
      "1个月": 0.136906,
      "1年": 0.003551,
      "QTD": 0.147622,
      "YTD": 0.147622
    },
    "VIX": {
      "收盘价": 16.879999,
      "1天": 0.032416,
      "1星期": 0.079284,
      "1个月": 0.188732,
      "1年": 0.028641,
      "QTD": 0.163336,
      "YTD": 0.163336
    },
    "罗素2000": {
      "收盘价": 263.369995,
      "1天": 0.000266,
      "1星期": -0.023796,
      "1个月": 0.053986,
      "1年": 0.174561,
      "QTD": 0.058646,
      "YTD": 0.058646
    },
    "比特币": {
      "收盘价": 84274.6875,
      "1天": -0.055053,
      "1星期": -0.05427,
      "1个月": -0.07418,
      "1年": -0.245346,
      "QTD": -0.050233,
      "YTD": -0.050233
    },
    "通讯服务": {
      "收盘价": 126.510002,
      "1天": 0.030715,
      "1星期": 0.045278,
      "1个月": 0.044501,
      "1年": 0.271627,
      "QTD": 0.046662,
      "YTD": 0.046662
    },
    "非必需品消费": {
      "收盘价": 121.190002,
      "1天": -0.004763,
      "1星期": -0.011662,
      "1个月": 0.002813,
      "1年": 0.0556,
      "QTD": 0.023997,
      "YTD": 0.023997
    },
    "必需品消费": {
      "收盘价": 82.129997,
      "1天": -0.002308,
      "1星期": -0.001702,
      "1个月": 0.049182,
      "1年": 0.071272,
      "QTD": 0.05715,
      "YTD": 0.05715
    },
    "能源": {
      "收盘价": 50.509998,
      "1天": 0.009191,
      "1星期": 0.032713,
      "1个月": 0.132004,
      "1年": 0.166417,
      "QTD": 0.106462,
      "YTD": 0.106462
    },
    "银行": {
      "收盘价": 86.220001,
      "1天": 0.01328,
      "1星期": -0.000811,
      "1个月": 0.009602,
      "1年": 0.245323,
      "QTD": 0.005364,
      "YTD": 0.005364
    },
    "公共事业": {
      "收盘价": 43.330002,
      "1天": 0.0,
      "1星期": 0.014517,
      "1个月": 0.010966,
      "1年": 0.163952,
      "QTD": 0.003474,
      "YTD": 0.003474
    },
    "REITS": {
      "收盘价": 96.269997,
      "1天": 0.012516,
      "1星期": 0.005326,
      "1个月": 0.01873,
      "1年": 0.038046,
      "QTD": 0.024258,
      "YTD": 0.024258
    },
    "科技": {
      "收盘价": 146.869995,
      "1天": -0.015815,
      "1星期": 0.013735,
      "1个月": 0.006855,
      "1年": 0.265065,
      "QTD": 0.01781,
      "YTD": 0.01781
    },
    "医疗": {
      "收盘价": 153.820007,
      "1天": -0.003175,
      "1星期": -0.028239,
      "1个月": -0.012772,
      "1年": 0.068288,
      "QTD": -0.010867,
      "YTD": -0.010867
    },
    "趋势板块": {
      "收盘价": 261.119995,
      "1天": 0.00396,
      "1星期": 0.019721,
      "1个月": 0.0301,
      "1年": 0.219048,
      "QTD": 0.033197,
      "YTD": 0.033197
    },
    "保险板块": {
      "收盘价": 132.386993,
      "1天": 0.005827,
      "1星期": 0.010974,
      "1个月": -0.034024,
      "1年": 0.041108,
      "QTD": -0.019573,
      "YTD": -0.019573
    },
    "芯片": {
      "收盘价": 361.130005,
      "1天": 0.001859,
      "1星期": 0.035736,
      "1个月": 0.182792,
      "1年": 0.70341,
      "QTD": 0.151232,
      "YTD": 0.151232
    },
    "罗素1000价值": {
      "收盘价": 220.25,
      "1天": 0.004286,
      "1星期": 0.002458,
      "1个月": 0.038719,
      "1年": 0.160429,
      "QTD": 0.037936,
      "YTD": 0.037936
    },
    "罗素1000成长": {
      "收盘价": 469.440002,
      "1天": -0.008135,
      "1星期": 0.007425,
      "1个月": -0.017785,
      "1年": 0.142576,
      "QTD": -0.004918,
      "YTD": -0.004918
    },
    "前7大科技": {
      "收盘价": 66.379997,
      "1天": -0.002405,
      "1星期": 0.022332,
      "1个月": -0.001564,
      "1年": 0.198052,
      "QTD": 0.015761,
      "YTD": 0.015761
    },
    "标普等权指数": {
      "收盘价": 198.520004,
      "1天": 0.001311,
      "1星期": -0.00571,
      "1个月": 0.025837,
      "1年": 0.113275,
      "QTD": 0.029348,
      "YTD": 0.029348
    },
    "垃圾债券利差": {
      "收盘价": 2.72,
      "1天": 0.01,
      "1星期": 0.03,
      "1个月": -0.15,
      "1年": 0.06
    },
    "PUT/CALL": {
      "收盘价": 1.05,
      "1天": -0.32,
      "1星期": -0.01,
      "1个月": 0.23,
      "1年": 0.19
    }
  }
}