{
  "updateTime": "2026-06-22 23:16:42",
  "assets": {
    "美元": {
      "收盘价": 100.996002,
      "1天": 0.001448,
      "1星期": 0.012491,
      "1个月": 0.019029,
      "1年": 0.02109,
      "3年": -0.015058,
      "QTD": 0.013507,
      "YTD": 0.026174
    },
    "2年美债": {
      "收盘价": 3.68,
      "1天": 0.006014,
      "1星期": 0.017136,
      "1个月": 0.03458,
      "1年": -0.128582,
      "3年": -0.272008,
      "QTD": 0.020804,
      "YTD": 0.041608
    },
    "10年美债": {
      "收盘价": 4.509,
      "1天": 0.013031,
      "1星期": 0.004903,
      "1个月": -0.01378,
      "1年": 0.025472,
      "3年": 0.209496,
      "QTD": 0.043992,
      "YTD": 0.076905
    },
    "TLT": {
      "收盘价": 86.089996,
      "1天": -0.007608,
      "1星期": 0.003731,
      "1个月": 0.030016,
      "1年": 0.038852,
      "3年": -0.053876,
      "QTD": 0.005655,
      "YTD": 0.007908
    },
    "标普500": {
      "收盘价": 744.390015,
      "1天": -0.003147,
      "1星期": 0.006145,
      "1个月": 0.006823,
      "1年": 0.263496,
      "3年": 0.752239,
      "QTD": 0.138984,
      "YTD": 0.095402
    },
    "纳指": {
      "收盘价": 737.950012,
      "1天": -0.003605,
      "1星期": 0.023027,
      "1个月": 0.034775,
      "1年": 0.401769,
      "3年": 1.028412,
      "QTD": 0.262943,
      "YTD": 0.205116
    },
    "道指": {
      "收盘价": 517.080017,
      "1天": 0.003026,
      "1星期": 0.010586,
      "1个月": 0.036484,
      "1年": 0.24499,
      "3年": 0.579483,
      "QTD": 0.114972,
      "YTD": 0.077172
    },
    "黄金": {
      "收盘价": 384.589996,
      "1天": -0.006535,
      "1星期": -0.005045,
      "1个月": -0.078606,
      "1年": 0.239573,
      "3年": 1.114177,
      "QTD": -0.12158,
      "YTD": -0.034373
    },
    "WTI原油": {
      "收盘价": 112.690002,
      "1天": -0.018978,
      "1星期": -0.101571,
      "1个月": -0.218895,
      "1年": 0.369758,
      "3年": 0.777165,
      "QTD": -0.091869,
      "YTD": 0.634136
    },
    "VIX": {
      "收盘价": 17.280001,
      "1天": 0.053659,
      "1星期": -0.022624,
      "1个月": 0.031026,
      "1年": -0.161979,
      "3年": 0.276219,
      "QTD": -0.295844,
      "YTD": 0.190903
    },
    "罗素2000": {
      "收盘价": 298.179993,
      "1天": 0.008762,
      "1星期": 0.020273,
      "1个月": 0.067957,
      "1年": 0.437048,
      "3年": 0.64808,
      "QTD": 0.197664,
      "YTD": 0.203556
    },
    "比特币": {
      "收盘价": 63842.859375,
      "1天": 0.009572,
      "1星期": -0.008935,
      "1个月": -0.104836,
      "1年": -0.44615,
      "3年": -0.065207,
      "5年": 2.659394,
      "QTD": -0.062218,
      "YTD": -0.280498
    },
    "通讯服务": {
      "收盘价": 114.410004,
      "1天": -0.025385,
      "1星期": -0.033601,
      "1个月": -0.067476,
      "1年": 0.099973,
      "3年": 0.746979,
      "QTD": -0.002125,
      "YTD": -0.046954
    },
    "非必需品消费": {
      "收盘价": 114.940002,
      "1天": -0.018948,
      "1星期": -0.014237,
      "1个月": -0.025437,
      "1年": 0.101064,
      "3年": 0.413765,
      "QTD": 0.046812,
      "YTD": -0.026862
    },
    "必需品消费": {
      "收盘价": 82.18,
      "1天": -0.013445,
      "1星期": -0.042414,
      "1个月": -0.039055,
      "1年": 0.050014,
      "3年": 0.195654,
      "QTD": 0.008839,
      "YTD": 0.063748
    },
    "能源": {
      "收盘价": 54.060001,
      "1天": 0.005393,
      "1星期": -0.060643,
      "1个月": -0.095987,
      "1年": 0.266929,
      "3年": 0.472137,
      "QTD": -0.083263,
      "YTD": 0.191965
    },
    "银行": {
      "收盘价": 93.480003,
      "1天": 0.009067,
      "1星期": 0.009503,
      "1个月": 0.091291,
      "1年": 0.423513,
      "3年": 1.401638,
      "QTD": 0.166459,
      "YTD": 0.096992
    },
    "公共事业": {
      "收盘价": 44.720001,
      "1天": -0.000894,
      "1星期": 0.004267,
      "1个月": 0.004718,
      "1年": 0.141821,
      "3年": 0.46466,
      "QTD": -0.030145,
      "YTD": 0.042905
    },
    "REITS": {
      "收盘价": 101.610001,
      "1天": 0.011548,
      "1星期": -0.021664,
      "1个月": -0.00294,
      "1年": 0.0998,
      "3年": 0.278569,
      "QTD": 0.07619,
      "YTD": 0.08943
    },
    "科技": {
      "收盘价": 192.149994,
      "1天": 0.003709,
      "1星期": 0.039773,
      "1个月": 0.084735,
      "1年": 0.59967,
      "3年": 1.24672,
      "QTD": 0.424283,
      "YTD": 0.333256
    },
    "医疗": {
      "收盘价": 150.059998,
      "1天": 0.004418,
      "1星期": -0.024381,
      "1个月": 0.019914,
      "1年": 0.146324,
      "3年": 0.193071,
      "QTD": 0.015772,
      "YTD": -0.031079
    },
    "趋势板块": {
      "收盘价": 345.220001,
      "1天": 0.019792,
      "1星期": 0.065356,
      "1个月": 0.153581,
      "1年": 0.50985,
      "3年": 1.468689,
      "QTD": 0.409237,
      "YTD": 0.368699
    },
    "保险板块": {
      "收盘价": 135.559998,
      "1天": 0.008706,
      "1星期": 0.002841,
      "1个月": 0.010443,
      "1年": 0.062123,
      "3年": 0.664761,
      "QTD": 0.065395,
      "YTD": 0.022346
    },
    "芯片": {
      "收盘价": 655.01001,
      "1天": 0.024333,
      "1星期": 0.099071,
      "1个月": 0.259482,
      "1年": 1.904601,
      "3年": 2.91352,
      "QTD": 0.935727,
      "YTD": 1.090359
    },
    "罗素1000价值": {
      "收盘价": 243.529999,
      "1天": 0.005574,
      "1星期": 0.008953,
      "1个月": 0.044901,
      "1年": 0.308694,
      "3年": 0.641588,
      "QTD": 0.136586,
      "YTD": 0.155642
    },
    "罗素1000成长": {
      "收盘价": 121.760002,
      "1天": -0.011608,
      "1星期": 0.002115,
      "1个月": -0.022403,
      "1年": 0.204081,
      "3年": 0.804173,
      "QTD": 0.133359,
      "YTD": 0.034208
    },
    "前7大科技": {
      "收盘价": 64.019997,
      "1天": -0.021699,
      "1星期": -0.013711,
      "1个月": -0.078716,
      "1年": 0.215566,
      "3年": 1.178775,
      "QTD": 0.091002,
      "YTD": -0.020352
    },
    "标普等权指数": {
      "收盘价": 209.610001,
      "1天": -0.001667,
      "1星期": -0.009639,
      "1个月": 0.028357,
      "1年": 0.201684,
      "3年": 0.478812,
      "QTD": 0.088657,
      "YTD": 0.091504
    },
    "PUT/CALL": {
      "收盘价": 1.05,
      "1天": -0.32,
      "1星期": -0.01,
      "1个月": 0.23,
      "1年": 0.19,
      "3年": 0.15,
      "5年": 0.13
    }
  }
}