{
  "updateTime": "2026-06-09 23:15:50",
  "assets": {
    "美元": {
      "收盘价": 99.995003,
      "1天": -0.00055,
      "1星期": 0.007811,
      "1个月": 0.022026,
      "1年": 0.008116,
      "QTD": 0.003462,
      "YTD": 0.016003
    },
    "2年美债": {
      "收盘价": 3.635,
      "1天": 0.001929,
      "1星期": 0.004699,
      "1个月": 0.011126,
      "1年": -0.141068,
      "QTD": 0.008322,
      "YTD": 0.028871
    },
    "10年美债": {
      "收盘价": 4.528,
      "1天": -0.005272,
      "1星期": 0.016386,
      "1个月": 0.03758,
      "1年": 0.003991,
      "QTD": 0.048391,
      "YTD": 0.081443
    },
    "TLT": {
      "收盘价": 85.120003,
      "1天": 0.005909,
      "1星期": -0.006188,
      "1个月": -0.007263,
      "1年": 0.042792,
      "QTD": -0.005676,
      "YTD": -0.003448
    },
    "标普500": {
      "收盘价": 737.049988,
      "1天": -0.002936,
      "1星期": -0.029648,
      "1个月": -0.000773,
      "1年": 0.244282,
      "QTD": 0.124855,
      "YTD": 0.081814
    },
    "纳指": {
      "收盘价": 707.830017,
      "1天": -0.011507,
      "1星期": -0.05137,
      "1个月": -0.00478,
      "1年": 0.342196,
      "QTD": 0.211395,
      "YTD": 0.155928
    },
    "道指": {
      "收盘价": 509.410004,
      "1天": 0.000982,
      "1星期": -0.009026,
      "1个月": 0.027333,
      "1年": 0.207366,
      "QTD": 0.095444,
      "YTD": 0.058306
    },
    "黄金": {
      "收盘价": 390.779999,
      "1天": -0.016336,
      "1星期": -0.05139,
      "1个月": -0.099108,
      "1年": 0.28049,
      "QTD": -0.107441,
      "YTD": -0.018831
    },
    "WTI原油": {
      "收盘价": 131.300003,
      "1天": -0.028487,
      "1星期": -0.043491,
      "1个月": -0.017142,
      "1年": 0.839451,
      "QTD": 0.058103,
      "YTD": 0.904002
    },
    "VIX": {
      "收盘价": 19.870001,
      "1天": 0.050211,
      "1星期": 0.259987,
      "1个月": 0.081066,
      "1年": 0.157925,
      "QTD": -0.190302,
      "YTD": 0.3694
    },
    "罗素2000": {
      "收盘价": 285.019989,
      "1天": 0.003203,
      "1星期": -0.022766,
      "1个月": 0.002991,
      "1年": 0.359564,
      "QTD": 0.14209,
      "YTD": 0.147709
    },
    "比特币": {
      "收盘价": 61685.808594,
      "1天": -0.022266,
      "1星期": -0.033162,
      "1个月": -0.196286,
      "1年": -0.459162,
      "QTD": -0.093902,
      "YTD": -0.304808
    },
    "通讯服务": {
      "收盘价": 118.529999,
      "1天": -0.002021,
      "1星期": -0.033276,
      "1个月": -0.05176,
      "1年": 0.127333,
      "QTD": 0.026767,
      "YTD": -0.01936
    },
    "非必需品消费": {
      "收盘价": 115.870003,
      "1天": 0.00416,
      "1星期": -0.014627,
      "1个月": -0.036023,
      "1年": 0.10087,
      "QTD": 0.055282,
      "YTD": -0.018988
    },
    "必需品消费": {
      "收盘价": 84.099998,
      "1天": 0.012399,
      "1星期": 0.02774,
      "1个月": -0.00095,
      "1年": 0.057972,
      "QTD": 0.032409,
      "YTD": 0.088601
    },
    "能源": {
      "收盘价": 57.389999,
      "1天": -0.016115,
      "1星期": -0.009834,
      "1个月": 0.030341,
      "1年": 0.420273,
      "QTD": -0.026793,
      "YTD": 0.265388
    },
    "银行": {
      "收盘价": 90.190002,
      "1天": 0.008386,
      "1星期": 0.020364,
      "1个月": 0.058071,
      "1年": 0.371372,
      "QTD": 0.125406,
      "YTD": 0.058384
    },
    "公共事业": {
      "收盘价": 43.98,
      "1天": 0.01057,
      "1星期": 0.001822,
      "1个月": -0.016547,
      "1年": 0.114213,
      "QTD": -0.046194,
      "YTD": 0.025648
    },
    "REITS": {
      "收盘价": 103.489998,
      "1天": 0.023842,
      "1星期": 0.035004,
      "1个月": 0.007006,
      "1年": 0.115672,
      "QTD": 0.090746,
      "YTD": 0.104165
    },
    "科技": {
      "收盘价": 180.770004,
      "1天": -0.018514,
      "1星期": -0.087987,
      "1个月": 0.029911,
      "1年": 0.52545,
      "QTD": 0.33993,
      "YTD": 0.254295
    },
    "医疗": {
      "收盘价": 154.570007,
      "1天": 0.012578,
      "1星期": 0.055806,
      "1个月": 0.077218,
      "1年": 0.170759,
      "QTD": 0.046301,
      "YTD": -0.001958
    },
    "趋势板块": {
      "收盘价": 311.630005,
      "1天": -0.01095,
      "1星期": -0.044168,
      "1个月": 0.032571,
      "1年": 0.349749,
      "QTD": 0.270714,
      "YTD": 0.23416
    },
    "保险板块": {
      "收盘价": 132.589996,
      "1天": 0.007523,
      "1星期": 0.026954,
      "1个月": 0.018356,
      "1年": 6.7e-05,
      "QTD": 0.039025,
      "YTD": -0.002959
    },
    "芯片": {
      "收盘价": 562.140015,
      "1天": -0.016292,
      "1星期": -0.070874,
      "1个月": 0.080415,
      "1年": 1.60298,
      "QTD": 0.660483,
      "YTD": 0.793128
    },
    "罗素1000价值": {
      "收盘价": 238.169998,
      "1天": 0.003793,
      "1星期": -0.004805,
      "1个月": 0.018256,
      "1年": 0.270568,
      "QTD": 0.108077,
      "YTD": 0.126655
    },
    "罗素1000成长": {
      "收盘价": 122.019997,
      "1天": -0.007806,
      "1星期": -0.048874,
      "1个月": -0.012304,
      "1年": 0.202084,
      "QTD": 0.134779,
      "YTD": 0.035504
    },
    "前7大科技": {
      "收盘价": 65.660004,
      "1天": -0.013077,
      "1星期": -0.050744,
      "1个月": -0.05688,
      "1年": 0.264211,
      "QTD": 0.11895,
      "YTD": 0.004744
    },
    "标普等权指数": {
      "收盘价": 209.190002,
      "1天": 0.00761,
      "1星期": -0.004047,
      "1个月": 0.024939,
      "1年": 0.190349,
      "QTD": 0.086476,
      "YTD": 0.089316
    },
    "PUT/CALL": {
      "收盘价": 1.05,
      "1天": -0.32,
      "1星期": -0.01,
      "1个月": 0.23,
      "1年": 0.19
    }
  }
}