{
  "updateTime": "2026-01-16 22:18:08",
  "assets": {
    "美元": {
      "收盘价": 99.375,
      "1天": 0.000554,
      "1星期": 0.002472,
      "1个月": 0.012481,
      "1年": -0.087968,
      "QTD": 0.009703,
      "YTD": 0.009703
    },
    "2年美债": {
      "收盘价": 3.557,
      "1天": -0.002244,
      "1星期": 0.012525,
      "1个月": 0.003385,
      "1年": -0.154102,
      "QTD": 0.006793,
      "YTD": 0.006793
    },
    "10年美债": {
      "收盘价": 4.231,
      "1天": 0.017067,
      "1星期": 0.014385,
      "1个月": 0.019764,
      "1年": -0.090694,
      "QTD": 0.010509,
      "YTD": 0.010509
    },
    "TLT": {
      "收盘价": 87.800003,
      "1天": -0.005775,
      "1星期": -0.001478,
      "1个月": 0.002978,
      "1年": 0.057026,
      "QTD": 0.008848,
      "YTD": 0.008848
    },
    "标普500": {
      "收盘价": 691.659973,
      "1天": -0.000838,
      "1星期": -0.003472,
      "1个月": 0.021851,
      "1年": 0.180509,
      "QTD": 0.012427,
      "YTD": 0.012427
    },
    "纳指": {
      "收盘价": 621.26001,
      "1天": -0.000836,
      "1星期": -0.008601,
      "1个月": 0.016854,
      "1年": 0.208459,
      "QTD": 0.013276,
      "YTD": 0.013276
    },
    "道指": {
      "收盘价": 493.420013,
      "1天": -0.002144,
      "1星期": -0.003232,
      "1个月": 0.025965,
      "1年": 0.159367,
      "QTD": 0.020243,
      "YTD": 0.020243
    },
    "黄金": {
      "收盘价": 421.290009,
      "1天": -0.004819,
      "1星期": 0.016455,
      "1个月": 0.064159,
      "1年": 0.692743,
      "QTD": 0.057773,
      "YTD": 0.057773
    },
    "WTI原油": {
      "收盘价": 71.650002,
      "1天": 0.007311,
      "1星期": 0.012292,
      "1个月": 0.082817,
      "1年": -0.150462,
      "QTD": 0.039008,
      "YTD": 0.039008
    },
    "VIX": {
      "收盘价": 15.86,
      "1天": 0.001263,
      "1星期": 0.094548,
      "1个月": -0.037621,
      "1年": -0.016129,
      "QTD": 0.093039,
      "YTD": 0.093039
    },
    "罗素2000": {
      "收盘价": 265.76001,
      "1天": 0.000942,
      "1星期": 0.02125,
      "1个月": 0.063465,
      "1年": 0.199557,
      "QTD": 0.068253,
      "YTD": 0.068253
    },
    "比特币": {
      "收盘价": 95312.398438,
      "1天": -0.002499,
      "1星期": 0.049379,
      "1个月": 0.091762,
      "1年": -0.074375,
      "QTD": 0.074161,
      "YTD": 0.074161
    },
    "通讯服务": {
      "收盘价": 119.470001,
      "1天": -0.005991,
      "1星期": -0.019774,
      "1个月": -0.002088,
      "1年": 0.261246,
      "QTD": -0.011583,
      "YTD": -0.011583
    },
    "非必需品消费": {
      "收盘价": 122.300003,
      "1天": -0.00326,
      "1星期": -0.01696,
      "1个月": 0.005022,
      "1年": 0.085517,
      "QTD": 0.033376,
      "YTD": 0.033376
    },
    "必需品消费": {
      "收盘价": 82.110001,
      "1天": -0.003157,
      "1星期": 0.036088,
      "1个月": 0.044005,
      "1年": 0.106557,
      "QTD": 0.056893,
      "YTD": 0.056893
    },
    "能源": {
      "收盘价": 47.689999,
      "1天": 0.00168,
      "1星期": 0.021856,
      "1个月": 0.097844,
      "1年": 0.064772,
      "QTD": 0.044688,
      "YTD": 0.044688
    },
    "银行": {
      "收盘价": 86.139999,
      "1天": -0.004047,
      "1星期": -0.016779,
      "1个月": 0.025715,
      "1年": 0.274741,
      "QTD": 0.004431,
      "YTD": 0.004431
    },
    "公共事业": {
      "收盘价": 43.389999,
      "1天": -0.005045,
      "1星期": 0.020701,
      "1个月": 0.015685,
      "1年": 0.162376,
      "QTD": 0.004863,
      "YTD": 0.004863
    },
    "REITS": {
      "收盘价": 98.309998,
      "1天": 0.013192,
      "1星期": 0.037682,
      "1个月": 0.052344,
      "1年": 0.096863,
      "QTD": 0.045962,
      "YTD": 0.045962
    },
    "科技": {
      "收盘价": 145.619995,
      "1天": 0.0011,
      "1星期": -0.003626,
      "1个月": 0.023014,
      "1年": 0.261588,
      "QTD": 0.009148,
      "YTD": 0.009148
    },
    "医疗": {
      "收盘价": 155.740005,
      "1天": -0.007773,
      "1星期": -0.00998,
      "1个月": 0.015144,
      "1年": 0.127405,
      "QTD": 0.001479,
      "YTD": 0.001479
    },
    "趋势板块": {
      "收盘价": 258.380005,
      "1天": 0.004549,
      "1星期": 0.005409,
      "1个月": 0.043075,
      "1年": 0.225003,
      "QTD": 0.022356,
      "YTD": 0.022356
    },
    "保险板块": {
      "收盘价": 130.171005,
      "1天": -0.009127,
      "1星期": -0.035556,
      "1个月": -0.048805,
      "1年": 0.043857,
      "QTD": -0.035985,
      "YTD": -0.035985
    },
    "芯片": {
      "收盘价": 342.470001,
      "1天": 0.015568,
      "1星期": 0.041639,
      "1个月": 0.156212,
      "1年": 0.54512,
      "QTD": 0.091747,
      "YTD": 0.091747
    },
    "罗素1000价值": {
      "收盘价": 218.990005,
      "1天": -0.000958,
      "1星期": 0.006434,
      "1个月": 0.046197,
      "1年": 0.179924,
      "QTD": 0.031998,
      "YTD": 0.031998
    },
    "罗素1000成长": {
      "收盘价": 470.579987,
      "1天": -0.000191,
      "1星期": -0.01176,
      "1个月": 0.001682,
      "1年": 0.166849,
      "QTD": -0.002501,
      "YTD": -0.002501
    },
    "前7大科技": {
      "收盘价": 64.900002,
      "1天": -0.002919,
      "1星期": -0.022149,
      "1个月": -0.01359,
      "1年": 0.186322,
      "QTD": -0.006886,
      "YTD": -0.006886
    },
    "标普等权指数": {
      "收盘价": 199.050003,
      "1天": -0.002556,
      "1星期": 0.007338,
      "1个月": 0.039272,
      "1年": 0.139104,
      "QTD": 0.032096,
      "YTD": 0.032096
    },
    "垃圾债券利差": {
      "收盘价": 2.71,
      "1天": -0.05,
      "1星期": -0.05,
      "1个月": -0.2,
      "1年": 0.05
    },
    "PUT/CALL": {
      "收盘价": 1.05,
      "1天": -0.32,
      "1星期": -0.01,
      "1个月": 0.23,
      "1年": 0.19
    }
  }
}