{
  "updateTime": "2026-05-05 22:52:38",
  "assets": {
    "美元": {
      "收盘价": 98.486,
      "1天": 0.000162,
      "1星期": -0.001359,
      "1个月": -0.014943,
      "1年": -0.013463,
      "QTD": -0.011681,
      "YTD": 0.000671
    },
    "2年美债": {
      "收盘价": 3.6,
      "1天": 0.002786,
      "1星期": 0.002786,
      "1个月": -0.006348,
      "1年": -0.144487,
      "QTD": -0.001387,
      "YTD": 0.018964
    },
    "10年美债": {
      "收盘价": 4.416,
      "1天": -0.006748,
      "1星期": 0.01424,
      "1个月": 0.018685,
      "1年": 0.021749,
      "QTD": 0.022459,
      "YTD": 0.054693
    },
    "TLT": {
      "收盘价": 85.43,
      "1天": 0.005532,
      "1星期": -0.007231,
      "1个月": -0.010439,
      "1年": 0.017983,
      "QTD": -0.005965,
      "YTD": -0.003738
    },
    "标普500": {
      "收盘价": 723.77002,
      "1天": 0.008022,
      "1星期": 0.016974,
      "1个月": 0.098402,
      "1年": 0.29167,
      "QTD": 0.104588,
      "YTD": 0.062322
    },
    "纳指": {
      "收盘价": 681.609985,
      "1天": 0.012974,
      "1星期": 0.03659,
      "1个月": 0.158216,
      "1年": 0.40112,
      "QTD": 0.166521,
      "YTD": 0.113109
    },
    "道指": {
      "收盘价": 492.959991,
      "1天": 0.006945,
      "1星期": 0.003134,
      "1个月": 0.056557,
      "1年": 0.212024,
      "QTD": 0.059485,
      "YTD": 0.023567
    },
    "黄金": {
      "收盘价": 418.269989,
      "1天": 0.008584,
      "1星期": -0.008627,
      "1个月": -0.021934,
      "1年": 0.403685,
      "QTD": -0.044653,
      "YTD": 0.050191
    },
    "WTI原油": {
      "收盘价": 144.169998,
      "1天": -0.023305,
      "1星期": 0.032736,
      "1个月": 0.037642,
      "1年": 1.252304,
      "QTD": 0.161818,
      "YTD": 1.090632
    },
    "VIX": {
      "收盘价": 17.379999,
      "1天": -0.049754,
      "1星期": -0.025238,
      "1个月": -0.280927,
      "1年": -0.233686,
      "QTD": -0.291769,
      "YTD": 0.197795
    },
    "罗素2000": {
      "收盘价": 282.559998,
      "1天": 0.016842,
      "1星期": 0.03158,
      "1个月": 0.11967,
      "1年": 0.424606,
      "QTD": 0.132233,
      "YTD": 0.137803
    },
    "比特币": {
      "收盘价": 81019.171875,
      "1天": 0.014923,
      "1星期": 0.06179,
      "1个月": 0.092173,
      "1年": -0.275338,
      "QTD": 0.190084,
      "YTD": -0.086923
    },
    "通讯服务": {
      "收盘价": 123.028999,
      "1天": 0.001376,
      "1星期": 0.013252,
      "1个月": 0.067497,
      "1年": 0.257357,
      "QTD": 0.06574,
      "YTD": 0.017862
    },
    "非必需品消费": {
      "收盘价": 118.07,
      "1天": 0.002973,
      "1星期": 0.009059,
      "1个月": 0.082814,
      "1年": 0.181584,
      "QTD": 0.075319,
      "YTD": -0.000362
    },
    "必需品消费": {
      "收盘价": 84.059998,
      "1天": 0.006225,
      "1星期": 0.011796,
      "1个月": 0.016937,
      "1年": 0.059154,
      "QTD": 0.031917,
      "YTD": 0.088083
    },
    "能源": {
      "收盘价": 59.450001,
      "1天": 0.00101,
      "1星期": 0.030151,
      "1个月": -0.003854,
      "1年": 0.496917,
      "QTD": 0.00814,
      "YTD": 0.310809
    },
    "银行": {
      "收盘价": 86.220001,
      "1天": 0.01043,
      "1星期": -0.007482,
      "1个月": 0.063525,
      "1年": 0.408731,
      "QTD": 0.075867,
      "YTD": 0.011796
    },
    "公共事业": {
      "收盘价": 46.369999,
      "1天": 0.0,
      "1星期": 0.002595,
      "1个月": 0.004332,
      "1年": 0.195975,
      "QTD": 0.005639,
      "YTD": 0.081385
    },
    "REITS": {
      "收盘价": 101.940002,
      "1天": 0.00305,
      "1星期": 0.001966,
      "1个月": 0.057798,
      "1年": 0.098962,
      "QTD": 0.07441,
      "YTD": 0.087628
    },
    "科技": {
      "收盘价": 165.630005,
      "1天": 0.022092,
      "1星期": 0.049287,
      "1个月": 0.210923,
      "1年": 0.538032,
      "QTD": 0.227707,
      "YTD": 0.149244
    },
    "医疗": {
      "收盘价": 145.300003,
      "1天": 0.003938,
      "1星期": 0.01015,
      "1个月": -0.006699,
      "1年": 0.067576,
      "QTD": -0.016449,
      "YTD": -0.061814
    },
    "趋势板块": {
      "收盘价": 291.100006,
      "1天": 0.023954,
      "1星期": 0.053908,
      "1个月": 0.175259,
      "1年": 0.356157,
      "QTD": 0.187,
      "YTD": 0.152855
    },
    "保险板块": {
      "收盘价": 131.380005,
      "1天": 0.00336,
      "1星期": -0.014477,
      "1个月": 0.01845,
      "1年": 0.005713,
      "QTD": 0.029543,
      "YTD": -0.012058
    },
    "芯片": {
      "收盘价": 482.730011,
      "1天": 0.044734,
      "1星期": 0.10034,
      "1个月": 0.402877,
      "1年": 1.556514,
      "QTD": 0.425917,
      "YTD": 0.539824
    },
    "罗素1000价值": {
      "收盘价": 232.029999,
      "1天": 0.010584,
      "1星期": 0.021798,
      "1个月": 0.071188,
      "1年": 0.277043,
      "QTD": 0.079511,
      "YTD": 0.09761
    },
    "罗素1000成长": {
      "收盘价": 120.410004,
      "1天": 0.004924,
      "1星期": 0.011233,
      "1个月": 0.115579,
      "1年": 0.28265,
      "QTD": 0.119807,
      "YTD": 0.021841
    },
    "前7大科技": {
      "收盘价": 67.110001,
      "1天": 0.00209,
      "1星期": 0.003739,
      "1个月": 0.149538,
      "1年": 0.417469,
      "QTD": 0.143661,
      "YTD": 0.026932
    },
    "标普等权指数": {
      "收盘价": 203.240005,
      "1天": 0.007935,
      "1星期": 0.012353,
      "1个月": 0.048061,
      "1年": 0.202243,
      "QTD": 0.055573,
      "YTD": 0.058333
    },
    "PUT/CALL": {
      "收盘价": 1.05,
      "1天": -0.32,
      "1星期": -0.01,
      "1个月": 0.23,
      "1年": 0.19
    }
  }
}