{
  "updateTime": "2026-05-27 23:13:59",
  "assets": {
    "美元": {
      "收盘价": 99.169998,
      "1天": -0.00151,
      "1星期": 0.002021,
      "1个月": 0.0067,
      "1年": 0.000605,
      "QTD": -0.004817,
      "YTD": 0.00762
    },
    "2年美债": {
      "收盘价": 3.585,
      "1天": 0.000837,
      "1星期": 0.002797,
      "1个月": -0.001393,
      "1年": -0.152482,
      "QTD": -0.005548,
      "YTD": 0.014718
    },
    "10年美债": {
      "收盘价": 4.481,
      "1天": -0.002671,
      "1星期": -0.039854,
      "1个月": 0.033441,
      "1年": -0.00621,
      "QTD": 0.037509,
      "YTD": 0.070217
    },
    "TLT": {
      "收盘价": 85.300003,
      "1天": 0.00235,
      "1星期": 0.027463,
      "1个月": -0.007708,
      "1年": 0.054663,
      "QTD": -0.007478,
      "YTD": -0.005254
    },
    "标普500": {
      "收盘价": 750.460022,
      "1天": -0.000173,
      "1星期": 0.022801,
      "1个月": 0.049345,
      "1年": 0.310741,
      "QTD": 0.145321,
      "YTD": 0.101497
    },
    "纳指": {
      "收盘价": 729.450012,
      "1天": -0.001137,
      "1星期": 0.039799,
      "1个月": 0.098189,
      "1年": 0.439362,
      "QTD": 0.248396,
      "YTD": 0.191235
    },
    "道指": {
      "收盘价": 506.880005,
      "1天": 0.003226,
      "1星期": 0.026114,
      "1个月": 0.031168,
      "1年": 0.236142,
      "QTD": 0.090003,
      "YTD": 0.05305
    },
    "黄金": {
      "收盘价": 408.48999,
      "1天": -0.013309,
      "1星期": -0.007315,
      "1个月": -0.04978,
      "1年": 0.318773,
      "QTD": -0.066991,
      "YTD": 0.025635
    },
    "WTI原油": {
      "收盘价": 131.029999,
      "1天": -0.043577,
      "1星期": -0.143371,
      "1个月": -0.02739,
      "1年": 0.927195,
      "QTD": 0.055927,
      "YTD": 0.900087
    },
    "VIX": {
      "收盘价": 16.290001,
      "1天": -0.042328,
      "1星期": -0.06594,
      "1个月": -0.086371,
      "1年": -0.140823,
      "QTD": -0.336186,
      "YTD": 0.122674
    },
    "罗素2000": {
      "收盘价": 290.369995,
      "1天": -0.000482,
      "1星期": 0.063626,
      "1个月": 0.047738,
      "1年": 0.448949,
      "QTD": 0.163528,
      "YTD": 0.169252
    },
    "比特币": {
      "收盘价": 74320.773438,
      "1天": -0.019848,
      "1星期": -0.015466,
      "1个月": -0.087277,
      "1年": -0.361881,
      "QTD": 0.091691,
      "YTD": -0.162413
    },
    "通讯服务": {
      "收盘价": 124.610001,
      "1天": 0.001366,
      "1星期": 0.011773,
      "1个月": 0.020975,
      "1年": 0.234356,
      "QTD": 0.079435,
      "YTD": 0.030942
    },
    "非必需品消费": {
      "收盘价": 121.550003,
      "1天": 0.017581,
      "1星期": 0.056681,
      "1个月": 0.031483,
      "1年": 0.163169,
      "QTD": 0.107013,
      "YTD": 0.029102
    },
    "必需品消费": {
      "收盘价": 84.580002,
      "1天": 0.01136,
      "1星期": -0.01754,
      "1个月": 0.027204,
      "1年": 0.065184,
      "QTD": 0.038301,
      "YTD": 0.094814
    },
    "能源": {
      "收盘价": 56.990002,
      "1天": -0.014866,
      "1星期": -0.070158,
      "1个月": 0.003875,
      "1年": 0.4348,
      "QTD": -0.033576,
      "YTD": 0.256569
    },
    "银行": {
      "收盘价": 86.580002,
      "1天": -0.007906,
      "1星期": 0.03577,
      "1个月": -0.004484,
      "1年": 0.370851,
      "QTD": 0.080359,
      "YTD": 0.01602
    },
    "公共事业": {
      "收盘价": 45.139999,
      "1天": -0.004192,
      "1星期": 0.018042,
      "1个月": -0.022732,
      "1年": 0.145436,
      "QTD": -0.021037,
      "YTD": 0.0527
    },
    "REITS": {
      "收盘价": 102.790001,
      "1天": -0.0032,
      "1星期": 0.01511,
      "1个月": 0.019439,
      "1年": 0.141173,
      "QTD": 0.083369,
      "YTD": 0.096697
    },
    "科技": {
      "收盘价": 184.429993,
      "1天": -0.003835,
      "1星期": 0.064592,
      "1个月": 0.148596,
      "1年": 0.635589,
      "QTD": 0.367059,
      "YTD": 0.27969
    },
    "医疗": {
      "收盘价": 148.789993,
      "1天": 0.001885,
      "1星期": 0.009978,
      "1个月": 0.037153,
      "1年": 0.161912,
      "QTD": 0.007175,
      "YTD": -0.039279
    },
    "趋势板块": {
      "收盘价": 313.329987,
      "1天": -0.002293,
      "1星期": 0.070884,
      "1个月": 0.116046,
      "1年": 0.399257,
      "QTD": 0.277646,
      "YTD": 0.240893
    },
    "保险板块": {
      "收盘价": 131.210007,
      "1天": -0.016122,
      "1星期": -0.021405,
      "1个月": -0.00606,
      "1年": 0.013401,
      "QTD": 0.028211,
      "YTD": -0.013336
    },
    "芯片": {
      "收盘价": 563.97998,
      "1天": -0.010718,
      "1星期": 0.135363,
      "1个月": 0.238401,
      "1年": 1.802051,
      "QTD": 0.665918,
      "YTD": 0.798997
    },
    "罗素1000价值": {
      "收盘价": 237.929993,
      "1天": -0.001553,
      "1星期": 0.0268,
      "1个月": 0.045065,
      "1年": 0.299883,
      "QTD": 0.10696,
      "YTD": 0.125519
    },
    "罗素1000成长": {
      "收盘价": 125.709999,
      "1天": 0.000398,
      "1星期": 0.021451,
      "1个月": 0.047714,
      "1年": 0.292242,
      "QTD": 0.169096,
      "YTD": 0.066819
    },
    "前7大科技": {
      "收盘价": 70.330002,
      "1天": 0.010053,
      "1星期": 0.026266,
      "1个月": 0.04845,
      "1年": 0.395433,
      "QTD": 0.198534,
      "YTD": 0.076205
    },
    "标普等权指数": {
      "收盘价": 207.490005,
      "1天": -0.000722,
      "1星期": 0.029114,
      "1个月": 0.028247,
      "1年": 0.210205,
      "QTD": 0.077646,
      "YTD": 0.080464
    },
    "PUT/CALL": {
      "收盘价": 1.05,
      "1天": -0.32,
      "1星期": -0.01,
      "1个月": 0.23,
      "1年": 0.19
    }
  }
}