{
  "updateTime": "2026-05-07 22:58:59",
  "assets": {
    "美元": {
      "收盘价": 98.257004,
      "1天": 0.002418,
      "1星期": 0.001805,
      "1个月": -0.008807,
      "1年": -0.013583,
      "QTD": -0.013979,
      "YTD": -0.001656
    },
    "2年美债": {
      "收盘价": 3.598,
      "1天": -0.000556,
      "1星期": 0.003626,
      "1个月": -0.000556,
      "1年": -0.145368,
      "QTD": -0.001942,
      "YTD": 0.018398
    },
    "10年美债": {
      "收盘价": 4.392,
      "1天": 0.008264,
      "1星期": 0.000456,
      "1个月": 0.023538,
      "1年": 0.019499,
      "QTD": 0.016902,
      "YTD": 0.048961
    },
    "TLT": {
      "收盘价": 85.650002,
      "1天": -0.004995,
      "1星期": 0.004044,
      "1个月": -0.010972,
      "1年": 0.022937,
      "QTD": -0.003405,
      "YTD": -0.001172
    },
    "标普500": {
      "收盘价": 731.580017,
      "1天": -0.003066,
      "1星期": 0.017978,
      "1个月": 0.082203,
      "1年": 0.324206,
      "QTD": 0.116507,
      "YTD": 0.073785
    },
    "纳指": {
      "收盘价": 694.940002,
      "1天": -0.001193,
      "1星期": 0.040734,
      "1个月": 0.146595,
      "1年": 0.450539,
      "QTD": 0.189334,
      "YTD": 0.134878
    },
    "道指": {
      "收盘价": 495.910004,
      "1天": -0.006292,
      "1星期": -0.00149,
      "1个月": 0.035396,
      "1年": 0.233613,
      "QTD": 0.065825,
      "YTD": 0.029692
    },
    "黄金": {
      "收盘价": 431.679993,
      "1天": 0.001671,
      "1星期": 0.01893,
      "1个月": -0.006559,
      "1年": 0.368328,
      "QTD": -0.014024,
      "YTD": 0.083861
    },
    "WTI原油": {
      "收盘价": 134.970001,
      "1天": 0.007615,
      "1星期": -0.082399,
      "1个月": 0.0834,
      "1年": 1.089319,
      "QTD": 0.087678,
      "YTD": 0.957222
    },
    "VIX": {
      "收盘价": 17.08,
      "1天": -0.017826,
      "1星期": 0.011249,
      "1个月": -0.188213,
      "1年": -0.310178,
      "QTD": -0.303994,
      "YTD": 0.177119
    },
    "罗素2000": {
      "收盘价": 282.26001,
      "1天": -0.01583,
      "1星期": 0.015433,
      "1个月": 0.083656,
      "1年": 0.449925,
      "QTD": 0.131031,
      "YTD": 0.136595
    },
    "比特币": {
      "收盘价": 79913.101562,
      "1天": -0.018598,
      "1星期": 0.015966,
      "1个月": 0.063351,
      "1年": -0.289944,
      "QTD": 0.173837,
      "YTD": -0.099388
    },
    "通讯服务": {
      "收盘价": 125.089996,
      "1天": -0.001915,
      "1星期": 0.012957,
      "1个月": 0.054633,
      "1年": 0.276143,
      "QTD": 0.083593,
      "YTD": 0.034913
    },
    "非必需品消费": {
      "收盘价": 119.879997,
      "1天": 8.3e-05,
      "1星期": 0.012928,
      "1个月": 0.081754,
      "1年": 0.22326,
      "QTD": 0.091803,
      "YTD": 0.014963
    },
    "必需品消费": {
      "收盘价": 83.980003,
      "1天": -0.003086,
      "1星期": -0.003914,
      "1个月": 0.014496,
      "1年": 0.060878,
      "QTD": 0.030935,
      "YTD": 0.087047
    },
    "能源": {
      "收盘价": 55.950001,
      "1天": -0.018421,
      "1星期": -0.062029,
      "1个月": -0.036176,
      "1年": 0.434333,
      "QTD": -0.051212,
      "YTD": 0.233638
    },
    "银行": {
      "收盘价": 85.860001,
      "1天": -0.016495,
      "1星期": -0.016833,
      "1个月": 0.018264,
      "1年": 0.419617,
      "QTD": 0.071375,
      "YTD": 0.007571
    },
    "公共事业": {
      "收盘价": 45.119999,
      "1天": -0.012907,
      "1星期": -0.036926,
      "1个月": -0.035485,
      "1年": 0.152607,
      "QTD": -0.02147,
      "YTD": 0.052234
    },
    "REITS": {
      "收盘价": 102.559998,
      "1天": -0.006971,
      "1星期": -0.000682,
      "1个月": 0.044505,
      "1年": 0.11504,
      "QTD": 0.080944,
      "YTD": 0.094243
    },
    "科技": {
      "收盘价": 169.690002,
      "1天": -0.002,
      "1星期": 0.063887,
      "1个月": 0.197615,
      "1年": 0.597414,
      "QTD": 0.257801,
      "YTD": 0.177415
    },
    "医疗": {
      "收盘价": 144.720001,
      "1天": -0.004677,
      "1星期": -0.008699,
      "1个月": -0.033073,
      "1年": 0.096561,
      "QTD": -0.020375,
      "YTD": -0.065559
    },
    "趋势板块": {
      "收盘价": 293.910004,
      "1天": -0.017615,
      "1星期": 0.034967,
      "1个月": 0.13199,
      "1年": 0.384023,
      "QTD": 0.198459,
      "YTD": 0.163983
    },
    "保险板块": {
      "收盘价": 130.539993,
      "1天": -0.005182,
      "1星期": -0.013452,
      "1个月": -0.007753,
      "1年": -0.000717,
      "QTD": 0.022961,
      "YTD": -0.018375
    },
    "芯片": {
      "收盘价": 492.359985,
      "1天": -0.028627,
      "1星期": 0.067008,
      "1个月": 0.329266,
      "1年": 1.653027,
      "QTD": 0.454363,
      "YTD": 0.570542
    },
    "罗素1000价值": {
      "收盘价": 232.020004,
      "1天": -0.010491,
      "1星期": 0.00333,
      "1个月": 0.045371,
      "1年": 0.29081,
      "QTD": 0.079464,
      "YTD": 0.097562
    },
    "罗素1000成长": {
      "收盘价": 122.739998,
      "1天": 0.00245,
      "1星期": 0.029094,
      "1个月": 0.107887,
      "1年": 0.327545,
      "QTD": 0.141475,
      "YTD": 0.041614
    },
    "前7大科技": {
      "收盘价": 68.889999,
      "1天": 0.006281,
      "1星期": 0.040006,
      "1个月": 0.151622,
      "1年": 0.482531,
      "QTD": 0.173995,
      "YTD": 0.05417
    },
    "标普等权指数": {
      "收盘价": 203.539993,
      "1天": -0.006395,
      "1星期": 0.000492,
      "1个月": 0.028187,
      "1年": 0.217046,
      "QTD": 0.057131,
      "YTD": 0.059895
    },
    "PUT/CALL": {
      "收盘价": 1.05,
      "1天": -0.32,
      "1星期": -0.01,
      "1个月": 0.23,
      "1年": 0.19
    }
  }
}