{
  "updateTime": "2026-06-01 23:25:02",
  "assets": {
    "美元": {
      "收盘价": 99.181,
      "1天": 0.00274,
      "1星期": -0.0014,
      "1个月": 0.011226,
      "1年": -0.000997,
      "QTD": -0.004706,
      "YTD": 0.007732
    },
    "2年美债": {
      "收盘价": 3.62,
      "1天": 0.008919,
      "1星期": 0.009763,
      "1个月": 0.009763,
      "1年": -0.144208,
      "QTD": 0.004161,
      "YTD": 0.024625
    },
    "10年美债": {
      "收盘价": 4.475,
      "1天": 0.00494,
      "1星期": -0.01821,
      "1个月": 0.019362,
      "1年": 0.011528,
      "QTD": 0.03612,
      "YTD": 0.068784
    },
    "TLT": {
      "收盘价": 85.470001,
      "1天": -0.003382,
      "1星期": 0.009329,
      "1个月": 0.001934,
      "1年": 0.037139,
      "QTD": -0.0055,
      "YTD": -0.003271
    },
    "标普500": {
      "收盘价": 758.539978,
      "1天": 0.002723,
      "1星期": 0.017301,
      "1个月": 0.055492,
      "1年": 0.300289,
      "QTD": 0.157652,
      "YTD": 0.113356
    },
    "纳指": {
      "收盘价": 742.73999,
      "1天": 0.006,
      "1星期": 0.03512,
      "1个月": 0.112319,
      "1年": 0.435453,
      "QTD": 0.27114,
      "YTD": 0.212938
    },
    "道指": {
      "收盘价": 511.440002,
      "1天": 0.001292,
      "1星期": 0.010511,
      "1个月": 0.030347,
      "1年": 0.229164,
      "QTD": 0.099809,
      "YTD": 0.062523
    },
    "黄金": {
      "收盘价": 411.26001,
      "1天": -0.014049,
      "1星期": -0.006186,
      "1个月": -0.029269,
      "1年": 0.345702,
      "QTD": -0.060664,
      "YTD": 0.03259
    },
    "WTI原油": {
      "收盘价": 135.5,
      "1天": 0.049655,
      "1星期": -0.038462,
      "1个月": -0.078795,
      "1年": 1.016669,
      "QTD": 0.091949,
      "YTD": 0.964907
    },
    "VIX": {
      "收盘价": 16.049999,
      "1天": 0.04765,
      "1星期": -0.03255,
      "1个月": -0.055327,
      "1年": -0.135703,
      "QTD": -0.345966,
      "YTD": 0.106134
    },
    "罗素2000": {
      "收盘价": 288.980011,
      "1天": -0.004993,
      "1星期": 0.013538,
      "1个月": 0.039609,
      "1年": 0.417108,
      "QTD": 0.157958,
      "YTD": 0.163655
    },
    "比特币": {
      "收盘价": 71287.992188,
      "1天": -0.031146,
      "1星期": -0.041115,
      "1个月": -0.127744,
      "1年": -0.367726,
      "QTD": 0.047143,
      "YTD": -0.196592
    },
    "通讯服务": {
      "收盘价": 123.870003,
      "1天": 0.001698,
      "1星期": 0.004949,
      "1个月": 0.003077,
      "1年": 0.21373,
      "QTD": 0.073025,
      "YTD": 0.02482
    },
    "非必需品消费": {
      "收盘价": 118.190002,
      "1天": -0.022173,
      "1星期": -0.008307,
      "1个月": -0.001352,
      "1年": 0.108286,
      "QTD": 0.076412,
      "YTD": 0.000654
    },
    "必需品消费": {
      "收盘价": 82.029999,
      "1天": -0.010614,
      "1星期": -0.032665,
      "1个月": -0.027043,
      "1年": 0.026653,
      "QTD": 0.006997,
      "YTD": 0.061806
    },
    "能源": {
      "收盘价": 57.299999,
      "1天": 0.017943,
      "1星期": -0.036813,
      "1个月": -0.039397,
      "1年": 0.43787,
      "QTD": -0.02832,
      "YTD": 0.263404
    },
    "银行": {
      "收盘价": 86.879997,
      "1天": -0.002984,
      "1星期": 0.004045,
      "1个月": -0.005153,
      "1年": 0.349508,
      "QTD": 0.084103,
      "YTD": 0.019541
    },
    "公共事业": {
      "收盘价": 43.099998,
      "1天": -0.029716,
      "1星期": -0.049614,
      "1个月": -0.080043,
      "1年": 0.093266,
      "QTD": -0.065279,
      "YTD": 0.005126
    },
    "REITS": {
      "收盘价": 99.599998,
      "1天": -0.018042,
      "1星期": -0.030374,
      "1个月": -0.029524,
      "1年": 0.079648,
      "QTD": 0.049747,
      "YTD": 0.062662
    },
    "科技": {
      "收盘价": 195.759995,
      "1天": 0.024814,
      "1星期": 0.085204,
      "1个月": 0.227335,
      "1年": 0.699942,
      "QTD": 0.451041,
      "YTD": 0.358305
    },
    "医疗": {
      "收盘价": 147.839996,
      "1天": -0.010905,
      "1星期": -0.013677,
      "1个月": 0.012672,
      "1年": 0.136874,
      "QTD": 0.000745,
      "YTD": -0.045413
    },
    "趋势板块": {
      "收盘价": 316.929993,
      "1天": 0.003546,
      "1星期": 0.043906,
      "1个月": 0.116029,
      "1年": 0.387128,
      "QTD": 0.292326,
      "YTD": 0.25515
    },
    "保险板块": {
      "收盘价": 128.130005,
      "1天": -0.00187,
      "1星期": -0.04459,
      "1个月": -0.031666,
      "1年": -0.024835,
      "QTD": 0.004075,
      "YTD": -0.036497
    },
    "芯片": {
      "收盘价": 571.929993,
      "1天": 0.005008,
      "1星期": 0.064392,
      "1个月": 0.239446,
      "1年": 1.752806,
      "QTD": 0.689401,
      "YTD": 0.824356
    },
    "罗素1000价值": {
      "收盘价": 237.460007,
      "1天": -0.002101,
      "1星期": 0.004824,
      "1个月": 0.026854,
      "1年": 0.281968,
      "QTD": 0.104773,
      "YTD": 0.123296
    },
    "罗素1000成长": {
      "收盘价": 128.770004,
      "1天": 0.007196,
      "1星期": 0.03016,
      "1个月": 0.079651,
      "1年": 0.293334,
      "QTD": 0.197554,
      "YTD": 0.092787
    },
    "前7大科技": {
      "收盘价": 69.860001,
      "1天": -0.012021,
      "1星期": 0.007209,
      "1个月": 0.05465,
      "1年": 0.339992,
      "QTD": 0.190525,
      "YTD": 0.069013
    },
    "标普等权指数": {
      "收盘价": 209.210007,
      "1天": 0.00182,
      "1星期": 0.012731,
      "1个月": 0.028362,
      "1年": 0.205235,
      "QTD": 0.086579,
      "YTD": 0.089421
    },
    "PUT/CALL": {
      "收盘价": 1.05,
      "1天": -0.32,
      "1星期": -0.01,
      "1个月": 0.23,
      "1年": 0.19
    }
  }
}