{
  "updateTime": "2026-03-04 22:27:31",
  "assets": {
    "美元": {
      "收盘价": 98.82,
      "1天": -0.002322,
      "1星期": 0.011464,
      "1个月": 0.012396,
      "1年": -0.065444,
      "QTD": 0.004064,
      "YTD": 0.004064
    },
    "2年美债": {
      "收盘价": 3.595,
      "1天": 0.0,
      "1星期": 0.001951,
      "1个月": 0.004751,
      "1年": -0.142619,
      "QTD": 0.017549,
      "YTD": 0.017549
    },
    "10年美债": {
      "收盘价": 4.08,
      "1天": 0.005917,
      "1星期": 0.007905,
      "1个月": -0.045614,
      "1年": -0.023923,
      "QTD": -0.025555,
      "YTD": -0.025555
    },
    "TLT": {
      "收盘价": 89.150002,
      "1天": -0.003131,
      "1星期": -0.005156,
      "1个月": 0.033466,
      "1年": 0.006352,
      "QTD": 0.031697,
      "YTD": 0.031697
    },
    "标普500": {
      "收盘价": 685.130005,
      "1天": 0.007055,
      "1星期": -0.01157,
      "1个月": -0.014783,
      "1年": 0.187412,
      "QTD": 0.002869,
      "YTD": 0.002869
    },
    "纳指": {
      "收盘价": 610.75,
      "1天": 0.015243,
      "1星期": -0.009616,
      "1个月": -0.024579,
      "1年": 0.234981,
      "QTD": -0.003865,
      "YTD": -0.003865
    },
    "道指": {
      "收盘价": 487.73999,
      "1天": 0.004572,
      "1星期": -0.014308,
      "1个月": -0.011506,
      "1年": 0.146116,
      "QTD": 0.010116,
      "YTD": 0.010116
    },
    "黄金": {
      "收盘价": 471.799988,
      "1天": 0.007818,
      "1星期": -0.003422,
      "1个月": 0.104582,
      "1年": 0.768764,
      "QTD": 0.184594,
      "YTD": 0.184594
    },
    "WTI原油": {
      "收盘价": 91.559998,
      "1天": 0.015078,
      "1星期": 0.148376,
      "1个月": 0.215452,
      "1年": 0.248772,
      "QTD": 0.327726,
      "YTD": 0.327726
    },
    "VIX": {
      "收盘价": 21.15,
      "1天": -0.102673,
      "1星期": 0.179587,
      "1个月": 0.29437,
      "1年": -0.071554,
      "QTD": 0.457615,
      "YTD": 0.457615
    },
    "罗素2000": {
      "收盘价": 261.76001,
      "1天": 0.009721,
      "1星期": -0.010658,
      "1个月": -0.001602,
      "1年": 0.267859,
      "QTD": 0.052175,
      "YTD": 0.052175
    },
    "比特币": {
      "收盘价": 73367.546875,
      "1天": 0.074295,
      "1星期": 0.113624,
      "1个月": 0.095169,
      "1年": -0.316629,
      "QTD": -0.173156,
      "YTD": -0.173156
    },
    "通讯服务": {
      "收盘价": 121.82,
      "1天": 0.009363,
      "1星期": 0.00437,
      "1个月": -0.029864,
      "1年": 0.232174,
      "QTD": 0.00786,
      "YTD": 0.00786
    },
    "非必需品消费": {
      "收盘价": 116.389999,
      "1天": 0.017751,
      "1星期": -0.005978,
      "1个月": -0.045749,
      "1年": 0.107623,
      "QTD": -0.016561,
      "YTD": -0.016561
    },
    "必需品消费": {
      "收盘价": 87.160004,
      "1天": -0.00661,
      "1星期": -0.020784,
      "1个月": 0.031479,
      "1年": 0.072088,
      "QTD": 0.121895,
      "YTD": 0.121895
    },
    "能源": {
      "收盘价": 56.189999,
      "1天": -0.005839,
      "1星期": 0.024057,
      "1个月": 0.122677,
      "1年": 0.322407,
      "QTD": 0.230887,
      "YTD": 0.230887
    },
    "银行": {
      "收盘价": 82.449997,
      "1天": 0.006224,
      "1星期": -0.031254,
      "1个月": -0.05922,
      "1年": 0.234951,
      "QTD": -0.038596,
      "YTD": -0.038596
    },
    "公共事业": {
      "收盘价": 47.27,
      "1天": 0.004249,
      "1星期": -0.0019,
      "1个月": 0.109104,
      "1年": 0.225772,
      "QTD": 0.09472,
      "YTD": 0.09472
    },
    "REITS": {
      "收盘价": 101.059998,
      "1天": 0.00099,
      "1星期": 0.006875,
      "1个月": 0.06122,
      "1年": 0.047055,
      "QTD": 0.075221,
      "YTD": 0.075221
    },
    "科技": {
      "收盘价": 139.839996,
      "1天": 0.017018,
      "1星期": -0.022166,
      "1个月": -0.037312,
      "1年": 0.286972,
      "QTD": -0.030908,
      "YTD": -0.030908
    },
    "医疗": {
      "收盘价": 157.050003,
      "1天": 0.001978,
      "1星期": -0.004942,
      "1个月": 0.008735,
      "1年": 0.068407,
      "QTD": 0.009903,
      "YTD": 0.009903
    },
    "趋势板块": {
      "收盘价": 250.710007,
      "1天": 0.014979,
      "1星期": -0.022116,
      "1个月": -0.02961,
      "1年": 0.181042,
      "QTD": -0.007993,
      "YTD": -0.007993
    },
    "保险板块": {
      "收盘价": 136.119995,
      "1天": -0.002492,
      "1星期": 0.007177,
      "1个月": 0.022075,
      "1年": 0.010612,
      "QTD": 0.008072,
      "YTD": 0.008072
    },
    "芯片": {
      "收盘价": 341.540009,
      "1天": 0.020192,
      "1星期": -0.071902,
      "1个月": -0.031614,
      "1年": 0.709917,
      "QTD": 0.088782,
      "YTD": 0.088782
    },
    "罗素1000价值": {
      "收盘价": 223.25,
      "1天": 0.004409,
      "1星期": -0.007954,
      "1个月": 0.007128,
      "1年": 0.181002,
      "QTD": 0.052074,
      "YTD": 0.052074
    },
    "罗素1000成长": {
      "收盘价": 453.059998,
      "1天": 0.009807,
      "1星期": -0.011865,
      "1个月": -0.030846,
      "1年": 0.181903,
      "QTD": -0.039639,
      "YTD": -0.039639
    },
    "前7大科技": {
      "收盘价": 62.23,
      "1天": 0.015337,
      "1星期": -0.016438,
      "1个月": -0.05933,
      "1年": 0.27537,
      "QTD": -0.047743,
      "YTD": -0.047743
    },
    "标普等权指数": {
      "收盘价": 202.889999,
      "1天": 0.004008,
      "1星期": -0.003389,
      "1个月": 0.019036,
      "1年": 0.157887,
      "QTD": 0.052007,
      "YTD": 0.052007
    },
    "垃圾债券利差": {
      "收盘价": 3.08,
      "1天": 0.05,
      "1星期": 0.14,
      "1个月": 0.23,
      "1年": -0.15
    },
    "PUT/CALL": {
      "收盘价": 1.05,
      "1天": -0.32,
      "1星期": -0.01,
      "1个月": 0.23,
      "1年": 0.19
    }
  }
}