{
  "updateTime": "2026-01-20 22:20:15",
  "assets": {
    "美元": {
      "收盘价": 98.552002,
      "1天": -0.008431,
      "1星期": -0.003116,
      "1个月": 0.00185,
      "1年": -0.098747,
      "QTD": 0.001341,
      "YTD": 0.001341
    },
    "2年美债": {
      "收盘价": 3.572,
      "1天": 0.004217,
      "1星期": 0.011039,
      "1个月": 0.008185,
      "1年": -0.14851,
      "QTD": 0.011039,
      "YTD": 0.011039
    },
    "10年美债": {
      "收盘价": 4.295,
      "1天": 0.015126,
      "1星期": 0.025794,
      "1个月": 0.03469,
      "1年": -0.067521,
      "QTD": 0.025794,
      "YTD": 0.025794
    },
    "TLT": {
      "收盘价": 86.650002,
      "1天": -0.013098,
      "1星期": -0.011635,
      "1个月": -0.009257,
      "1年": 0.039825,
      "QTD": -0.004366,
      "YTD": -0.004366
    },
    "标普500": {
      "收盘价": 677.580017,
      "1天": -0.020357,
      "1星期": -0.025289,
      "1个月": 0.012187,
      "1年": 0.158706,
      "QTD": -0.008182,
      "YTD": -0.008182
    },
    "纳指": {
      "收盘价": 608.059998,
      "1天": -0.021247,
      "1星期": -0.03047,
      "1个月": 0.014046,
      "1年": 0.191128,
      "QTD": -0.008253,
      "YTD": -0.008253
    },
    "道指": {
      "收盘价": 484.880005,
      "1天": -0.017308,
      "1星期": -0.021868,
      "1个月": 0.013155,
      "1年": 0.141509,
      "QTD": 0.002948,
      "YTD": 0.002948
    },
    "黄金": {
      "收盘价": 437.230011,
      "1天": 0.037836,
      "1星期": 0.035526,
      "1个月": 0.095019,
      "1年": 0.744733,
      "QTD": 0.097796,
      "YTD": 0.097796
    },
    "WTI原油": {
      "收盘价": 71.860001,
      "1天": 0.002931,
      "1星期": 0.002931,
      "1个月": 0.057076,
      "1年": -0.133591,
      "QTD": 0.042053,
      "YTD": 0.042053
    },
    "VIX": {
      "收盘价": 20.09,
      "1天": 0.266709,
      "1星期": 0.328704,
      "1个月": 0.140182,
      "1年": 0.210241,
      "QTD": 0.384562,
      "YTD": 0.384562
    },
    "罗素2000": {
      "收盘价": 262.579987,
      "1天": -0.011966,
      "1星期": 0.00413,
      "1个月": 0.062045,
      "1年": 0.182827,
      "QTD": 0.055471,
      "YTD": 0.055471
    },
    "比特币": {
      "收盘价": 89498.835938,
      "1天": -0.033005,
      "1星期": -0.063341,
      "1个月": 0.012085,
      "1年": -0.140837,
      "QTD": 0.008642,
      "YTD": 0.008642
    },
    "通讯服务": {
      "收盘价": 117.550003,
      "1天": -0.016071,
      "1星期": -0.038288,
      "1个月": -0.005247,
      "1年": 0.248391,
      "QTD": -0.027468,
      "YTD": -0.027468
    },
    "非必需品消费": {
      "收盘价": 119.120003,
      "1天": -0.026002,
      "1星期": -0.043366,
      "1个月": -0.009658,
      "1年": 0.063045,
      "QTD": 0.006506,
      "YTD": 0.006506
    },
    "必需品消费": {
      "收盘价": 82.360001,
      "1天": 0.003045,
      "1星期": 0.027189,
      "1个月": 0.04232,
      "1年": 0.101689,
      "QTD": 0.060111,
      "YTD": 0.060111
    },
    "能源": {
      "收盘价": 47.599998,
      "1天": -0.001887,
      "1星期": 0.02719,
      "1个月": 0.072036,
      "1年": 0.055125,
      "QTD": 0.042716,
      "YTD": 0.042716
    },
    "银行": {
      "收盘价": 84.699997,
      "1天": -0.016717,
      "1星期": -0.024194,
      "1个月": 0.008688,
      "1年": 0.255972,
      "QTD": -0.01236,
      "YTD": -0.01236
    },
    "公共事业": {
      "收盘价": 42.959999,
      "1天": -0.00991,
      "1星期": 0.008924,
      "1个月": 0.012204,
      "1年": 0.122498,
      "QTD": -0.005095,
      "YTD": -0.005095
    },
    "REITS": {
      "收盘价": 96.410004,
      "1天": -0.019327,
      "1星期": 0.016019,
      "1个月": 0.027278,
      "1年": 0.051394,
      "QTD": 0.025747,
      "YTD": 0.025747
    },
    "科技": {
      "收盘价": 141.839996,
      "1天": -0.025958,
      "1星期": -0.033722,
      "1个月": 0.01912,
      "1年": 0.238383,
      "QTD": -0.017048,
      "YTD": -0.017048
    },
    "医疗": {
      "收盘价": 155.399994,
      "1天": -0.002183,
      "1星期": -0.012581,
      "1个月": 0.014772,
      "1年": 0.12048,
      "QTD": -0.000707,
      "YTD": -0.000707
    },
    "趋势板块": {
      "收盘价": 252.839996,
      "1天": -0.021441,
      "1星期": -0.023595,
      "1个月": 0.045312,
      "1年": 0.190798,
      "QTD": 0.000435,
      "YTD": 0.000435
    },
    "保险板块": {
      "收盘价": 129.869995,
      "1天": -0.002305,
      "1星期": -0.033993,
      "1个月": -0.051351,
      "1年": 0.02807,
      "QTD": -0.038214,
      "YTD": -0.038214
    },
    "芯片": {
      "收盘价": 337.350006,
      "1天": -0.01495,
      "1星期": 0.02119,
      "1个月": 0.18273,
      "1年": 0.519774,
      "QTD": 0.075425,
      "YTD": 0.075425
    },
    "罗素1000价值": {
      "收盘价": 215.940002,
      "1天": -0.013928,
      "1星期": -0.008176,
      "1个月": 0.034939,
      "1年": 0.156331,
      "QTD": 0.017625,
      "YTD": 0.017625
    },
    "罗素1000成长": {
      "收盘价": 458.660004,
      "1天": -0.02533,
      "1星期": -0.038952,
      "1个月": -0.005852,
      "1年": 0.145354,
      "QTD": -0.027768,
      "YTD": -0.027768
    },
    "前7大科技": {
      "收盘价": 62.939999,
      "1天": -0.0302,
      "1星期": -0.050464,
      "1个月": -0.022141,
      "1年": 0.172892,
      "QTD": -0.036878,
      "YTD": -0.036878
    },
    "标普等权指数": {
      "收盘价": 196.080002,
      "1天": -0.014921,
      "1星期": -0.008595,
      "1个月": 0.026541,
      "1年": 0.113339,
      "QTD": 0.016696,
      "YTD": 0.016696
    },
    "垃圾债券利差": {
      "收盘价": 2.65,
      "1天": 0.0,
      "1星期": -0.09,
      "1个月": -0.34,
      "1年": -0.02
    },
    "PUT/CALL": {
      "收盘价": 1.05,
      "1天": -0.32,
      "1星期": -0.01,
      "1个月": 0.23,
      "1年": 0.19
    }
  }
}