{
  "updateTime": "2026-05-14 22:54:11",
  "assets": {
    "美元": {
      "收盘价": 98.870003,
      "1天": 0.00396,
      "1星期": 0.00631,
      "1个月": 0.00826,
      "1年": -0.021477,
      "QTD": -0.007827,
      "YTD": 0.004572
    },
    "2年美债": {
      "收盘价": 3.588,
      "1天": -0.003333,
      "1星期": -0.002779,
      "1个月": -0.006644,
      "1年": -0.16266,
      "QTD": -0.004716,
      "YTD": 0.015568
    },
    "10年美债": {
      "收盘价": 4.461,
      "1天": -0.004463,
      "1星期": 0.01571,
      "1个月": 0.041803,
      "1年": -0.008446,
      "QTD": 0.032878,
      "YTD": 0.065441
    },
    "TLT": {
      "收盘价": 84.919998,
      "1天": 0.001415,
      "1星期": -0.008523,
      "1个月": -0.018386,
      "1年": 0.033584,
      "QTD": -0.011899,
      "YTD": -0.009685
    },
    "标普500": {
      "收盘价": 748.169983,
      "1天": 0.007894,
      "1星期": 0.022677,
      "1个月": 0.068906,
      "1年": 0.289528,
      "QTD": 0.141826,
      "YTD": 0.098136
    },
    "纳指": {
      "收盘价": 719.789978,
      "1天": 0.007108,
      "1星期": 0.035758,
      "1个月": 0.129259,
      "1年": 0.402808,
      "QTD": 0.231863,
      "YTD": 0.175459
    },
    "道指": {
      "收盘价": 500.799988,
      "1天": 0.007362,
      "1星期": 0.009861,
      "1个月": 0.033612,
      "1年": 0.206558,
      "QTD": 0.076335,
      "YTD": 0.039845
    },
    "黄金": {
      "收盘价": 427.209991,
      "1天": -0.007642,
      "1星期": -0.010355,
      "1个月": -0.030082,
      "1年": 0.426601,
      "QTD": -0.024234,
      "YTD": 0.072637
    },
    "WTI原油": {
      "收盘价": 143.0,
      "1天": 0.006759,
      "1星期": 0.059495,
      "1个月": 0.16649,
      "1年": 1.054893,
      "QTD": 0.152389,
      "YTD": 1.073666
    },
    "VIX": {
      "收盘价": 17.26,
      "1天": -0.034135,
      "1星期": 0.010539,
      "1个月": -0.050083,
      "1年": -0.052689,
      "QTD": -0.296659,
      "YTD": 0.189524
    },
    "罗素2000": {
      "收盘价": 284.450012,
      "1天": 0.006297,
      "1星期": 0.007759,
      "1个月": 0.055904,
      "1年": 0.378111,
      "QTD": 0.139806,
      "YTD": 0.145414
    },
    "比特币": {
      "收盘价": 81447.71875,
      "1天": 0.02738,
      "1星期": 0.009711,
      "1个月": 0.040613,
      "1年": -0.264405,
      "QTD": 0.196378,
      "YTD": -0.082093
    },
    "通讯服务": {
      "收盘价": 124.265999,
      "1天": -0.006349,
      "1星期": -0.006587,
      "1个月": 0.01799,
      "1年": 0.245792,
      "QTD": 0.076455,
      "YTD": 0.028096
    },
    "非必需品消费": {
      "收盘价": 118.669998,
      "1天": -0.000421,
      "1星期": -0.010093,
      "1个月": 0.004146,
      "1年": 0.111185,
      "QTD": 0.080783,
      "YTD": 0.004718
    },
    "必需品消费": {
      "收盘价": 84.980003,
      "1天": 0.003069,
      "1星期": 0.011908,
      "1个月": 0.048359,
      "1年": 0.092445,
      "QTD": 0.043211,
      "YTD": 0.099991
    },
    "能源": {
      "收盘价": 58.07,
      "1天": 0.007635,
      "1星期": 0.037891,
      "1个月": 0.041428,
      "1年": 0.397559,
      "QTD": -0.015262,
      "YTD": 0.280381
    },
    "银行": {
      "收盘价": 84.339996,
      "1天": 0.009335,
      "1星期": -0.017703,
      "1个月": -0.019986,
      "1年": 0.291437,
      "QTD": 0.052408,
      "YTD": -0.010266
    },
    "公共事业": {
      "收盘价": 44.900002,
      "1天": 0.005149,
      "1星期": -0.004876,
      "1个月": -0.024337,
      "1年": 0.159515,
      "QTD": -0.026242,
      "YTD": 0.047103
    },
    "REITS": {
      "收盘价": 101.330002,
      "1天": -0.006666,
      "1星期": -0.011993,
      "1个月": 0.00856,
      "1年": 0.109443,
      "QTD": 0.067981,
      "YTD": 0.081119
    },
    "科技": {
      "收盘价": 179.5,
      "1天": 0.014984,
      "1星期": 0.057811,
      "1个月": 0.194278,
      "1年": 0.552109,
      "QTD": 0.330517,
      "YTD": 0.245483
    },
    "医疗": {
      "收盘价": 146.630005,
      "1天": -0.000545,
      "1星期": 0.013198,
      "1个月": -0.007715,
      "1年": 0.131759,
      "QTD": -0.007446,
      "YTD": -0.053226
    },
    "趋势板块": {
      "收盘价": 307.25,
      "1天": 0.006058,
      "1星期": 0.045388,
      "1个月": 0.138005,
      "1年": 0.36161,
      "QTD": 0.252854,
      "YTD": 0.216814
    },
    "保险板块": {
      "收盘价": 131.199997,
      "1天": 0.008455,
      "1星期": 0.005056,
      "1个月": -0.008464,
      "1年": -0.001322,
      "QTD": 0.028133,
      "YTD": -0.013412
    },
    "芯片": {
      "收盘价": 530.030029,
      "1天": 0.003294,
      "1星期": 0.076509,
      "1个月": 0.318942,
      "1年": 1.4954,
      "QTD": 0.565635,
      "YTD": 0.690703
    },
    "罗素1000价值": {
      "收盘价": 235.169998,
      "1天": 0.002045,
      "1星期": 0.013576,
      "1个月": 0.049772,
      "1年": 0.268798,
      "QTD": 0.094119,
      "YTD": 0.112463
    },
    "罗素1000成长": {
      "收盘价": 125.889999,
      "1天": 0.01271,
      "1星期": 0.025664,
      "1个月": 0.073895,
      "1年": 0.274289,
      "QTD": 0.17077,
      "YTD": 0.068346
    },
    "前7大科技": {
      "收盘价": 70.940002,
      "1天": 0.005813,
      "1星期": 0.029758,
      "1个月": 0.087036,
      "1年": 0.389603,
      "QTD": 0.20893,
      "YTD": 0.085539
    },
    "标普等权指数": {
      "收盘价": 203.660004,
      "1天": 0.003647,
      "1星期": 0.00059,
      "1个月": 0.019677,
      "1年": 0.165339,
      "QTD": 0.057754,
      "YTD": 0.06052
    },
    "PUT/CALL": {
      "收盘价": 1.05,
      "1天": -0.32,
      "1星期": -0.01,
      "1个月": 0.23,
      "1年": 0.19
    }
  }
}