{
  "updateTime": "2026-05-01 22:45:03",
  "assets": {
    "美元": {
      "收盘价": 98.210999,
      "1天": 0.001336,
      "1星期": -0.003035,
      "1个月": -0.014441,
      "1年": -0.020339,
      "QTD": -0.014441,
      "YTD": -0.002124
    },
    "2年美债": {
      "收盘价": 3.575,
      "1天": -0.002789,
      "1星期": -0.00501,
      "1个月": -0.008322,
      "1年": -0.146778,
      "QTD": -0.008322,
      "YTD": 0.011888
    },
    "10年美债": {
      "收盘价": 4.378,
      "1天": -0.002734,
      "1星期": 0.015777,
      "1个月": 0.013661,
      "1年": 0.048121,
      "QTD": 0.013661,
      "YTD": 0.045617
    },
    "TLT": {
      "收盘价": 85.610001,
      "1天": -0.000117,
      "1星期": -0.012686,
      "1个月": -0.007535,
      "1年": 0.000276,
      "QTD": -0.007535,
      "YTD": -0.005312
    },
    "标普500": {
      "收盘价": 720.650024,
      "1天": 0.002769,
      "1星期": 0.009399,
      "1个月": 0.099826,
      "1年": 0.314443,
      "QTD": 0.099826,
      "YTD": 0.057743
    },
    "纳指": {
      "收盘价": 674.150024,
      "1天": 0.0096,
      "1星期": 0.01547,
      "1个月": 0.153754,
      "1年": 0.424723,
      "QTD": 0.153754,
      "YTD": 0.100926
    },
    "道指": {
      "收盘价": 495.019989,
      "1天": -0.003282,
      "1星期": 0.005709,
      "1个月": 0.063913,
      "1年": 0.237157,
      "QTD": 0.063913,
      "YTD": 0.027844
    },
    "黄金": {
      "收盘价": 423.179993,
      "1天": -0.001133,
      "1星期": -0.023243,
      "1个月": -0.033438,
      "1年": 0.393093,
      "QTD": -0.033438,
      "YTD": 0.062519
    },
    "WTI原油": {
      "收盘价": 142.800003,
      "1天": -0.029166,
      "1星期": 0.07855,
      "1个月": 0.150778,
      "1年": 1.246696,
      "QTD": 0.150778,
      "YTD": 1.070766
    },
    "VIX": {
      "收盘价": 16.99,
      "1天": 0.005921,
      "1星期": -0.091929,
      "1个月": -0.307661,
      "1年": -0.312146,
      "QTD": -0.307661,
      "YTD": 0.170917
    },
    "罗素2000": {
      "收盘价": 279.279999,
      "1天": 0.004713,
      "1星期": 0.009507,
      "1个月": 0.11909,
      "1年": 0.448679,
      "QTD": 0.11909,
      "YTD": 0.124595
    },
    "比特币": {
      "收盘价": 78239.84375,
      "1天": 0.025366,
      "1星期": -0.00531,
      "1个月": 0.072086,
      "1年": -0.330563,
      "QTD": 0.149258,
      "YTD": -0.118245
    },
    "通讯服务": {
      "收盘价": 123.599998,
      "1天": 0.000891,
      "1星期": 0.008403,
      "1个月": 0.070686,
      "1年": 0.302312,
      "QTD": 0.070686,
      "YTD": 0.022586
    },
    "非必需品消费": {
      "收盘价": 118.629997,
      "1天": 0.002366,
      "1星期": -0.000506,
      "1个月": 0.080419,
      "1年": 0.212285,
      "QTD": 0.080419,
      "YTD": 0.004379
    },
    "必需品消费": {
      "收盘价": 84.169998,
      "1天": -0.001661,
      "1星期": 0.011294,
      "1个月": 0.033268,
      "1年": 0.057041,
      "QTD": 0.033268,
      "YTD": 0.089507
    },
    "能源": {
      "收盘价": 58.849998,
      "1天": -0.013412,
      "1星期": 0.034816,
      "1个月": -0.002035,
      "1年": 0.509052,
      "QTD": -0.002035,
      "YTD": 0.29758
    },
    "银行": {
      "收盘价": 86.800003,
      "1天": -0.006069,
      "1星期": 0.011891,
      "1个月": 0.083105,
      "1年": 0.467636,
      "QTD": 0.083105,
      "YTD": 0.018602
    },
    "公共事业": {
      "收盘价": 46.549999,
      "1天": -0.006403,
      "1星期": 0.008012,
      "1个月": 0.009542,
      "1年": 0.213552,
      "QTD": 0.009542,
      "YTD": 0.085582
    },
    "REITS": {
      "收盘价": 102.360001,
      "1天": -0.002631,
      "1星期": 0.009368,
      "1个月": 0.078836,
      "1年": 0.118448,
      "QTD": 0.078836,
      "YTD": 0.092109
    },
    "科技": {
      "收盘价": 161.869995,
      "1天": 0.014859,
      "1星期": 0.010298,
      "1个月": 0.199837,
      "1年": 0.550651,
      "QTD": 0.199837,
      "YTD": 0.123155
    },
    "医疗": {
      "收盘价": 145.160004,
      "1天": -0.005685,
      "1星期": 0.006797,
      "1个月": -0.017397,
      "1年": 0.051818,
      "QTD": -0.017397,
      "YTD": -0.062718
    },
    "趋势板块": {
      "收盘价": 285.089996,
      "1天": 0.003909,
      "1星期": 0.014916,
      "1个月": 0.162494,
      "1年": 0.370924,
      "QTD": 0.162494,
      "YTD": 0.129053
    },
    "保险板块": {
      "收盘价": 132.009995,
      "1天": -0.002343,
      "1星期": 0.001289,
      "1个月": 0.03448,
      "1年": 0.023737,
      "QTD": 0.03448,
      "YTD": -0.007321
    },
    "芯片": {
      "收盘价": 465.75,
      "1天": 0.00934,
      "1星期": 0.00899,
      "1个月": 0.375761,
      "1年": 1.54964,
      "QTD": 0.375761,
      "YTD": 0.485661
    },
    "罗素1000价值": {
      "收盘价": 230.860001,
      "1天": -0.001686,
      "1星期": 0.014101,
      "1个月": 0.074067,
      "1年": 0.288937,
      "QTD": 0.074067,
      "YTD": 0.092075
    },
    "罗素1000成长": {
      "收盘价": 120.050003,
      "1天": 0.00654,
      "1星期": 0.002212,
      "1个月": 0.116459,
      "1年": 0.314168,
      "QTD": 0.116459,
      "YTD": 0.018786
    },
    "前7大科技": {
      "收盘价": 66.870003,
      "1天": 0.009511,
      "1星期": 0.004507,
      "1个月": 0.139571,
      "1年": 0.475357,
      "QTD": 0.139571,
      "YTD": 0.023259
    },
    "标普等权指数": {
      "收盘价": 202.820007,
      "1天": -0.003048,
      "1星期": 0.00391,
      "1个月": 0.053392,
      "1年": 0.219266,
      "QTD": 0.053392,
      "YTD": 0.056146
    },
    "PUT/CALL": {
      "收盘价": 1.05,
      "1天": -0.32,
      "1星期": -0.01,
      "1个月": 0.23,
      "1年": 0.19
    }
  }
}