{
  "updateTime": "2026-03-26 22:25:37",
  "assets": {
    "美元": {
      "收盘价": 99.864998,
      "1天": 0.002661,
      "1星期": 0.006399,
      "1个月": 0.02216,
      "1年": -0.044811,
      "QTD": 0.014682,
      "YTD": 0.014682
    },
    "2年美债": {
      "收盘价": 3.62,
      "1天": 0.0,
      "1星期": 0.002215,
      "1个月": 0.008919,
      "1年": -0.134385,
      "QTD": 0.024625,
      "YTD": 0.024625
    },
    "10年美债": {
      "收盘价": 4.416,
      "1天": 0.020333,
      "1星期": 0.031535,
      "1个月": 0.090909,
      "1年": 0.025308,
      "QTD": 0.054693,
      "YTD": 0.054693
    },
    "TLT": {
      "收盘价": 86.110001,
      "1天": -0.008406,
      "1星期": -0.015773,
      "1个月": -0.03908,
      "1年": 0.002466,
      "QTD": -0.003484,
      "YTD": -0.003484
    },
    "标普500": {
      "收盘价": 645.090027,
      "1天": -0.017859,
      "1星期": -0.019624,
      "1个月": -0.066794,
      "1年": 0.133849,
      "QTD": -0.053161,
      "YTD": -0.053161
    },
    "纳指": {
      "收盘价": 573.789978,
      "1天": -0.023868,
      "1星期": -0.032427,
      "1个月": -0.06955,
      "1年": 0.166946,
      "QTD": -0.064147,
      "YTD": -0.064147
    },
    "道指": {
      "收盘价": 459.309998,
      "1天": -0.010406,
      "1星期": -0.001643,
      "1个月": -0.069758,
      "1年": 0.095476,
      "QTD": -0.046708,
      "YTD": -0.046708
    },
    "黄金": {
      "收盘价": 400.640015,
      "1天": -0.037594,
      "1星期": -0.060435,
      "1个月": -0.153732,
      "1年": 0.438719,
      "QTD": 0.005926,
      "YTD": 0.005926
    },
    "WTI原油": {
      "收盘价": 117.260002,
      "1天": 0.03413,
      "1星期": -0.000852,
      "1个月": 0.470714,
      "1年": 0.567228,
      "QTD": 0.700406,
      "YTD": 0.700406
    },
    "VIX": {
      "收盘价": 27.440001,
      "1天": 0.0833,
      "1星期": 0.140482,
      "1个月": 0.530396,
      "1年": 0.6,
      "QTD": 0.89111,
      "YTD": 0.89111
    },
    "罗素2000": {
      "收盘价": 247.440002,
      "1天": -0.017393,
      "1星期": -0.000767,
      "1个月": -0.063118,
      "1年": 0.204172,
      "QTD": -0.003617,
      "YTD": -0.003617
    },
    "比特币": {
      "收盘价": 68881.796875,
      "1天": -0.03405,
      "1星期": 0.002478,
      "1个月": -0.027658,
      "1年": -0.422568,
      "QTD": -0.223709,
      "YTD": -0.223709
    },
    "通讯服务": {
      "收盘价": 112.556999,
      "1天": -0.026745,
      "1星期": -0.039698,
      "1个月": -0.072001,
      "1年": 0.143869,
      "QTD": -0.068776,
      "YTD": -0.068776
    },
    "非必需品消费": {
      "收盘价": 108.830002,
      "1天": -0.017159,
      "1星期": -0.007931,
      "1个月": -0.070544,
      "1年": 0.063231,
      "QTD": -0.080439,
      "YTD": -0.080439
    },
    "必需品消费": {
      "收盘价": 81.139999,
      "1天": -0.004539,
      "1星期": -0.010126,
      "1个月": -0.088417,
      "1年": 0.053853,
      "QTD": 0.044407,
      "YTD": 0.044407
    },
    "能源": {
      "收盘价": 61.52,
      "1天": 0.015684,
      "1星期": 0.036388,
      "1个月": 0.121196,
      "1年": 0.353275,
      "QTD": 0.347645,
      "YTD": 0.347645
    },
    "银行": {
      "收盘价": 78.07,
      "1天": -0.011772,
      "1星期": 0.016934,
      "1个月": -0.082716,
      "1年": 0.222578,
      "QTD": -0.089669,
      "YTD": -0.089669
    },
    "公共事业": {
      "收盘价": 45.330002,
      "1天": 0.001768,
      "1星期": -0.025999,
      "1个月": -0.042863,
      "1年": 0.203751,
      "QTD": 0.049792,
      "YTD": 0.049792
    },
    "REITS": {
      "收盘价": 93.339996,
      "1天": -0.001604,
      "1星期": -0.032445,
      "1个月": -0.067431,
      "1年": 0.009439,
      "QTD": -0.004128,
      "YTD": -0.004128
    },
    "科技": {
      "收盘价": 132.5,
      "1天": -0.031149,
      "1星期": -0.042837,
      "1个月": -0.073491,
      "1年": 0.219068,
      "QTD": -0.081774,
      "YTD": -0.081774
    },
    "医疗": {
      "收盘价": 145.740005,
      "1天": -0.003419,
      "1星期": -0.005934,
      "1个月": -0.076601,
      "1年": 0.016947,
      "QTD": -0.062825,
      "YTD": -0.062825
    },
    "趋势板块": {
      "收盘价": 238.210007,
      "1天": -0.036289,
      "1星期": -0.03504,
      "1个月": -0.070038,
      "1年": 0.137783,
      "QTD": -0.056608,
      "YTD": -0.056608
    },
    "保险板块": {
      "收盘价": 128.089996,
      "1天": 0.003604,
      "1星期": 0.009935,
      "1个月": -0.037653,
      "1年": -0.03224,
      "QTD": -0.036798,
      "YTD": -0.036798
    },
    "芯片": {
      "收盘价": 328.850006,
      "1天": -0.047502,
      "1星期": -0.033363,
      "1个月": -0.105835,
      "1年": 0.6208,
      "QTD": 0.048974,
      "YTD": 0.048974
    },
    "罗素1000价值": {
      "收盘价": 212.509995,
      "1天": -0.010983,
      "1星期": -0.006731,
      "1个月": -0.052086,
      "1年": 0.142182,
      "QTD": 0.005271,
      "YTD": 0.005271
    },
    "罗素1000成长": {
      "收盘价": 422.350006,
      "1天": -0.02279,
      "1星期": -0.030017,
      "1个月": -0.078033,
      "1年": 0.114905,
      "QTD": -0.103948,
      "YTD": -0.103948
    },
    "前7大科技": {
      "收盘价": 57.029999,
      "1天": -0.03257,
      "1星期": -0.042317,
      "1个月": -0.098625,
      "1年": 0.16998,
      "QTD": -0.127314,
      "YTD": -0.127314
    },
    "标普等权指数": {
      "收盘价": 191.080002,
      "1天": -0.009178,
      "1星期": -0.011587,
      "1个月": -0.061401,
      "1年": 0.103789,
      "QTD": -0.009229,
      "YTD": -0.009229
    },
    "PUT/CALL": {
      "收盘价": 1.05,
      "1天": -0.32,
      "1星期": -0.01,
      "1个月": 0.23,
      "1年": 0.19
    }
  }
}