{
  "updateTime": "2026-05-13 23:03:18",
  "assets": {
    "美元": {
      "收盘价": 98.453003,
      "1天": 0.001658,
      "1星期": 0.004418,
      "1个月": 0.003394,
      "1年": -0.025218,
      "QTD": -0.012012,
      "YTD": 0.000335
    },
    "2年美债": {
      "收盘价": 3.6,
      "1天": -0.000833,
      "1星期": 0.0,
      "1个月": -0.003322,
      "1年": -0.158879,
      "QTD": -0.001387,
      "YTD": 0.018964
    },
    "10年美债": {
      "收盘价": 4.481,
      "1天": 0.004033,
      "1星期": 0.028696,
      "1个月": 0.052867,
      "1年": 0.005385,
      "QTD": 0.037509,
      "YTD": 0.070217
    },
    "TLT": {
      "收盘价": 84.800003,
      "1天": -0.002235,
      "1星期": -0.01487,
      "1个月": -0.024044,
      "1年": 0.027935,
      "QTD": -0.013295,
      "YTD": -0.011085
    },
    "标普500": {
      "收盘价": 742.309998,
      "1天": 0.005595,
      "1星期": 0.011556,
      "1个月": 0.068902,
      "1年": 0.287877,
      "QTD": 0.132883,
      "YTD": 0.089534
    },
    "纳指": {
      "收盘价": 714.710022,
      "1天": 0.010562,
      "1星期": 0.027222,
      "1个月": 0.136987,
      "1年": 0.414137,
      "QTD": 0.223169,
      "YTD": 0.167163
    },
    "道指": {
      "收盘价": 497.140015,
      "1天": -0.001506,
      "1星期": -0.003827,
      "1个月": 0.024431,
      "1年": 0.19006,
      "QTD": 0.068469,
      "YTD": 0.032246
    },
    "黄金": {
      "收盘价": 430.5,
      "1天": -0.005613,
      "1星期": -0.001067,
      "1个月": -0.03278,
      "1年": 0.44371,
      "QTD": -0.016719,
      "YTD": 0.080898
    },
    "WTI原油": {
      "收盘价": 142.039993,
      "1天": -0.015662,
      "1星期": 0.060396,
      "1个月": 0.146871,
      "1年": 1.101183,
      "QTD": 0.144653,
      "YTD": 1.059745
    },
    "VIX": {
      "收盘价": 17.870001,
      "1天": -0.00667,
      "1星期": 0.027602,
      "1个月": -0.026688,
      "1年": -0.028276,
      "QTD": -0.271801,
      "YTD": 0.231564
    },
    "罗素2000": {
      "收盘价": 282.670013,
      "1天": 0.000354,
      "1星期": -0.0144,
      "1个月": 0.051913,
      "1年": 0.374495,
      "QTD": 0.132674,
      "YTD": 0.138246
    },
    "比特币": {
      "收盘价": 79406.53125,
      "1天": -0.013308,
      "1星期": -0.00973,
      "1个月": 0.015389,
      "1年": -0.289257,
      "QTD": 0.166396,
      "YTD": -0.105097
    },
    "通讯服务": {
      "收盘价": 125.064003,
      "1天": 0.015872,
      "1星期": -0.002122,
      "1个月": 0.032478,
      "1年": 0.263499,
      "QTD": 0.083368,
      "YTD": 0.034698
    },
    "非必需品消费": {
      "收盘价": 118.720001,
      "1天": 0.003635,
      "1星期": -0.009594,
      "1个月": 0.019581,
      "1年": 0.126355,
      "QTD": 0.081239,
      "YTD": 0.005141
    },
    "必需品消费": {
      "收盘价": 84.720001,
      "1天": 0.003316,
      "1星期": 0.005698,
      "1个月": 0.039892,
      "1年": 0.074452,
      "QTD": 0.04002,
      "YTD": 0.096626
    },
    "能源": {
      "收盘价": 57.630001,
      "1天": 0.001042,
      "1星期": 0.011053,
      "1个月": 0.030027,
      "1年": 0.406483,
      "QTD": -0.022723,
      "YTD": 0.27068
    },
    "银行": {
      "收盘价": 83.559998,
      "1天": -0.01311,
      "1星期": -0.042841,
      "1个月": -0.024857,
      "1年": 0.295187,
      "QTD": 0.042675,
      "YTD": -0.019419
    },
    "公共事业": {
      "收盘价": 44.669998,
      "1天": -0.011507,
      "1星期": -0.022752,
      "1个月": -0.038735,
      "1年": 0.151984,
      "QTD": -0.03123,
      "YTD": 0.041739
    },
    "REITS": {
      "收盘价": 102.010002,
      "1天": -0.008167,
      "1星期": -0.012297,
      "1个月": 0.015834,
      "1年": 0.103202,
      "QTD": 0.075148,
      "YTD": 0.088375
    },
    "科技": {
      "收盘价": 176.850006,
      "1天": 0.009418,
      "1星期": 0.040111,
      "1个月": 0.195417,
      "1年": 0.562237,
      "QTD": 0.310874,
      "YTD": 0.227096
    },
    "医疗": {
      "收盘价": 146.710007,
      "1天": 0.005896,
      "1星期": 0.00901,
      "1个月": -0.014244,
      "1年": 0.098312,
      "QTD": -0.006904,
      "YTD": -0.05271
    },
    "趋势板块": {
      "收盘价": 305.399994,
      "1天": 0.007123,
      "1星期": 0.02079,
      "1个月": 0.12973,
      "1年": 0.378994,
      "QTD": 0.245311,
      "YTD": 0.209487
    },
    "保险板块": {
      "收盘价": 130.100006,
      "1天": -0.009969,
      "1星期": -0.008535,
      "1个月": -0.007325,
      "1年": -0.012768,
      "QTD": 0.019513,
      "YTD": -0.021683
    },
    "芯片": {
      "收盘价": 528.289978,
      "1天": 0.023838,
      "1星期": 0.042259,
      "1个月": 0.316643,
      "1年": 1.557682,
      "QTD": 0.560495,
      "YTD": 0.685152
    },
    "罗素1000价值": {
      "收盘价": 234.690002,
      "1天": 0.002049,
      "1星期": 0.000896,
      "1个月": 0.044227,
      "1年": 0.263996,
      "QTD": 0.091886,
      "YTD": 0.110193
    },
    "罗素1000成长": {
      "收盘价": 124.309998,
      "1天": 0.007783,
      "1星期": 0.015273,
      "1个月": 0.079619,
      "1年": 0.277393,
      "QTD": 0.156076,
      "YTD": 0.054938
    },
    "前7大科技": {
      "收盘价": 70.529999,
      "1天": 0.020399,
      "1星期": 0.030237,
      "1个月": 0.108788,
      "1年": 0.412382,
      "QTD": 0.201943,
      "YTD": 0.079266
    },
    "标普等权指数": {
      "收盘价": 202.919998,
      "1天": -0.004367,
      "1星期": -0.009422,
      "1个月": 0.016328,
      "1年": 0.163724,
      "QTD": 0.053911,
      "YTD": 0.056667
    },
    "PUT/CALL": {
      "收盘价": 1.05,
      "1天": -0.32,
      "1星期": -0.01,
      "1个月": 0.23,
      "1年": 0.19
    }
  }
}