{
  "updateTime": "2026-04-01 22:34:07",
  "assets": {
    "美元": {
      "收盘价": 99.552002,
      "1天": -0.004082,
      "1星期": -0.000482,
      "1个月": 0.005068,
      "1年": -0.045156,
      "YTD": 0.011502
    },
    "2年美债": {
      "收盘价": 3.605,
      "1天": 0.001389,
      "1星期": -0.004144,
      "1个月": 0.002782,
      "1年": -0.140234,
      "YTD": 0.020379
    },
    "10年美债": {
      "收盘价": 4.319,
      "1天": 0.001856,
      "1星期": -0.00208,
      "1个月": 0.064842,
      "1年": 0.017193,
      "YTD": 0.031526
    },
    "TLT": {
      "收盘价": 86.260002,
      "1天": -0.00496,
      "1星期": -0.006679,
      "1个月": -0.035447,
      "1年": -0.009798,
      "YTD": -0.001748
    },
    "标普500": {
      "收盘价": 655.23999,
      "1天": 0.007534,
      "1星期": -0.002406,
      "1个月": -0.034249,
      "1年": 0.184775,
      "YTD": -0.038264
    },
    "纳指": {
      "收盘价": 584.309998,
      "1天": 0.012353,
      "1星期": -0.005971,
      "1个月": -0.027483,
      "1年": 0.252108,
      "YTD": -0.045788
    },
    "道指": {
      "收盘价": 465.480011,
      "1天": 0.004944,
      "1星期": 0.002887,
      "1个月": -0.039204,
      "1年": 0.125898,
      "YTD": -0.033902
    },
    "黄金": {
      "收盘价": 437.820007,
      "1天": 0.0175,
      "1星期": 0.051719,
      "1个月": -0.064767,
      "1年": 0.51947,
      "YTD": 0.099277
    },
    "WTI原油": {
      "收盘价": 124.089996,
      "1天": -0.024833,
      "1星期": 0.094365,
      "1个月": 0.375721,
      "1年": 0.604681,
      "YTD": 0.799449
    },
    "VIX": {
      "收盘价": 24.540001,
      "1天": -0.028119,
      "1星期": -0.031188,
      "1个月": 0.041154,
      "1年": 0.101436,
      "YTD": 0.691247
    },
    "罗素2000": {
      "收盘价": 249.559998,
      "1天": 0.00629,
      "1星期": -0.008975,
      "1个月": -0.035627,
      "1年": 0.264471,
      "YTD": 0.00492
    },
    "比特币": {
      "收盘价": 68177.21875,
      "1天": -0.000822,
      "1星期": 0.027719,
      "1个月": -0.028882,
      "1年": -0.4259,
      "YTD": -0.23165
    },
    "通讯服务": {
      "收盘价": 115.440002,
      "1天": 0.00505,
      "1星期": -0.001816,
      "1个月": -0.0435,
      "1年": 0.226614,
      "YTD": -0.044924
    },
    "非必需品消费": {
      "收盘价": 109.800003,
      "1天": 0.007524,
      "1星期": -0.008399,
      "1个月": -0.037945,
      "1年": 0.120914,
      "YTD": -0.07038
    },
    "必需品消费": {
      "收盘价": 81.459999,
      "1天": -0.006343,
      "1星期": -0.000613,
      "1个月": -0.066349,
      "1年": 0.025012,
      "YTD": 0.054428
    },
    "能源": {
      "收盘价": 58.970001,
      "1天": -0.037382,
      "1星期": -0.026416,
      "1个月": 0.050164,
      "1年": 0.302583,
      "YTD": 0.300226
    },
    "银行": {
      "收盘价": 80.139999,
      "1天": 0.012892,
      "1星期": 0.01443,
      "1个月": -0.01571,
      "1年": 0.306888,
      "YTD": -0.059553
    },
    "公共事业": {
      "收盘价": 46.110001,
      "1天": 0.004794,
      "1星期": 0.019006,
      "1个月": -0.013546,
      "1年": 0.202844,
      "YTD": 0.075321
    },
    "REITS": {
      "收盘价": 94.879997,
      "1天": 0.003384,
      "1星期": 0.014868,
      "1个月": -0.057584,
      "1年": 0.014413,
      "YTD": 0.012303
    },
    "科技": {
      "收盘价": 134.910004,
      "1天": 0.015124,
      "1星期": -0.013527,
      "1个月": -0.017616,
      "1年": 0.314229,
      "YTD": -0.06391
    },
    "医疗": {
      "收盘价": 147.729996,
      "1天": 0.007639,
      "1星期": 0.010189,
      "1个月": -0.053609,
      "1年": 0.029824,
      "YTD": -0.046124
    },
    "趋势板块": {
      "收盘价": 245.240005,
      "1天": 0.021876,
      "1星期": -0.007848,
      "1个月": -0.006276,
      "1年": 0.223053,
      "YTD": -0.028767
    },
    "保险板块": {
      "收盘价": 127.610001,
      "1天": -0.0053,
      "1星期": -0.000157,
      "1个月": -0.050463,
      "1年": -0.049019,
      "YTD": -0.040408
    },
    "芯片": {
      "收盘价": 338.540009,
      "1天": 0.030061,
      "1星期": -0.019435,
      "1个月": 0.011854,
      "1年": 0.810613,
      "YTD": 0.079883
    },
    "罗素1000价值": {
      "收盘价": 214.940002,
      "1天": 0.005944,
      "1星期": 0.000326,
      "1个月": -0.029299,
      "1年": 0.162487,
      "YTD": 0.016766
    },
    "罗素1000成长": {
      "收盘价": 430.109985,
      "1天": 0.008701,
      "1星期": -0.004836,
      "1个月": -0.040502,
      "1年": 0.195667,
      "YTD": -0.087484
    },
    "前7大科技": {
      "收盘价": 58.68,
      "1天": 0.012772,
      "1星期": -0.00458,
      "1个月": -0.042584,
      "1年": 0.29833,
      "YTD": -0.102066
    },
    "标普等权指数": {
      "收盘价": 192.539993,
      "1天": 0.00323,
      "1星期": -0.001608,
      "1个月": -0.04313,
      "1年": 0.130139,
      "YTD": 0.002615
    },
    "PUT/CALL": {
      "收盘价": 1.05,
      "1天": -0.32,
      "1星期": -0.01,
      "1个月": 0.23,
      "1年": 0.19
    }
  }
}