{
  "updateTime": "2026-02-24 22:29:12",
  "assets": {
    "美元": {
      "收盘价": 97.876999,
      "1天": 0.001812,
      "1星期": 0.00738,
      "1个月": 0.002838,
      "1年": -0.081829,
      "QTD": -0.005517,
      "YTD": -0.005517
    },
    "2年美债": {
      "收盘价": 3.588,
      "1天": 0.0,
      "1星期": -0.001392,
      "1个月": 0.001675,
      "1年": -0.145104,
      "QTD": 0.015568,
      "YTD": 0.015568
    },
    "10年美债": {
      "收盘价": 4.033,
      "1天": 0.000993,
      "1星期": -0.004689,
      "1个月": -0.048596,
      "1年": -0.087557,
      "QTD": -0.03678,
      "YTD": -0.03678
    },
    "TLT": {
      "收盘价": 89.900002,
      "1天": 0.001783,
      "1星期": 0.000334,
      "1个月": 0.026315,
      "1年": 0.048154,
      "QTD": 0.036928,
      "YTD": 0.036928
    },
    "标普500": {
      "收盘价": 687.349976,
      "1天": 0.007269,
      "1星期": 0.00659,
      "1个月": -0.002728,
      "1年": 0.159152,
      "QTD": 0.006119,
      "YTD": 0.006119
    },
    "纳指": {
      "收盘价": 607.869995,
      "1天": 0.010741,
      "1星期": 0.010926,
      "1个月": -0.023847,
      "1年": 0.161331,
      "QTD": -0.008563,
      "YTD": -0.008563
    },
    "道指": {
      "收盘价": 491.790009,
      "1天": 0.007746,
      "1星期": -0.006957,
      "1个月": 0.002995,
      "1年": 0.15015,
      "QTD": 0.018503,
      "YTD": 0.018503
    },
    "黄金": {
      "收盘价": 474.609985,
      "1天": -0.013859,
      "1星期": 0.058925,
      "1个月": 0.036266,
      "1年": 0.75301,
      "QTD": 0.191649,
      "YTD": 0.191649
    },
    "WTI原油": {
      "收盘价": 80.760002,
      "1天": -0.001731,
      "1星期": 0.06642,
      "1个月": 0.092089,
      "1年": 0.071798,
      "QTD": 0.171114,
      "YTD": 0.171114
    },
    "VIX": {
      "收盘价": 19.549999,
      "1天": -0.069491,
      "1星期": -0.036471,
      "1个月": 0.21504,
      "1年": 0.073586,
      "QTD": 0.347347,
      "YTD": 0.347347
    },
    "罗素2000": {
      "收盘价": 263.329987,
      "1天": 0.010903,
      "1星期": 0.001102,
      "1个月": -0.005589,
      "1年": 0.222642,
      "QTD": 0.058485,
      "YTD": 0.058485
    },
    "比特币": {
      "收盘价": 64183.125,
      "1天": -0.006711,
      "1星期": -0.041435,
      "1个月": -0.151393,
      "1年": -0.386401,
      "QTD": -0.276663,
      "YTD": -0.276663
    },
    "通讯服务": {
      "收盘价": 120.669998,
      "1天": 0.00366,
      "1星期": 0.005164,
      "1个月": -0.008545,
      "1年": 0.187567,
      "QTD": -0.001655,
      "YTD": -0.001655
    },
    "非必需品消费": {
      "收盘价": 116.739998,
      "1天": 0.015219,
      "1星期": 0.006032,
      "1个月": -0.051896,
      "1年": 0.078346,
      "QTD": -0.013604,
      "YTD": -0.013604
    },
    "必需品消费": {
      "收盘价": 89.739998,
      "1天": 0.008655,
      "1星期": 0.01746,
      "1个月": 0.082378,
      "1年": 0.121821,
      "QTD": 0.155104,
      "YTD": 0.155104
    },
    "能源": {
      "收盘价": 55.099998,
      "1天": -0.000907,
      "1星期": 0.025116,
      "1个月": 0.120146,
      "1年": 0.252402,
      "QTD": 0.20701,
      "YTD": 0.20701
    },
    "银行": {
      "收盘价": 83.099998,
      "1天": -0.001802,
      "1星期": -0.035851,
      "1个月": -0.01552,
      "1年": 0.234034,
      "QTD": -0.031017,
      "YTD": -0.031017
    },
    "公共事业": {
      "收盘价": 47.200001,
      "1天": 0.01114,
      "1星期": 0.01768,
      "1个月": 0.109023,
      "1年": 0.209624,
      "QTD": 0.093099,
      "YTD": 0.093099
    },
    "REITS": {
      "收盘价": 100.760002,
      "1天": 0.002487,
      "1星期": -0.004446,
      "1个月": 0.049146,
      "1年": 0.072467,
      "QTD": 0.072029,
      "YTD": 0.072029
    },
    "科技": {
      "收盘价": 140.320007,
      "1天": 0.012995,
      "1星期": 0.006022,
      "1个月": -0.032876,
      "1年": 0.202317,
      "QTD": -0.027581,
      "YTD": -0.027581
    },
    "医疗": {
      "收盘价": 157.869995,
      "1天": -0.004226,
      "1星期": 0.003177,
      "1个月": 0.002477,
      "1年": 0.097089,
      "QTD": 0.015176,
      "YTD": 0.015176
    },
    "趋势板块": {
      "收盘价": 252.139999,
      "1天": 0.00957,
      "1星期": 0.001947,
      "1个月": -0.013112,
      "1年": 0.157695,
      "QTD": -0.002334,
      "YTD": -0.002334
    },
    "保险板块": {
      "收盘价": 135.020004,
      "1天": 0.006485,
      "1星期": -0.011277,
      "1个月": 0.039175,
      "1年": 0.073014,
      "QTD": -7.4e-05,
      "YTD": -7.4e-05
    },
    "芯片": {
      "收盘价": 362.040009,
      "1天": 0.014629,
      "1星期": 0.022423,
      "1个月": 0.050274,
      "1年": 0.627799,
      "QTD": 0.154133,
      "YTD": 0.154133
    },
    "罗素1000价值": {
      "收盘价": 224.389999,
      "1天": 0.005963,
      "1星期": 0.005332,
      "1个月": 0.027051,
      "1年": 0.185924,
      "QTD": 0.057446,
      "YTD": 0.057446
    },
    "罗素1000成长": {
      "收盘价": 452.660004,
      "1天": 0.010424,
      "1星期": 0.007366,
      "1个月": -0.033315,
      "1年": 0.122469,
      "QTD": -0.040487,
      "YTD": -0.040487
    },
    "前7大科技": {
      "收盘价": 62.310001,
      "1天": 0.011526,
      "1星期": 0.016974,
      "1个月": -0.050442,
      "1年": 0.179346,
      "QTD": -0.046519,
      "YTD": -0.046519
    },
    "标普等权指数": {
      "收盘价": 203.460007,
      "1天": 0.007976,
      "1星期": 0.004642,
      "1个月": 0.023595,
      "1年": 0.151067,
      "QTD": 0.054962,
      "YTD": 0.054962
    },
    "垃圾债券利差": {
      "收盘价": 2.95,
      "1天": 0.09,
      "1星期": 0.01,
      "1个月": 0.26,
      "1年": -0.02
    },
    "PUT/CALL": {
      "收盘价": 1.05,
      "1天": -0.32,
      "1星期": -0.01,
      "1个月": 0.23,
      "1年": 0.19
    }
  }
}