{
  "updateTime": "2026-01-14 22:19:12",
  "assets": {
    "美元": {
      "收盘价": 99.061996,
      "1天": -0.000686,
      "1星期": 0.003871,
      "1个月": 0.006728,
      "1年": -0.09342,
      "QTD": 0.006523,
      "YTD": 0.006523
    },
    "2年美债": {
      "收盘价": 3.56,
      "1天": 0.0,
      "1星期": 0.012802,
      "1个月": 0.009929,
      "1年": -0.155998,
      "QTD": 0.007642,
      "YTD": 0.007642
    },
    "10年美债": {
      "收盘价": 4.14,
      "1天": -0.007432,
      "1星期": 0.000483,
      "1个月": -0.012875,
      "1年": -0.138039,
      "QTD": -0.011225,
      "YTD": -0.011225
    },
    "TLT": {
      "收盘价": 88.330002,
      "1天": 0.005807,
      "1星期": 0.006151,
      "1个月": 0.015271,
      "1年": 0.079962,
      "QTD": 0.014937,
      "YTD": 0.014937
    },
    "标普500": {
      "收盘价": 690.359985,
      "1天": -0.004915,
      "1星期": 0.001131,
      "1个月": 0.015607,
      "1年": 0.201374,
      "QTD": 0.010524,
      "YTD": 0.010524
    },
    "纳指": {
      "收盘价": 619.549988,
      "1天": -0.010683,
      "1星期": -0.007163,
      "1个月": 0.010965,
      "1年": 0.231688,
      "QTD": 0.010487,
      "YTD": 0.010487
    },
    "道指": {
      "收盘价": 491.579987,
      "1天": -0.000732,
      "1星期": 0.003306,
      "1个月": 0.014937,
      "1年": 0.180386,
      "QTD": 0.016438,
      "YTD": 0.016438
    },
    "黄金": {
      "收盘价": 425.940002,
      "1天": 0.010222,
      "1星期": 0.040833,
      "1个月": 0.077129,
      "1年": 0.733295,
      "QTD": 0.069449,
      "YTD": 0.069449
    },
    "WTI原油": {
      "收盘价": 72.610001,
      "1天": -0.01184,
      "1星期": 0.071102,
      "1个月": 0.055225,
      "1年": -0.116989,
      "QTD": 0.052929,
      "YTD": 0.052929
    },
    "VIX": {
      "收盘价": 16.75,
      "1天": 0.048185,
      "1星期": 0.089077,
      "1个月": 0.064168,
      "1年": -0.12715,
      "QTD": 0.154376,
      "YTD": 0.154376
    },
    "罗素2000": {
      "收盘价": 263.190002,
      "1天": 0.00704,
      "1星期": 0.030179,
      "1个月": 0.04027,
      "1年": 0.225085,
      "QTD": 0.057923,
      "YTD": 0.057923
    },
    "比特币": {
      "收盘价": 97359.234375,
      "1天": 0.021374,
      "1星期": 0.075637,
      "1个月": 0.111255,
      "1年": 0.003369,
      "QTD": 0.097228,
      "YTD": 0.097228
    },
    "通讯服务": {
      "收盘价": 120.709999,
      "1天": -0.002809,
      "1星期": -0.002644,
      "1个月": 0.009803,
      "1年": 0.296644,
      "QTD": -0.001324,
      "YTD": -0.001324
    },
    "非必需品消费": {
      "收盘价": 122.25,
      "1天": -0.01578,
      "1星期": 0.011166,
      "1个月": 0.014849,
      "1年": 0.11053,
      "QTD": 0.032953,
      "YTD": 0.032953
    },
    "必需品消费": {
      "收盘价": 82.230003,
      "1天": 0.013808,
      "1星期": 0.073218,
      "1个月": 0.043688,
      "1年": 0.104696,
      "QTD": 0.058437,
      "YTD": 0.058437
    },
    "能源": {
      "收盘价": 48.060001,
      "1天": 0.022553,
      "1星期": 0.064924,
      "1个月": 0.065034,
      "1年": 0.100616,
      "QTD": 0.052793,
      "YTD": 0.052793
    },
    "银行": {
      "收盘价": 85.120003,
      "1天": -0.006304,
      "1星期": -0.024524,
      "1个月": 0.007602,
      "1年": 0.332655,
      "QTD": -0.007463,
      "YTD": -0.007463
    },
    "公共事业": {
      "收盘价": 43.169998,
      "1天": 0.007468,
      "1星期": 0.031048,
      "1个月": 0.01549,
      "1年": 0.188839,
      "QTD": -0.000232,
      "YTD": -0.000232
    },
    "REITS": {
      "收盘价": 96.349998,
      "1天": 0.009641,
      "1星期": 0.027405,
      "1个月": 0.026082,
      "1年": 0.089587,
      "QTD": 0.025109,
      "YTD": 0.025109
    },
    "科技": {
      "收盘价": 144.699997,
      "1天": -0.012152,
      "1星期": -0.012489,
      "1个月": 0.008556,
      "1年": 0.281928,
      "QTD": 0.002772,
      "YTD": 0.002772
    },
    "医疗": {
      "收盘价": 157.860001,
      "1天": 0.007146,
      "1星期": -0.011274,
      "1个月": 0.029029,
      "1年": 0.135562,
      "QTD": 0.015112,
      "YTD": 0.015112
    },
    "趋势板块": {
      "收盘价": 255.729996,
      "1天": -0.012282,
      "1星期": -0.002885,
      "1个月": 0.027912,
      "1年": 0.24843,
      "QTD": 0.01187,
      "YTD": 0.01187
    },
    "保险板块": {
      "收盘价": 131.779999,
      "1天": 0.007646,
      "1星期": -0.018837,
      "1个月": -0.034298,
      "1年": 0.090905,
      "QTD": -0.024069,
      "YTD": -0.024069
    },
    "芯片": {
      "收盘价": 331.899994,
      "1天": -0.0042,
      "1星期": 0.021576,
      "1个月": 0.109878,
      "1年": 0.536531,
      "QTD": 0.058051,
      "YTD": 0.058051
    },
    "罗素1000价值": {
      "收盘价": 218.320007,
      "1天": 0.003724,
      "1星期": 0.018521,
      "1个月": 0.035809,
      "1年": 0.200067,
      "QTD": 0.028841,
      "YTD": 0.028841
    },
    "罗素1000成长": {
      "收盘价": 470.140015,
      "1天": -0.011916,
      "1星期": -0.014278,
      "1个月": -0.00158,
      "1年": 0.189944,
      "QTD": -0.003434,
      "YTD": -0.003434
    },
    "前7大科技": {
      "收盘价": 64.980003,
      "1天": -0.015305,
      "1星期": -0.013961,
      "1个月": -0.003266,
      "1年": 0.218516,
      "QTD": -0.005662,
      "YTD": -0.005662
    },
    "标普等权指数": {
      "收盘价": 198.679993,
      "1天": 0.00455,
      "1星期": 0.01997,
      "1个月": 0.031333,
      "1年": 0.157165,
      "QTD": 0.030177,
      "YTD": 0.030177
    },
    "垃圾债券利差": {
      "收盘价": 2.74,
      "1天": 0.0,
      "1星期": -0.07,
      "1个月": -0.17,
      "1年": 0.13
    },
    "PUT/CALL": {
      "收盘价": 1.05,
      "1天": -0.32,
      "1星期": -0.01,
      "1个月": 0.23,
      "1年": 0.19
    }
  }
}