{
  "updateTime": "2026-03-17 22:29:46",
  "assets": {
    "2年美债": {
      "收盘价": 3.605,
      "1天": 0.0,
      "1星期": 0.002782,
      "1个月": 0.00334,
      "1年": -0.139207,
      "QTD": 0.020379,
      "YTD": 0.020379
    },
    "10年美债": {
      "收盘价": 4.202,
      "1天": -0.004265,
      "1星期": 0.015957,
      "1个月": 0.035996,
      "1年": -0.024605,
      "QTD": 0.003583,
      "YTD": 0.003583
    },
    "TLT": {
      "收盘价": 87.449997,
      "1天": 0.002752,
      "1星期": -0.009402,
      "1个月": -0.02206,
      "1年": 0.013437,
      "QTD": 0.012023,
      "YTD": 0.012023
    },
    "标普500": {
      "收盘价": 670.789978,
      "1天": 0.002631,
      "1星期": -0.009436,
      "1个月": -0.016076,
      "1年": 0.205855,
      "QTD": -0.018121,
      "YTD": -0.018121
    },
    "纳指": {
      "收盘价": 603.309998,
      "1天": 0.00488,
      "1星期": -0.007338,
      "1个月": 0.002309,
      "1年": 0.264166,
      "QTD": -0.016,
      "YTD": -0.016
    },
    "道指": {
      "收盘价": 470.899994,
      "1天": 0.001276,
      "1星期": -0.014235,
      "1个月": -0.048044,
      "1年": 0.151115,
      "QTD": -0.02476,
      "YTD": -0.02476
    },
    "黄金": {
      "收盘价": 459.269989,
      "1天": -0.002519,
      "1星期": -0.038903,
      "1个月": -0.007241,
      "1年": 0.668616,
      "QTD": 0.153133,
      "YTD": 0.153133
    },
    "WTI原油": {
      "收盘价": 118.839996,
      "1天": 0.033122,
      "1星期": 0.122615,
      "1个月": 0.559171,
      "1年": 0.644162,
      "QTD": 0.723318,
      "YTD": 0.723318
    },
    "VIX": {
      "收盘价": 22.370001,
      "1天": -0.04849,
      "1星期": -0.102688,
      "1个月": 0.085922,
      "1年": 0.027561,
      "QTD": 0.541695,
      "YTD": 0.541695
    },
    "罗素2000": {
      "收盘价": 250.050003,
      "1天": 0.00454,
      "1星期": -0.013064,
      "1个月": -0.049095,
      "1年": 0.246301,
      "QTD": 0.005105,
      "YTD": 0.005105
    },
    "比特币": {
      "收盘价": 74479.179688,
      "1天": -0.005102,
      "1星期": 0.05654,
      "1个月": 0.162284,
      "1年": -0.316393,
      "QTD": -0.160628,
      "YTD": -0.160628
    },
    "通讯服务": {
      "收盘价": 119.629997,
      "1天": 0.000502,
      "1星期": -0.014661,
      "1个月": -0.005652,
      "1年": 0.240825,
      "QTD": -0.010259,
      "YTD": -0.010259
    },
    "非必需品消费": {
      "收盘价": 113.18,
      "1天": 0.008734,
      "1星期": -0.01101,
      "1个月": -0.025822,
      "1年": 0.160744,
      "QTD": -0.043684,
      "YTD": -0.043684
    },
    "必需品消费": {
      "收盘价": 84.699997,
      "1天": -0.003295,
      "1星期": -0.011899,
      "1个月": -0.053737,
      "1年": 0.094373,
      "QTD": 0.09023,
      "YTD": 0.09023
    },
    "能源": {
      "收盘价": 58.509998,
      "1天": 0.010535,
      "1星期": 0.052338,
      "1个月": 0.076541,
      "1年": 0.347245,
      "QTD": 0.281709,
      "YTD": 0.281709
    },
    "银行": {
      "收盘价": 77.029999,
      "1天": 0.007982,
      "1星期": -0.023453,
      "1个月": -0.100222,
      "1年": 0.275228,
      "QTD": -0.101796,
      "YTD": -0.101796
    },
    "公共事业": {
      "收盘价": 47.130001,
      "1天": -0.002751,
      "1星期": 0.012242,
      "1个月": 0.013548,
      "1年": 0.22927,
      "QTD": 0.091478,
      "YTD": 0.091478
    },
    "REITS": {
      "收盘价": 98.370003,
      "1天": 0.001221,
      "1星期": -0.007567,
      "1个月": -0.018459,
      "1年": 0.065174,
      "QTD": 0.046601,
      "YTD": 0.046601
    },
    "科技": {
      "收盘价": 139.539993,
      "1天": 0.005476,
      "1星期": -0.001574,
      "1个月": -0.000143,
      "1年": 0.312604,
      "QTD": -0.032987,
      "YTD": -0.032987
    },
    "医疗": {
      "收盘价": 149.639999,
      "1天": -0.009072,
      "1星期": -0.022919,
      "1个月": -0.050929,
      "1年": 0.050659,
      "QTD": -0.037747,
      "YTD": -0.037747
    },
    "趋势板块": {
      "收盘价": 248.229996,
      "1天": 0.005876,
      "1星期": -0.000201,
      "1个月": -0.012923,
      "1年": 0.240914,
      "QTD": -0.017806,
      "YTD": -0.017806
    },
    "保险板块": {
      "收盘价": 130.119995,
      "1天": -0.011997,
      "1星期": -0.015734,
      "1个月": -0.032709,
      "1年": -0.024392,
      "QTD": -0.036362,
      "YTD": -0.036362
    },
    "芯片": {
      "收盘价": 340.25,
      "1天": 0.007163,
      "1星期": 0.00425,
      "1个月": -0.04063,
      "1年": 0.703712,
      "QTD": 0.08467,
      "YTD": 0.08467
    },
    "罗素1000价值": {
      "收盘价": 216.839996,
      "1天": 0.001062,
      "1星期": -0.00564,
      "1个月": -0.030709,
      "1年": 0.186104,
      "QTD": 0.021866,
      "YTD": 0.021866
    },
    "罗素1000成长": {
      "收盘价": 443.709991,
      "1天": 0.000338,
      "1星期": -0.016971,
      "1个月": -0.007738,
      "1年": 0.206608,
      "QTD": -0.059458,
      "YTD": -0.059458
    },
    "前7大科技": {
      "收盘价": 61.130001,
      "1天": 0.004106,
      "1星期": -0.012918,
      "1个月": -0.000327,
      "1年": 0.301183,
      "QTD": -0.064575,
      "YTD": -0.064575
    },
    "标普等权指数": {
      "收盘价": 196.050003,
      "1天": 0.005591,
      "1星期": -0.005932,
      "1个月": -0.033618,
      "1年": 0.15514,
      "QTD": 0.016541,
      "YTD": 0.016541
    },
    "PUT/CALL": {
      "收盘价": 1.05,
      "1天": -0.32,
      "1星期": -0.01,
      "1个月": 0.23,
      "1年": 0.19
    }
  }
}