{
  "updateTime": "2026-02-20 22:21:26",
  "assets": {
    "美元": {
      "收盘价": 97.789001,
      "1天": -0.00144,
      "1星期": 0.008862,
      "1个月": -0.009832,
      "1年": -0.080412,
      "QTD": -0.006411,
      "YTD": -0.006411
    },
    "2年美债": {
      "收盘价": 3.595,
      "1天": 0.0,
      "1星期": -0.000834,
      "1个月": 0.001951,
      "1年": -0.1477,
      "QTD": 0.017549,
      "YTD": 0.017549
    },
    "10年美债": {
      "收盘价": 4.086,
      "1天": 0.002699,
      "1星期": -0.004386,
      "1个月": -0.039266,
      "1年": -0.099008,
      "QTD": -0.024122,
      "YTD": -0.024122
    },
    "TLT": {
      "收盘价": 89.410004,
      "1天": -0.002343,
      "1星期": 0.002017,
      "1个月": 0.027969,
      "1年": 0.058986,
      "QTD": 0.031277,
      "YTD": 0.031277
    },
    "标普500": {
      "收盘价": 689.429993,
      "1天": 0.007232,
      "1星期": 0.011978,
      "1个月": 0.00588,
      "1年": 0.138019,
      "QTD": 0.009163,
      "YTD": 0.009163
    },
    "纳指": {
      "收盘价": 608.809998,
      "1天": 0.008849,
      "1星期": 0.013602,
      "1个月": -0.012121,
      "1年": 0.134152,
      "QTD": -0.00703,
      "YTD": -0.00703
    },
    "道指": {
      "收盘价": 496.079987,
      "1天": 0.003439,
      "1星期": 0.00285,
      "1个月": 0.010758,
      "1年": 0.127946,
      "QTD": 0.026114,
      "YTD": 0.026114
    },
    "黄金": {
      "收盘价": 468.619995,
      "1天": 0.019715,
      "1星期": 0.038171,
      "1个月": 0.056402,
      "1年": 0.730183,
      "QTD": 0.176609,
      "YTD": 0.176609
    },
    "WTI原油": {
      "收盘价": 80.849998,
      "1天": -0.004188,
      "1星期": 0.058523,
      "1个月": 0.1024,
      "1年": 0.043899,
      "QTD": 0.172419,
      "YTD": 0.172419
    },
    "VIX": {
      "收盘价": 19.09,
      "1天": -0.056352,
      "1星期": -0.083093,
      "1个月": 0.129586,
      "1年": 0.250164,
      "QTD": 0.315644,
      "YTD": 0.315644
    },
    "罗素2000": {
      "收盘价": 264.609985,
      "1天": 3.8e-05,
      "1星期": 0.019534,
      "1个月": -0.011875,
      "1年": 0.181759,
      "QTD": 0.06363,
      "YTD": 0.06363
    },
    "比特币": {
      "收盘价": 67651.976562,
      "1天": 0.010372,
      "1星期": -0.016518,
      "1个月": -0.195851,
      "1年": -0.362321,
      "QTD": -0.237569,
      "YTD": -0.237569
    },
    "通讯服务": {
      "收盘价": 121.634003,
      "1天": 0.015309,
      "1星期": 0.007071,
      "1个月": 0.022049,
      "1年": 0.182381,
      "QTD": 0.006321,
      "YTD": 0.006321
    },
    "非必需品消费": {
      "收盘价": 117.449997,
      "1天": 0.010409,
      "1星期": 0.011367,
      "1个月": -0.032537,
      "1年": 0.047261,
      "QTD": -0.007605,
      "YTD": -0.007605
    },
    "必需品消费": {
      "收盘价": 87.889999,
      "1天": 0.002509,
      "1星期": -0.014797,
      "1个月": 0.066109,
      "1年": 0.107183,
      "QTD": 0.131291,
      "YTD": 0.131291
    },
    "能源": {
      "收盘价": 54.880001,
      "1天": -0.005437,
      "1星期": 0.016673,
      "1个月": 0.125744,
      "1年": 0.232626,
      "QTD": 0.202191,
      "YTD": 0.202191
    },
    "银行": {
      "收盘价": 87.080002,
      "1天": 0.00974,
      "1星期": 0.020389,
      "1个月": 0.009857,
      "1年": 0.238867,
      "QTD": 0.015392,
      "YTD": 0.015392
    },
    "公共事业": {
      "收盘价": 46.330002,
      "1天": 0.004771,
      "1星期": 0.023867,
      "1个月": 0.076941,
      "1年": 0.187476,
      "QTD": 0.07295,
      "YTD": 0.07295
    },
    "REITS": {
      "收盘价": 100.540001,
      "1天": 0.007112,
      "1星期": 0.016891,
      "1个月": 0.040248,
      "1年": 0.069014,
      "QTD": 0.069688,
      "YTD": 0.069688
    },
    "科技": {
      "收盘价": 140.880005,
      "1天": 0.004779,
      "1星期": 0.011996,
      "1个月": -0.020374,
      "1年": 0.17068,
      "QTD": -0.023701,
      "YTD": -0.023701
    },
    "医疗": {
      "收盘价": 156.820007,
      "1天": -0.002798,
      "1星期": 0.005256,
      "1个月": -0.009099,
      "1年": 0.090016,
      "QTD": 0.008424,
      "YTD": 0.008424
    },
    "趋势板块": {
      "收盘价": 254.774994,
      "1天": 0.005823,
      "1星期": 0.018285,
      "1个月": -0.002447,
      "1年": 0.12243,
      "QTD": 0.008092,
      "YTD": 0.008092
    },
    "保险板块": {
      "收盘价": 135.660004,
      "1天": 0.008775,
      "1星期": 0.000369,
      "1个月": 0.040896,
      "1年": 0.063804,
      "QTD": 0.004666,
      "YTD": 0.004666
    },
    "芯片": {
      "收盘价": 359.429993,
      "1天": 0.010089,
      "1星期": 0.02256,
      "1个月": 0.032429,
      "1年": 0.570147,
      "QTD": 0.145813,
      "YTD": 0.145813
    },
    "罗素1000价值": {
      "收盘价": 225.270004,
      "1天": 0.005804,
      "1星期": 0.013771,
      "1个月": 0.02802,
      "1年": 0.168912,
      "QTD": 0.061593,
      "YTD": 0.061593
    },
    "罗素1000成长": {
      "收盘价": 453.859985,
      "1天": 0.006922,
      "1星期": 0.010914,
      "1个月": -0.018511,
      "1年": 0.094099,
      "QTD": -0.037943,
      "YTD": -0.037943
    },
    "前7大科技": {
      "收盘价": 62.599998,
      "1天": 0.016399,
      "1星期": 0.014094,
      "1个月": -0.016342,
      "1年": 0.149249,
      "QTD": -0.042081,
      "YTD": -0.042081
    },
    "标普等权指数": {
      "收盘价": 204.089996,
      "1天": 0.004677,
      "1星期": 0.016435,
      "1个月": 0.023521,
      "1年": 0.13556,
      "QTD": 0.058229,
      "YTD": 0.058229
    },
    "垃圾债券利差": {
      "收盘价": 2.88,
      "1天": 0.02,
      "1星期": -0.04,
      "1个月": 0.24,
      "1年": 0.0
    },
    "PUT/CALL": {
      "收盘价": 1.05,
      "1天": -0.32,
      "1星期": -0.01,
      "1个月": 0.23,
      "1年": 0.19
    }
  }
}