{
  "updateTime": "2026-04-03 22:29:18",
  "assets": {
    "美元": {
      "收盘价": 100.185997,
      "1天": 0.00156,
      "1星期": 0.000359,
      "1个月": 0.008719,
      "1年": -0.018458,
      "QTD": 0.005379,
      "YTD": 0.017943
    },
    "2年美债": {
      "收盘价": 3.607,
      "1天": 0.000555,
      "1星期": -0.003591,
      "1个月": 0.003338,
      "1年": -0.14119,
      "QTD": 0.000555,
      "YTD": 0.020945
    },
    "10年美债": {
      "收盘价": 4.313,
      "1天": -0.001389,
      "1星期": -0.023324,
      "1个月": 0.057108,
      "1年": 0.037777,
      "QTD": -0.001389,
      "YTD": 0.030093
    },
    "TLT": {
      "收盘价": 86.790001,
      "1天": 0.006144,
      "1星期": 0.011924,
      "1个月": -0.022582,
      "1年": -0.008327,
      "QTD": 0.006144,
      "YTD": 0.008399
    },
    "标普500": {
      "收盘价": 655.830017,
      "1天": 0.0009,
      "1星期": 0.016649,
      "1个月": -0.040151,
      "1年": 0.182502,
      "QTD": 0.0009,
      "YTD": -0.037398
    },
    "纳指": {
      "收盘价": 584.97998,
      "1天": 0.001147,
      "1星期": 0.019502,
      "1个月": -0.040986,
      "1年": 0.243519,
      "QTD": 0.001147,
      "YTD": -0.044693
    },
    "道指": {
      "收盘价": 465.059998,
      "1天": -0.000902,
      "1星期": 0.012519,
      "1个月": -0.04444,
      "1年": 0.125659,
      "QTD": -0.000902,
      "YTD": -0.034774
    },
    "黄金": {
      "收盘价": 429.410004,
      "1天": -0.019209,
      "1星期": 0.07181,
      "1个月": -0.089847,
      "1年": 0.493236,
      "QTD": -0.019209,
      "YTD": 0.078161
    },
    "WTI原油": {
      "收盘价": 137.919998,
      "1天": 0.111451,
      "1星期": 0.17619,
      "1个月": 0.506335,
      "1年": 0.78931,
      "QTD": 0.111451,
      "YTD": 1.0
    },
    "VIX": {
      "收盘价": 23.870001,
      "1天": -0.027302,
      "1星期": -0.130102,
      "1个月": 0.128605,
      "1年": 0.096463,
      "QTD": -0.027302,
      "YTD": 0.645072
    },
    "罗素2000": {
      "收盘价": 251.289993,
      "1天": 0.006932,
      "1星期": 0.015559,
      "1个月": -0.038291,
      "1年": 0.273109,
      "QTD": 0.006932,
      "YTD": 0.011886
    },
    "比特币": {
      "收盘价": 66882.8125,
      "1天": -8.6e-05,
      "1星期": 0.014069,
      "1个月": -0.057567,
      "1年": -0.431442,
      "QTD": -0.017564,
      "YTD": -0.246238
    },
    "通讯服务": {
      "收盘价": 115.0,
      "1天": -0.003812,
      "1星期": 0.021677,
      "1个月": -0.055984,
      "1年": 0.21331,
      "QTD": -0.003812,
      "YTD": -0.048565
    },
    "非必需品消费": {
      "收盘价": 108.150002,
      "1天": -0.015027,
      "1星期": -0.006248,
      "1个月": -0.06893,
      "1年": 0.09267,
      "QTD": -0.015027,
      "YTD": -0.084349
    },
    "必需品消费": {
      "收盘价": 81.889999,
      "1天": 0.005279,
      "1星期": 0.009243,
      "1个月": -0.055175,
      "1年": 0.028911,
      "QTD": 0.005279,
      "YTD": 0.059994
    },
    "能源": {
      "收盘价": 59.25,
      "1天": 0.004748,
      "1星期": -0.036899,
      "1个月": 0.061348,
      "1年": 0.30111,
      "QTD": 0.004748,
      "YTD": 0.306399
    },
    "银行": {
      "收盘价": 80.290001,
      "1天": 0.001872,
      "1星期": 0.028436,
      "1个月": -0.019968,
      "1年": 0.317942,
      "QTD": 0.001872,
      "YTD": -0.057793
    },
    "公共事业": {
      "收盘价": 46.34,
      "1天": 0.004988,
      "1星期": 0.022281,
      "1个月": -0.01282,
      "1年": 0.205785,
      "QTD": 0.004988,
      "YTD": 0.080685
    },
    "REITS": {
      "收盘价": 96.25,
      "1天": 0.014439,
      "1星期": 0.031176,
      "1个月": -0.044922,
      "1年": 0.028416,
      "QTD": 0.014439,
      "YTD": 0.026919
    },
    "科技": {
      "收盘价": 135.990005,
      "1天": 0.008005,
      "1星期": 0.02634,
      "1个月": -0.026322,
      "1年": 0.315132,
      "QTD": 0.008005,
      "YTD": -0.056417
    },
    "医疗": {
      "收盘价": 146.809998,
      "1天": -0.006228,
      "1星期": 0.007342,
      "1个月": -0.061359,
      "1年": 0.042474,
      "QTD": -0.006228,
      "YTD": -0.052064
    },
    "趋势板块": {
      "收盘价": 245.850006,
      "1天": 0.002487,
      "1星期": 0.032073,
      "1个月": -0.018506,
      "1年": 0.217602,
      "QTD": 0.002487,
      "YTD": -0.026351
    },
    "保险板块": {
      "收盘价": 128.460007,
      "1天": 0.006661,
      "1星期": 0.002889,
      "1个月": -0.041751,
      "1年": -0.046145,
      "QTD": 0.006661,
      "YTD": -0.034016
    },
    "芯片": {
      "收盘价": 339.609985,
      "1天": 0.003161,
      "1星期": 0.03272,
      "1个月": -0.005038,
      "1年": 0.815371,
      "QTD": 0.003161,
      "YTD": 0.083296
    },
    "罗素1000价值": {
      "收盘价": 215.520004,
      "1天": 0.002698,
      "1星期": 0.014164,
      "1个月": -0.030952,
      "1年": 0.167237,
      "QTD": 0.002698,
      "YTD": 0.01951
    },
    "罗素1000成长": {
      "收盘价": 430.040009,
      "1天": -0.000163,
      "1星期": 0.018208,
      "1个月": -0.049975,
      "1年": 0.186306,
      "QTD": -0.000163,
      "YTD": -0.087633
    },
    "前7大科技": {
      "收盘价": 58.27,
      "1天": -0.006987,
      "1星期": 0.021743,
      "1个月": -0.063635,
      "1年": 0.26634,
      "QTD": -0.006987,
      "YTD": -0.10834
    },
    "标普等权指数": {
      "收盘价": 193.089996,
      "1天": 0.002857,
      "1星期": 0.010519,
      "1个月": -0.044228,
      "1年": 0.13219,
      "QTD": 0.002857,
      "YTD": 0.005479
    },
    "PUT/CALL": {
      "收盘价": 1.05,
      "1天": -0.32,
      "1星期": -0.01,
      "1个月": 0.23,
      "1年": 0.19
    }
  }
}