{
  "updateTime": "2026-05-18 22:57:31",
  "assets": {
    "美元": {
      "收盘价": 98.954002,
      "1天": -0.003183,
      "1星期": 0.010353,
      "1个月": 0.008705,
      "1年": -0.02113,
      "QTD": -0.006984,
      "YTD": 0.005426
    },
    "2年美债": {
      "收盘价": 3.568,
      "1天": -0.005574,
      "1星期": -0.008889,
      "1个月": -0.008889,
      "1年": -0.162048,
      "QTD": -0.010264,
      "YTD": 0.009907
    },
    "10年美债": {
      "收盘价": 4.623,
      "1天": 0.006094,
      "1星期": 0.048299,
      "1个月": 0.08879,
      "1年": 0.03771,
      "QTD": 0.070387,
      "YTD": 0.104132
    },
    "TLT": {
      "收盘价": 83.559998,
      "1天": -0.001195,
      "1星期": -0.023375,
      "1个月": -0.036769,
      "1年": 0.014904,
      "QTD": -0.027724,
      "YTD": -0.025545
    },
    "标普500": {
      "收盘价": 738.650024,
      "1天": -0.000703,
      "1星期": -0.000879,
      "1个月": 0.040147,
      "1年": 0.265314,
      "QTD": 0.127297,
      "YTD": 0.084163
    },
    "纳指": {
      "收盘价": 705.880005,
      "1天": -0.004302,
      "1星期": -0.010388,
      "1个月": 0.087894,
      "1年": 0.366003,
      "QTD": 0.208057,
      "YTD": 0.152743
    },
    "道指": {
      "收盘价": 497.01001,
      "1天": 0.003311,
      "1星期": 0.00035,
      "1个月": 0.0062,
      "1年": 0.192513,
      "QTD": 0.068779,
      "YTD": 0.032545
    },
    "黄金": {
      "收盘价": 418.429993,
      "1天": 0.002732,
      "1星期": -0.037317,
      "1个月": -0.061669,
      "1年": 0.404882,
      "QTD": -0.044288,
      "YTD": 0.050593
    },
    "WTI原油": {
      "收盘价": 149.289993,
      "1天": 0.007151,
      "1星期": 0.076662,
      "1个月": 0.286539,
      "1年": 1.208759,
      "QTD": 0.203078,
      "YTD": 1.164878
    },
    "VIX": {
      "收盘价": 17.82,
      "1天": -0.033098,
      "1星期": -0.030468,
      "1个月": 0.019451,
      "1年": -0.000561,
      "QTD": -0.273839,
      "YTD": 0.228118
    },
    "罗素2000": {
      "收盘价": 275.970001,
      "1天": -0.005872,
      "1星期": -0.032804,
      "1个月": 0.000689,
      "1年": 0.340239,
      "QTD": 0.105826,
      "YTD": 0.111267
    },
    "比特币": {
      "收盘价": 76956.21875,
      "1天": -0.006111,
      "1星期": -0.029276,
      "1个月": -0.005305,
      "1年": -0.313329,
      "QTD": 0.130403,
      "YTD": -0.132712
    },
    "通讯服务": {
      "收盘价": 123.720001,
      "1天": 0.006099,
      "1星期": 0.005854,
      "1个月": -0.001614,
      "1年": 0.229083,
      "QTD": 0.071726,
      "YTD": 0.023579
    },
    "非必需品消费": {
      "收盘价": 116.32,
      "1天": -0.001802,
      "1星期": -0.025551,
      "1个月": -0.033967,
      "1年": 0.087412,
      "QTD": 0.059381,
      "YTD": -0.015178
    },
    "必需品消费": {
      "收盘价": 85.900002,
      "1天": 0.014887,
      "1星期": 0.030347,
      "1个月": 0.041717,
      "1年": 0.087941,
      "QTD": 0.054505,
      "YTD": 0.1119
    },
    "能源": {
      "收盘价": 60.580002,
      "1天": 0.019179,
      "1星期": 0.059647,
      "1个月": 0.101054,
      "1年": 0.460691,
      "QTD": 0.027302,
      "YTD": 0.335724
    },
    "银行": {
      "收盘价": 84.300003,
      "1天": 0.007048,
      "1星期": 0.000712,
      "1个月": -0.029808,
      "1年": 0.28372,
      "QTD": 0.051909,
      "YTD": -0.010735
    },
    "公共事业": {
      "收盘价": 43.939999,
      "1天": 0.001596,
      "1星期": -0.026584,
      "1个月": -0.048094,
      "1年": 0.115949,
      "QTD": -0.047061,
      "YTD": 0.024715
    },
    "REITS": {
      "收盘价": 100.910004,
      "1天": 0.011122,
      "1星期": -0.018767,
      "1个月": -0.020101,
      "1年": 0.095472,
      "QTD": 0.063554,
      "YTD": 0.076638
    },
    "科技": {
      "收盘价": 174.360001,
      "1天": -0.010779,
      "1星期": -0.019789,
      "1个月": 0.12964,
      "1年": 0.495896,
      "QTD": 0.292417,
      "YTD": 0.209818
    },
    "医疗": {
      "收盘价": 145.720001,
      "1天": 0.004273,
      "1星期": 0.018736,
      "1个月": -0.020699,
      "1年": 0.136891,
      "QTD": -0.013606,
      "YTD": -0.059102
    },
    "趋势板块": {
      "收盘价": 294.320007,
      "1天": -0.013243,
      "1星期": -0.04024,
      "1个月": 0.07236,
      "1年": 0.295934,
      "QTD": 0.20013,
      "YTD": 0.165607
    },
    "保险板块": {
      "收盘价": 134.638,
      "1天": 0.019908,
      "1星期": 0.031393,
      "1个月": 0.006865,
      "1年": 0.019558,
      "QTD": 0.055074,
      "YTD": 0.012441
    },
    "芯片": {
      "收盘价": 495.869995,
      "1天": -0.024876,
      "1星期": -0.069243,
      "1个月": 0.192827,
      "1年": 1.338402,
      "QTD": 0.464731,
      "YTD": 0.581738
    },
    "罗素1000价值": {
      "收盘价": 232.669998,
      "1天": 0.00211,
      "1星期": -0.008354,
      "1个月": 0.024301,
      "1年": 0.251065,
      "QTD": 0.082488,
      "YTD": 0.100637
    },
    "罗素1000成长": {
      "收盘价": 124.099998,
      "1天": -0.002171,
      "1星期": 0.004696,
      "1个月": 0.04196,
      "1年": 0.248115,
      "QTD": 0.154123,
      "YTD": 0.053156
    },
    "前7大科技": {
      "收盘价": 69.459999,
      "1天": -0.005441,
      "1星期": 0.000288,
      "1个月": 0.045297,
      "1年": 0.35148,
      "QTD": 0.183708,
      "YTD": 0.062892
    },
    "标普等权指数": {
      "收盘价": 202.800003,
      "1天": 0.006152,
      "1星期": -0.005834,
      "1个月": -0.001772,
      "1年": 0.156902,
      "QTD": 0.053288,
      "YTD": 0.056042
    },
    "PUT/CALL": {
      "收盘价": 1.05,
      "1天": -0.32,
      "1星期": -0.01,
      "1个月": 0.23,
      "1年": 0.19
    }
  }
}