{
  "updateTime": "2026-01-08 22:18:19",
  "assets": {
    "美元": {
      "收盘价": 98.871002,
      "1天": 0.001936,
      "1星期": 0.006013,
      "1个月": -0.00221,
      "1年": -0.093675,
      "QTD": 0.004582,
      "YTD": 0.004582
    },
    "2年美债": {
      "收盘价": 3.507,
      "1天": -0.002276,
      "1星期": -0.011277,
      "1个月": -0.03068,
      "1年": -0.163007,
      "QTD": -0.007359,
      "YTD": -0.007359
    },
    "10年美债": {
      "收盘价": 4.183,
      "1天": 0.010875,
      "1星期": 0.004804,
      "1个月": 0.002637,
      "1年": -0.094197,
      "QTD": -0.000955,
      "YTD": -0.000955
    },
    "TLT": {
      "收盘价": 87.349998,
      "1天": -0.005012,
      "1星期": 0.00218,
      "1个月": -0.002163,
      "1年": 0.049914,
      "QTD": 0.003677,
      "YTD": 0.003677
    },
    "标普500": {
      "收盘价": 689.51001,
      "1天": -0.000102,
      "1星期": 0.01113,
      "1个月": 0.011581,
      "1年": 0.17174,
      "QTD": 0.00928,
      "YTD": 0.00928
    },
    "纳指": {
      "收盘价": 620.469971,
      "1天": -0.005689,
      "1星期": 0.010027,
      "1个月": -0.004823,
      "1年": 0.188883,
      "QTD": 0.011988,
      "YTD": 0.011988
    },
    "道指": {
      "收盘价": 492.529999,
      "1天": 0.005245,
      "1星期": 0.024887,
      "1个月": 0.032317,
      "1年": 0.171121,
      "QTD": 0.018402,
      "YTD": 0.018402
    },
    "黄金": {
      "收盘价": 411.48999,
      "1天": 0.005523,
      "1星期": 0.038303,
      "1个月": 0.06764,
      "1年": 0.692051,
      "QTD": 0.033168,
      "YTD": 0.033168
    },
    "WTI原油": {
      "收盘价": 70.540001,
      "1天": 0.040566,
      "1星期": 0.019954,
      "1个月": 0.000709,
      "1年": -0.087452,
      "QTD": 0.022912,
      "YTD": 0.022912
    },
    "VIX": {
      "收盘价": 15.45,
      "1天": 0.004551,
      "1星期": 0.033445,
      "1个月": -0.072629,
      "1年": -0.036783,
      "QTD": 0.064783,
      "YTD": 0.064783
    },
    "罗素2000": {
      "收盘价": 258.269989,
      "1天": 0.010921,
      "1星期": 0.049196,
      "1个月": 0.03295,
      "1年": 0.163257,
      "QTD": 0.038146,
      "YTD": 0.038146
    },
    "比特币": {
      "收盘价": 91359.234375,
      "1天": 0.000561,
      "1星期": 0.008345,
      "1个月": 0.068998,
      "1年": -0.053197,
      "QTD": 0.029609,
      "YTD": 0.029609
    },
    "通讯服务": {
      "收盘价": 121.209999,
      "1天": 0.001487,
      "1星期": -8.3e-05,
      "1个月": 0.001413,
      "1年": 0.265617,
      "QTD": 0.002813,
      "YTD": 0.002813
    },
    "非必需品消费": {
      "收盘价": 122.919998,
      "1天": 0.016708,
      "1星期": 0.029394,
      "1个月": 0.043848,
      "1年": 0.093474,
      "QTD": 0.038614,
      "YTD": 0.038614
    },
    "必需品消费": {
      "收盘价": 78.440002,
      "1天": 0.023754,
      "1星期": 0.009784,
      "1个月": 0.016184,
      "1年": 0.039641,
      "QTD": 0.009654,
      "YTD": 0.009654
    },
    "能源": {
      "收盘价": 46.549999,
      "1天": 0.031465,
      "1星期": 0.041154,
      "1个月": 0.033615,
      "1年": 0.10497,
      "QTD": 0.019715,
      "YTD": 0.019715
    },
    "银行": {
      "收盘价": 87.940002,
      "1天": 0.007793,
      "1星期": 0.043303,
      "1个月": 0.07543,
      "1年": 0.351589,
      "QTD": 0.02542,
      "YTD": 0.02542
    },
    "公共事业": {
      "收盘价": 41.990002,
      "1天": 0.002866,
      "1星期": -0.016397,
      "1个月": -0.009724,
      "1年": 0.133283,
      "QTD": -0.027559,
      "YTD": -0.027559
    },
    "REITS": {
      "收盘价": 94.580002,
      "1天": 0.008531,
      "1星期": 0.007349,
      "1个月": 0.008403,
      "1年": 0.050329,
      "QTD": 0.006277,
      "YTD": 0.006277
    },
    "科技": {
      "收盘价": 144.240005,
      "1天": -0.015628,
      "1星期": 0.001875,
      "1个月": -0.021481,
      "1年": 0.21582,
      "QTD": -0.000416,
      "YTD": -0.000416
    },
    "医疗": {
      "收盘价": 158.119995,
      "1天": -0.009646,
      "1星期": 0.021447,
      "1个月": 0.048625,
      "1年": 0.157396,
      "QTD": 0.016783,
      "YTD": 0.016783
    },
    "趋势板块": {
      "收盘价": 253.330002,
      "1天": -0.012243,
      "1星期": 0.012065,
      "1个月": 0.002511,
      "1年": 0.207182,
      "QTD": 0.002374,
      "YTD": 0.002374
    },
    "保险板块": {
      "收盘价": 136.014999,
      "1天": 0.012695,
      "1星期": -0.000992,
      "1个月": 0.040601,
      "1年": 0.108728,
      "QTD": 0.007295,
      "YTD": 0.007295
    },
    "芯片": {
      "收盘价": 319.579987,
      "1天": -0.016344,
      "1星期": 0.061199,
      "1个月": 0.023303,
      "1年": 0.405945,
      "QTD": 0.018776,
      "YTD": 0.018776
    },
    "罗素1000价值": {
      "收盘价": 216.139999,
      "1天": 0.008351,
      "1星期": 0.027574,
      "1个月": 0.038509,
      "1年": 0.181196,
      "QTD": 0.018567,
      "YTD": 0.018567
    },
    "罗素1000成长": {
      "收盘价": 473.279999,
      "1天": -0.007695,
      "1星期": -4.2e-05,
      "1个月": -0.009971,
      "1年": 0.153432,
      "QTD": 0.003222,
      "YTD": 0.003222
    },
    "前7大科技": {
      "收盘价": 65.879997,
      "1天": -0.000304,
      "1星期": -0.001213,
      "1个月": -0.002579,
      "1年": 0.179794,
      "QTD": 0.00811,
      "YTD": 0.00811
    },
    "标普等权指数": {
      "收盘价": 196.460007,
      "1天": 0.008573,
      "1星期": 0.02558,
      "1个月": 0.033489,
      "1年": 0.1343,
      "QTD": 0.018666,
      "YTD": 0.018666
    },
    "垃圾债券利差": {
      "收盘价": 2.79,
      "1天": 0.0,
      "1星期": -0.05,
      "1个月": -0.06,
      "1年": 0.15
    },
    "PUT/CALL": {
      "收盘价": 1.05,
      "1天": -0.32,
      "1星期": -0.01,
      "1个月": 0.23,
      "1年": 0.19
    }
  }
}