{
  "updateTime": "2026-05-19 23:00:31",
  "assets": {
    "美元": {
      "收盘价": 99.307999,
      "1天": 0.003415,
      "1星期": 0.010357,
      "1个月": 0.01283,
      "1年": -0.011172,
      "QTD": -0.003432,
      "YTD": 0.009023
    },
    "2年美债": {
      "收盘价": 3.575,
      "1天": 0.001962,
      "1星期": -0.007771,
      "1个月": -0.006392,
      "1年": -0.156243,
      "QTD": -0.008322,
      "YTD": 0.011888
    },
    "10年美债": {
      "收盘价": 4.667,
      "1天": 0.009518,
      "1星期": 0.045709,
      "1个月": 0.098118,
      "1年": 0.050889,
      "QTD": 0.080574,
      "YTD": 0.114641
    },
    "TLT": {
      "收盘价": 83.019997,
      "1天": -0.006462,
      "1星期": -0.023179,
      "1个月": -0.042774,
      "1年": 0.005658,
      "QTD": -0.034007,
      "YTD": -0.031843
    },
    "标普500": {
      "收盘价": 733.72998,
      "1天": -0.006661,
      "1星期": -0.006028,
      "1个月": 0.035289,
      "1年": 0.248975,
      "QTD": 0.119788,
      "YTD": 0.076941
    },
    "纳指": {
      "收盘价": 701.530029,
      "1天": -0.006162,
      "1星期": -0.008074,
      "1个月": 0.084633,
      "1年": 0.351701,
      "QTD": 0.200613,
      "YTD": 0.14564
    },
    "道指": {
      "收盘价": 493.980011,
      "1天": -0.006096,
      "1星期": -0.007306,
      "1个月": -0.000157,
      "1年": 0.175818,
      "QTD": 0.062263,
      "YTD": 0.02625
    },
    "黄金": {
      "收盘价": 411.5,
      "1天": -0.016562,
      "1星期": -0.0495,
      "1个月": -0.069194,
      "1年": 0.398518,
      "QTD": -0.060116,
      "YTD": 0.033193
    },
    "WTI原油": {
      "收盘价": 152.960007,
      "1天": 0.024583,
      "1星期": 0.060014,
      "1个月": 0.260798,
      "1年": 1.246109,
      "QTD": 0.232654,
      "YTD": 1.218098
    },
    "VIX": {
      "收盘价": 18.059999,
      "1天": 0.013468,
      "1星期": 0.003891,
      "1个月": -0.042925,
      "1年": 0.047564,
      "QTD": -0.264059,
      "YTD": 0.244659
    },
    "罗素2000": {
      "收盘价": 273.0,
      "1天": -0.010762,
      "1星期": -0.033868,
      "1个月": -0.015684,
      "1年": 0.314949,
      "QTD": 0.093925,
      "YTD": 0.099307
    },
    "比特币": {
      "收盘价": 76637.351562,
      "1天": -0.004117,
      "1星期": -0.054458,
      "1个月": 0.003755,
      "1年": -0.312858,
      "QTD": 0.125719,
      "YTD": -0.136305
    },
    "通讯服务": {
      "收盘价": 123.162003,
      "1天": -0.00451,
      "1星期": 0.000422,
      "1个月": 0.000179,
      "1年": 0.217205,
      "QTD": 0.066892,
      "YTD": 0.018963
    },
    "非必需品消费": {
      "收盘价": 115.029999,
      "1天": -0.01109,
      "1星期": -0.027559,
      "1个月": -0.040377,
      "1年": 0.065275,
      "QTD": 0.047632,
      "YTD": -0.0261
    },
    "必需品消费": {
      "收盘价": 86.089996,
      "1天": 0.002212,
      "1星期": 0.01954,
      "1个月": 0.044908,
      "1年": 0.077991,
      "QTD": 0.056838,
      "YTD": 0.114359
    },
    "能源": {
      "收盘价": 61.290001,
      "1天": 0.01172,
      "1星期": 0.064617,
      "1个月": 0.112947,
      "1年": 0.480058,
      "QTD": 0.039342,
      "YTD": 0.351379
    },
    "银行": {
      "收盘价": 83.589996,
      "1天": -0.008422,
      "1星期": -0.012755,
      "1个月": -0.047733,
      "1年": 0.268943,
      "QTD": 0.04305,
      "YTD": -0.019067
    },
    "公共事业": {
      "收盘价": 44.34,
      "1天": 0.009103,
      "1星期": -0.018809,
      "1个月": -0.03082,
      "1年": 0.109802,
      "QTD": -0.038386,
      "YTD": 0.034044
    },
    "REITS": {
      "收盘价": 101.260002,
      "1天": 0.003468,
      "1星期": -0.015459,
      "1个月": -0.019084,
      "1年": 0.085572,
      "QTD": 0.067243,
      "YTD": 0.080373
    },
    "科技": {
      "收盘价": 173.240005,
      "1天": -0.006423,
      "1星期": -0.011187,
      "1个月": 0.120859,
      "1年": 0.483503,
      "QTD": 0.284115,
      "YTD": 0.202047
    },
    "医疗": {
      "收盘价": 147.320007,
      "1天": 0.01098,
      "1星期": 0.010079,
      "1个月": -0.000678,
      "1年": 0.126661,
      "QTD": -0.002775,
      "YTD": -0.048771
    },
    "趋势板块": {
      "收盘价": 292.589996,
      "1天": -0.005878,
      "1星期": -0.035121,
      "1个月": 0.069564,
      "1年": 0.278654,
      "QTD": 0.193076,
      "YTD": 0.158755
    },
    "保险板块": {
      "收盘价": 134.080002,
      "1天": -0.004159,
      "1星期": 0.020318,
      "1个月": 0.003969,
      "1年": 0.00364,
      "QTD": 0.050701,
      "YTD": 0.008245
    },
    "芯片": {
      "收盘价": 496.73999,
      "1天": 0.001754,
      "1星期": -0.037307,
      "1个月": 0.189654,
      "1年": 1.345582,
      "QTD": 0.467301,
      "YTD": 0.584513
    },
    "罗素1000价值": {
      "收盘价": 231.720001,
      "1天": -0.004083,
      "1星期": -0.010632,
      "1个月": 0.019491,
      "1年": 0.234024,
      "QTD": 0.078068,
      "YTD": 0.096143
    },
    "罗素1000成长": {
      "收盘价": 123.07,
      "1天": -0.0083,
      "1星期": -0.00227,
      "1个月": 0.036968,
      "1年": 0.231218,
      "QTD": 0.144544,
      "YTD": 0.044415
    },
    "前7大科技": {
      "收盘价": 68.529999,
      "1天": -0.013389,
      "1星期": -0.008536,
      "1个月": 0.042123,
      "1年": 0.326011,
      "QTD": 0.16786,
      "YTD": 0.048661
    },
    "标普等权指数": {
      "收盘价": 201.619995,
      "1天": -0.005819,
      "1星期": -0.010745,
      "1个月": -0.010697,
      "1年": 0.138988,
      "QTD": 0.047159,
      "YTD": 0.049897
    },
    "PUT/CALL": {
      "收盘价": 1.05,
      "1天": -0.32,
      "1星期": -0.01,
      "1个月": 0.23,
      "1年": 0.19
    }
  }
}