{
  "updateTime": "2026-02-10 22:36:14",
  "assets": {
    "美元": {
      "收盘价": 96.866997,
      "1天": 0.000485,
      "1星期": -0.005881,
      "1个月": -0.022829,
      "1年": -0.105733,
      "QTD": -0.015779,
      "YTD": -0.015779
    },
    "2年美债": {
      "收盘价": 3.59,
      "1天": -0.000835,
      "1星期": 0.0,
      "1个月": 0.021919,
      "1年": -0.150899,
      "QTD": 0.016134,
      "YTD": 0.016134
    },
    "10年美债": {
      "收盘价": 4.147,
      "1天": -0.012149,
      "1星期": -0.029715,
      "1个月": -0.005754,
      "1年": -0.075774,
      "QTD": -0.009553,
      "YTD": -0.009553
    },
    "TLT": {
      "收盘价": 88.529999,
      "1天": 0.01154,
      "1星期": 0.020401,
      "1个月": 0.010675,
      "1年": 0.036113,
      "QTD": 0.021126,
      "YTD": 0.021126
    },
    "标普500": {
      "收盘价": 692.119995,
      "1天": -0.002637,
      "1星期": 0.003756,
      "1个月": -0.00281,
      "1年": 0.165584,
      "QTD": 0.013101,
      "YTD": 0.013101
    },
    "纳指": {
      "收盘价": 611.469971,
      "1天": -0.004639,
      "1星期": -0.008191,
      "1个月": -0.024224,
      "1年": 0.175268,
      "QTD": -0.002691,
      "YTD": -0.002691
    },
    "道指": {
      "收盘价": 501.899994,
      "1天": 0.001357,
      "1星期": 0.01948,
      "1个月": 0.014266,
      "1年": 0.150321,
      "QTD": 0.038153,
      "YTD": 0.038153
    },
    "黄金": {
      "收盘价": 462.399994,
      "1天": -0.009914,
      "1星期": 0.017852,
      "1个月": 0.115642,
      "1年": 0.752179,
      "QTD": 0.160992,
      "YTD": 0.160992
    },
    "WTI原油": {
      "收盘价": 78.029999,
      "1天": 0.000128,
      "1星期": 0.007229,
      "1个月": 0.10243,
      "1年": 0.028605,
      "QTD": 0.131526,
      "YTD": 0.131526
    },
    "VIX": {
      "收盘价": 17.790001,
      "1天": 0.02477,
      "1星期": -0.011667,
      "1个月": 0.227743,
      "1年": 0.075574,
      "QTD": 0.226051,
      "YTD": 0.226051
    },
    "罗素2000": {
      "收盘价": 266.160004,
      "1天": -0.002698,
      "1星期": 0.012862,
      "1个月": 0.022788,
      "1年": 0.190943,
      "QTD": 0.069861,
      "YTD": 0.069861
    },
    "比特币": {
      "收盘价": 68666.492188,
      "1天": -0.02074,
      "1星期": 0.095123,
      "1个月": -0.222446,
      "1年": -0.348716,
      "QTD": -0.226136,
      "YTD": -0.226136
    },
    "通讯服务": {
      "收盘价": 123.019997,
      "1天": 0.001384,
      "1星期": -0.008303,
      "1个月": 0.009353,
      "1年": 0.222011,
      "QTD": 0.017788,
      "YTD": 0.017788
    },
    "非必需品消费": {
      "收盘价": 118.330002,
      "1天": 0.006635,
      "1星期": -0.021985,
      "1个月": -0.048871,
      "1年": 0.058195,
      "QTD": -0.000169,
      "YTD": -0.000169
    },
    "必需品消费": {
      "收盘价": 87.150002,
      "1天": -0.003203,
      "1星期": 0.014906,
      "1个月": 0.099685,
      "1年": 0.128299,
      "QTD": 0.121766,
      "YTD": 0.121766
    },
    "能源": {
      "收盘价": 53.580002,
      "1天": -0.001119,
      "1星期": 0.036965,
      "1个月": 0.148061,
      "1年": 0.250445,
      "QTD": 0.173713,
      "YTD": 0.173713
    },
    "银行": {
      "收盘价": 89.790001,
      "1天": -0.010033,
      "1星期": 0.016299,
      "1个月": 0.024883,
      "1年": 0.282054,
      "QTD": 0.046992,
      "YTD": 0.046992
    },
    "公共事业": {
      "收盘价": 44.200001,
      "1天": 0.016559,
      "1星期": 0.022202,
      "1个月": 0.039755,
      "1年": 0.163618,
      "QTD": 0.023622,
      "YTD": 0.023622
    },
    "REITS": {
      "收盘价": 99.32,
      "1天": 0.012849,
      "1星期": 0.045474,
      "1个月": 0.048343,
      "1年": 0.060776,
      "QTD": 0.056708,
      "YTD": 0.056708
    },
    "科技": {
      "收盘价": 142.550003,
      "1天": -0.005581,
      "1星期": 0.003308,
      "1个月": -0.024632,
      "1年": 0.23218,
      "QTD": -0.012128,
      "YTD": -0.012128
    },
    "医疗": {
      "收盘价": 155.330002,
      "1天": -0.006333,
      "1星期": 0.007982,
      "1个月": -0.012587,
      "1年": 0.079438,
      "QTD": -0.001157,
      "YTD": -0.001157
    },
    "趋势板块": {
      "收盘价": 255.059998,
      "1天": -0.009206,
      "1星期": -0.00542,
      "1个月": -0.00751,
      "1年": 0.145323,
      "QTD": 0.009219,
      "YTD": 0.009219
    },
    "保险板块": {
      "收盘价": 134.699997,
      "1天": 0.007178,
      "1星期": 0.012173,
      "1个月": -0.002,
      "1年": 0.058724,
      "QTD": -0.002444,
      "YTD": -0.002444
    },
    "芯片": {
      "收盘价": 351.429993,
      "1天": -0.003798,
      "1星期": 0.016751,
      "1个月": 0.068891,
      "1年": 0.631897,
      "QTD": 0.12031,
      "YTD": 0.12031
    },
    "罗素1000价值": {
      "收盘价": 224.339996,
      "1天": -0.001247,
      "1星期": 0.01095,
      "1个月": 0.031022,
      "1年": 0.181917,
      "QTD": 0.05721,
      "YTD": 0.05721
    },
    "罗素1000成长": {
      "收盘价": 459.519989,
      "1天": -0.003167,
      "1星期": 0.00074,
      "1个月": -0.034987,
      "1年": 0.130462,
      "QTD": -0.025945,
      "YTD": -0.025945
    },
    "前7大科技": {
      "收盘价": 63.580002,
      "1天": -0.004073,
      "1星期": -0.023049,
      "1个月": -0.042037,
      "1年": 0.187873,
      "QTD": -0.027085,
      "YTD": -0.027085
    },
    "标普等权指数": {
      "收盘价": 203.100006,
      "1天": 0.003558,
      "1星期": 0.022813,
      "1个月": 0.027834,
      "1年": 0.14648,
      "QTD": 0.053096,
      "YTD": 0.053096
    },
    "垃圾债券利差": {
      "收盘价": 2.84,
      "1天": -0.03,
      "1星期": 0.03,
      "1个月": 0.1,
      "1年": 0.06
    },
    "PUT/CALL": {
      "收盘价": 1.05,
      "1天": -0.32,
      "1星期": -0.01,
      "1个月": 0.23,
      "1年": 0.19
    }
  }
}