{
  "updateTime": "2026-04-24 22:36:30",
  "assets": {
    "美元": {
      "收盘价": 98.510002,
      "1天": -0.002935,
      "1星期": 0.004179,
      "1个月": -0.010944,
      "1年": -0.007856,
      "QTD": -0.01144,
      "YTD": 0.000914
    },
    "2年美债": {
      "收盘价": 3.593,
      "1天": -0.000556,
      "1星期": -0.001944,
      "1个月": -0.007459,
      "1年": -0.14615,
      "QTD": -0.003329,
      "YTD": 0.016983
    },
    "10年美债": {
      "收盘价": 4.31,
      "1天": -0.003007,
      "1星期": 0.015073,
      "1个月": -0.004159,
      "1年": -0.017552,
      "QTD": -0.002084,
      "YTD": 0.029377
    },
    "TLT": {
      "收盘价": 86.709999,
      "1天": 0.001849,
      "1星期": -0.004135,
      "1个月": 0.002493,
      "1年": 0.038074,
      "QTD": 0.005217,
      "YTD": 0.007469
    },
    "标普500": {
      "收盘价": 713.940002,
      "1天": 0.007749,
      "1星期": 0.005351,
      "1个月": 0.086964,
      "1年": 0.348706,
      "QTD": 0.089586,
      "YTD": 0.047894
    },
    "纳指": {
      "收盘价": 663.880005,
      "1天": 0.019127,
      "1星期": 0.023164,
      "1个月": 0.129393,
      "1年": 0.467559,
      "QTD": 0.136178,
      "YTD": 0.084155
    },
    "道指": {
      "收盘价": 492.209991,
      "1天": -0.001602,
      "1星期": -0.004067,
      "1个月": 0.060927,
      "1年": 0.262541,
      "QTD": 0.057873,
      "YTD": 0.022009
    },
    "黄金": {
      "收盘价": 433.25,
      "1天": 0.005127,
      "1星期": -0.028435,
      "1个月": 0.040741,
      "1年": 0.426807,
      "QTD": -0.010438,
      "YTD": 0.087803
    },
    "WTI原油": {
      "收盘价": 132.399994,
      "1天": -0.017221,
      "1星期": 0.140986,
      "1个月": 0.167651,
      "1年": 0.945628,
      "QTD": 0.066968,
      "YTD": 0.919954
    },
    "VIX": {
      "收盘价": 18.709999,
      "1天": -0.031072,
      "1星期": 0.070366,
      "1个月": -0.26135,
      "1年": -0.342355,
      "QTD": -0.237571,
      "YTD": 0.289455
    },
    "罗素2000": {
      "收盘价": 276.649994,
      "1天": 0.004101,
      "1星期": 0.003155,
      "1个月": 0.098602,
      "1年": 0.46981,
      "QTD": 0.108551,
      "YTD": 0.114005
    },
    "比特币": {
      "收盘价": 77521.953125,
      "1天": -0.009544,
      "1星期": 0.049632,
      "1个月": 0.158235,
      "1年": -0.339667,
      "QTD": 0.138713,
      "YTD": -0.126336
    },
    "通讯服务": {
      "收盘价": 122.57,
      "1天": 0.001144,
      "1星期": -0.010894,
      "1个月": 0.059836,
      "1年": 0.326855,
      "QTD": 0.061764,
      "YTD": 0.014065
    },
    "非必需品消费": {
      "收盘价": 118.690002,
      "1天": 0.008069,
      "1星期": -0.014285,
      "1个月": 0.071887,
      "1年": 0.257126,
      "QTD": 0.080965,
      "YTD": 0.004887
    },
    "必需品消费": {
      "收盘价": 83.230003,
      "1天": -0.002995,
      "1星期": 0.009338,
      "1个月": 0.021102,
      "1年": 0.046003,
      "QTD": 0.021729,
      "YTD": 0.077339
    },
    "能源": {
      "收盘价": 56.869999,
      "1天": -0.001931,
      "1星期": 0.033624,
      "1个月": -0.061086,
      "1年": 0.444997,
      "QTD": -0.035611,
      "YTD": 0.253923
    },
    "银行": {
      "收盘价": 85.779999,
      "1天": -0.013683,
      "1星期": -0.012775,
      "1个月": 0.085823,
      "1年": 0.492294,
      "QTD": 0.070377,
      "YTD": 0.006632
    },
    "公共事业": {
      "收盘价": 46.18,
      "1天": 0.001953,
      "1星期": 0.000433,
      "1个月": 0.020552,
      "1年": 0.212667,
      "QTD": 0.001518,
      "YTD": 0.076954
    },
    "REITS": {
      "收盘价": 101.410004,
      "1天": -0.002459,
      "1星期": -0.015246,
      "1个月": 0.084715,
      "1年": 0.128422,
      "QTD": 0.068824,
      "YTD": 0.081973
    },
    "科技": {
      "收盘价": 160.220001,
      "1天": 0.028106,
      "1星期": 0.03803,
      "1个月": 0.171541,
      "1年": 0.627304,
      "QTD": 0.187607,
      "YTD": 0.111706
    },
    "医疗": {
      "收盘价": 144.179993,
      "1天": -0.014087,
      "1星期": -0.031048,
      "1个月": -0.014087,
      "1年": 0.081201,
      "QTD": -0.02403,
      "YTD": -0.069046
    },
    "趋势板块": {
      "收盘价": 280.899994,
      "1天": 0.018196,
      "1星期": 0.023464,
      "1个月": 0.136419,
      "1年": 0.413483,
      "QTD": 0.145409,
      "YTD": 0.112459
    },
    "保险板块": {
      "收盘价": 131.839996,
      "1天": -0.011916,
      "1星期": -0.014059,
      "1个月": 0.032986,
      "1年": 0.039292,
      "QTD": 0.033148,
      "YTD": -0.008599
    },
    "芯片": {
      "收盘价": 461.600006,
      "1天": 0.046712,
      "1星期": 0.110389,
      "1个月": 0.337002,
      "1年": 1.68417,
      "QTD": 0.363502,
      "YTD": 0.472423
    },
    "罗素1000价值": {
      "收盘价": 227.649994,
      "1天": 0.000703,
      "1星期": 0.002201,
      "1个月": 0.059478,
      "1年": 0.297932,
      "QTD": 0.059133,
      "YTD": 0.07689
    },
    "罗素1000成长": {
      "收盘价": 479.140015,
      "1天": 0.012874,
      "1星期": 0.00573,
      "1个月": 0.108607,
      "1年": 0.376097,
      "QTD": 0.113994,
      "YTD": 0.016537
    },
    "前7大科技": {
      "收盘价": 66.57,
      "1天": 0.018981,
      "1星期": 0.001806,
      "1个月": 0.129262,
      "1年": 0.541119,
      "QTD": 0.134458,
      "YTD": 0.018669
    },
    "标普等权指数": {
      "收盘价": 202.029999,
      "1天": -0.002075,
      "1星期": -0.005562,
      "1个月": 0.047602,
      "1年": 0.245745,
      "QTD": 0.049288,
      "YTD": 0.052032
    },
    "PUT/CALL": {
      "收盘价": 1.05,
      "1天": -0.32,
      "1星期": -0.01,
      "1个月": 0.23,
      "1年": 0.19
    }
  }
}