{
  "updateTime": "2026-05-29 23:09:29",
  "assets": {
    "美元": {
      "收盘价": 98.942001,
      "1天": -0.000788,
      "1星期": -0.0025,
      "1个月": 0.000222,
      "1年": -0.009391,
      "QTD": -0.007105,
      "YTD": 0.005304
    },
    "2年美债": {
      "收盘价": 3.588,
      "1天": -0.000557,
      "1星期": 0.001675,
      "1个月": -0.000557,
      "1年": -0.150769,
      "QTD": -0.004716,
      "YTD": 0.015568
    },
    "10年美债": {
      "收盘价": 4.453,
      "1天": -0.000449,
      "1星期": -0.029001,
      "1个月": 0.007922,
      "1年": -0.005361,
      "QTD": 0.031026,
      "YTD": 0.06353
    },
    "TLT": {
      "收盘价": 85.760002,
      "1天": 0.000233,
      "1星期": 0.018285,
      "1个月": 0.004395,
      "1年": 0.050289,
      "QTD": -0.002125,
      "YTD": 0.000111
    },
    "标普500": {
      "收盘价": 756.47998,
      "1天": 0.002491,
      "1星期": 0.018527,
      "1个月": 0.063099,
      "1年": 0.301877,
      "QTD": 0.154508,
      "YTD": 0.110333
    },
    "纳指": {
      "收盘价": 738.309998,
      "1天": 0.003684,
      "1星期": 0.03331,
      "1个月": 0.115997,
      "1年": 0.429697,
      "QTD": 0.263559,
      "YTD": 0.205703
    },
    "道指": {
      "收盘价": 510.779999,
      "1天": 0.007356,
      "1星期": 0.015245,
      "1个月": 0.045822,
      "1年": 0.230607,
      "QTD": 0.09839,
      "YTD": 0.061152
    },
    "黄金": {
      "收盘价": 417.119995,
      "1天": 0.010539,
      "1星期": 0.000312,
      "1个月": -0.000695,
      "1年": 0.372963,
      "QTD": -0.04728,
      "YTD": 0.047303
    },
    "WTI原油": {
      "收盘价": 129.089996,
      "1天": -0.012922,
      "1星期": -0.094359,
      "1个月": -0.142999,
      "1年": 0.901458,
      "QTD": 0.040293,
      "YTD": 0.871955
    },
    "VIX": {
      "收盘价": 15.32,
      "1天": -0.026684,
      "1星期": -0.082635,
      "1个月": -0.092954,
      "1年": -0.201251,
      "QTD": -0.375713,
      "YTD": 0.055824
    },
    "罗素2000": {
      "收盘价": 290.429993,
      "1天": -0.005479,
      "1星期": 0.028107,
      "1个月": 0.067443,
      "1年": 0.428445,
      "QTD": 0.163768,
      "YTD": 0.169494
    },
    "比特币": {
      "收盘价": 73367.679688,
      "1天": -0.002296,
      "1星期": -0.046939,
      "1个月": -0.08504,
      "1年": -0.365819,
      "QTD": 0.077691,
      "YTD": -0.173154
    },
    "通讯服务": {
      "收盘价": 123.663002,
      "1天": -0.008872,
      "1星期": 0.000672,
      "1个月": 0.021417,
      "1年": 0.209632,
      "QTD": 0.071232,
      "YTD": 0.023107
    },
    "非必需品消费": {
      "收盘价": 120.870003,
      "1天": -0.009749,
      "1星期": 0.018281,
      "1个月": 0.034492,
      "1年": 0.133892,
      "QTD": 0.10082,
      "YTD": 0.023344
    },
    "必需品消费": {
      "收盘价": 82.910004,
      "1天": -0.018003,
      "1星期": -0.020671,
      "1个月": -0.000121,
      "1年": 0.041854,
      "QTD": 0.0178,
      "YTD": 0.073197
    },
    "能源": {
      "收盘价": 56.290001,
      "1天": -0.011589,
      "1星期": -0.04803,
      "1个月": -0.046417,
      "1年": 0.423078,
      "QTD": -0.045447,
      "YTD": 0.241134
    },
    "银行": {
      "收盘价": 87.139999,
      "1天": 0.007515,
      "1星期": 0.012079,
      "1个月": 0.012902,
      "1年": 0.36202,
      "QTD": 0.087347,
      "YTD": 0.022592
    },
    "公共事业": {
      "收盘价": 44.419998,
      "1天": -0.004705,
      "1星期": -0.012889,
      "1个月": -0.027583,
      "1年": 0.134584,
      "QTD": -0.036652,
      "YTD": 0.035909
    },
    "REITS": {
      "收盘价": 101.43,
      "1天": -0.008601,
      "1星期": -0.011018,
      "1个月": 0.005253,
      "1年": 0.109115,
      "QTD": 0.069035,
      "YTD": 0.082186
    },
    "科技": {
      "收盘价": 191.020004,
      "1天": 0.022317,
      "1星期": 0.069541,
      "1个月": 0.200553,
      "1年": 0.661578,
      "QTD": 0.415907,
      "YTD": 0.325416
    },
    "医疗": {
      "收盘价": 149.470001,
      "1天": -0.009345,
      "1星期": 0.00891,
      "1个月": 0.046416,
      "1年": 0.157101,
      "QTD": 0.011778,
      "YTD": -0.034889
    },
    "趋势板块": {
      "收盘价": 315.809998,
      "1天": 0.003687,
      "1星期": 0.045175,
      "1个月": 0.137194,
      "1年": 0.383427,
      "QTD": 0.287759,
      "YTD": 0.250715
    },
    "保险板块": {
      "收盘价": 128.369995,
      "1天": -0.009109,
      "1星期": -0.044084,
      "1个月": -0.023282,
      "1年": -0.01439,
      "QTD": 0.005956,
      "YTD": -0.034693
    },
    "芯片": {
      "收盘价": 569.080017,
      "1天": -0.000685,
      "1星期": 0.084561,
      "1个月": 0.26465,
      "1年": 1.75027,
      "QTD": 0.680983,
      "YTD": 0.815265
    },
    "罗素1000价值": {
      "收盘价": 237.960007,
      "1天": -0.000294,
      "1星期": 0.01389,
      "1个月": 0.047959,
      "1年": 0.289456,
      "QTD": 0.1071,
      "YTD": 0.125661
    },
    "罗素1000成长": {
      "收盘价": 127.849998,
      "1天": 0.005743,
      "1星期": 0.025425,
      "1个月": 0.076178,
      "1年": 0.288703,
      "QTD": 0.188998,
      "YTD": 0.08498
    },
    "前7大科技": {
      "收盘价": 70.709999,
      "1天": -0.002258,
      "1星期": 0.01741,
      "1个月": 0.062031,
      "1年": 0.36455,
      "QTD": 0.20501,
      "YTD": 0.08202
    },
    "标普等权指数": {
      "收盘价": 208.830002,
      "1天": 0.002785,
      "1星期": 0.020126,
      "1个月": 0.042014,
      "1年": 0.205984,
      "QTD": 0.084606,
      "YTD": 0.087442
    },
    "PUT/CALL": {
      "收盘价": 1.05,
      "1天": -0.32,
      "1星期": -0.01,
      "1个月": 0.23,
      "1年": 0.19
    }
  }
}