{
  "updateTime": "2026-04-16 22:36:30",
  "assets": {
    "美元": {
      "收盘价": 98.18,
      "1天": 0.001224,
      "1星期": -0.006476,
      "1个月": -0.014059,
      "1年": -0.020355,
      "QTD": -0.014752,
      "YTD": -0.002439
    },
    "2年美债": {
      "收盘价": 3.61,
      "1天": -0.000554,
      "1星期": 0.006132,
      "1个月": 0.001387,
      "1年": -0.139452,
      "QTD": 0.001387,
      "YTD": 0.021794
    },
    "10年美债": {
      "收盘价": 4.309,
      "1天": 0.006305,
      "1星期": 0.003727,
      "1个月": 0.025464,
      "1年": -0.012603,
      "QTD": -0.002315,
      "YTD": 0.029138
    },
    "TLT": {
      "收盘价": 86.279999,
      "1天": -0.006334,
      "1星期": -0.004844,
      "1个月": -0.009437,
      "1年": 0.030683,
      "QTD": 0.000232,
      "YTD": 0.002473
    },
    "标普500": {
      "收盘价": 701.659973,
      "1天": 0.002457,
      "1星期": 0.03199,
      "1个月": 0.048877,
      "1年": 0.316411,
      "QTD": 0.070844,
      "YTD": 0.02987
    },
    "纳指": {
      "收盘价": 640.469971,
      "1天": 0.004816,
      "1星期": 0.049624,
      "1个月": 0.062932,
      "1年": 0.406772,
      "QTD": 0.096113,
      "YTD": 0.045925
    },
    "道指": {
      "收盘价": 485.630005,
      "1天": 0.001877,
      "1星期": 0.00774,
      "1个月": 0.033509,
      "1年": 0.216532,
      "QTD": 0.043289,
      "YTD": 0.007919
    },
    "黄金": {
      "收盘价": 440.079987,
      "1天": -0.000863,
      "1星期": 0.004955,
      "1个月": -0.041784,
      "1年": 0.485602,
      "QTD": 0.005162,
      "YTD": 0.104951
    },
    "WTI原油": {
      "收盘价": 125.839996,
      "1天": 0.026511,
      "1星期": -0.008822,
      "1个月": 0.058903,
      "1年": 0.887789,
      "QTD": 0.014103,
      "YTD": 0.824826
    },
    "VIX": {
      "收盘价": 17.940001,
      "1天": -0.012658,
      "1星期": -0.079528,
      "1个月": -0.198033,
      "1年": -0.419229,
      "QTD": -0.268949,
      "YTD": 0.236389
    },
    "罗素2000": {
      "收盘价": 269.950012,
      "1天": 0.002079,
      "1星期": 0.030501,
      "1个月": 0.079584,
      "1年": 0.462816,
      "QTD": 0.081704,
      "YTD": 0.087026
    },
    "比特币": {
      "收盘价": 74940.601562,
      "1天": 0.001812,
      "1星期": 0.025821,
      "1个月": 0.089386,
      "1年": -0.362191,
      "QTD": 0.100796,
      "YTD": -0.155427
    },
    "通讯服务": {
      "收盘价": 123.379997,
      "1天": 0.010732,
      "1星期": 0.036545,
      "1个月": 0.031347,
      "1年": 0.343382,
      "QTD": 0.06878,
      "YTD": 0.020766
    },
    "非必需品消费": {
      "收盘价": 117.629997,
      "1天": -0.004654,
      "1星期": 0.043374,
      "1个月": 0.041406,
      "1年": 0.246226,
      "QTD": 0.071311,
      "YTD": -0.004087
    },
    "必需品消费": {
      "收盘价": 81.43,
      "1天": 0.004565,
      "1星期": -0.024206,
      "1个月": -0.033195,
      "1年": 0.024007,
      "QTD": -0.000368,
      "YTD": 0.05404
    },
    "能源": {
      "收盘价": 56.580002,
      "1天": 0.014706,
      "1星期": -0.013082,
      "1个月": -0.026668,
      "1年": 0.475217,
      "QTD": -0.040529,
      "YTD": 0.247529
    },
    "银行": {
      "收盘价": 85.660004,
      "1天": -0.004648,
      "1星期": 0.002692,
      "1个月": 0.119149,
      "1年": 0.552749,
      "QTD": 0.06888,
      "YTD": 0.005224
    },
    "公共事业": {
      "收盘价": 46.349998,
      "1天": 0.007171,
      "1星期": -0.016967,
      "1个月": -0.009674,
      "1年": 0.227158,
      "QTD": 0.005205,
      "YTD": 0.080918
    },
    "REITS": {
      "收盘价": 101.360001,
      "1天": 0.008858,
      "1星期": 0.024874,
      "1个月": 0.030395,
      "1年": 0.147067,
      "QTD": 0.068297,
      "YTD": 0.08144
    },
    "科技": {
      "收盘价": 152.020004,
      "1天": 0.011444,
      "1星期": 0.070036,
      "1个月": 0.090791,
      "1年": 0.527666,
      "QTD": 0.126825,
      "YTD": 0.05481
    },
    "医疗": {
      "收盘价": 146.610001,
      "1天": -0.00785,
      "1星期": -0.018215,
      "1个月": -0.016221,
      "1年": 0.077124,
      "QTD": -0.007581,
      "YTD": -0.053355
    },
    "趋势板块": {
      "收盘价": 270.820007,
      "1天": 0.003074,
      "1星期": 0.032049,
      "1个月": 0.091004,
      "1年": 0.380191,
      "QTD": 0.104306,
      "YTD": 0.072539
    },
    "保险板块": {
      "收盘价": 132.350006,
      "1天": 0.000227,
      "1星期": 0.002576,
      "1个月": 0.017138,
      "1年": 0.035759,
      "QTD": 0.037144,
      "YTD": -0.004764
    },
    "芯片": {
      "收盘价": 405.950012,
      "1天": 0.010178,
      "1星期": 0.072155,
      "1个月": 0.193093,
      "1年": 1.356077,
      "QTD": 0.19912,
      "YTD": 0.294909
    },
    "罗素1000价值": {
      "收盘价": 224.940002,
      "1天": 0.004107,
      "1星期": 0.007931,
      "1个月": 0.037355,
      "1年": 0.284064,
      "QTD": 0.046525,
      "YTD": 0.064071
    },
    "罗素1000成长": {
      "收盘价": 469.230011,
      "1天": 0.000682,
      "1星期": 0.053952,
      "1个月": 0.057515,
      "1年": 0.337304,
      "QTD": 0.090954,
      "YTD": -0.004488
    },
    "前7大科技": {
      "收盘价": 65.309998,
      "1天": 0.000766,
      "1星期": 0.075593,
      "1个月": 0.068379,
      "1年": 0.476906,
      "QTD": 0.112986,
      "YTD": -0.000612
    },
    "标普等权指数": {
      "收盘价": 200.639999,
      "1天": 0.004556,
      "1星期": 0.012924,
      "1个月": 0.027794,
      "1年": 0.243281,
      "QTD": 0.042069,
      "YTD": 0.044794
    },
    "PUT/CALL": {
      "收盘价": 1.05,
      "1天": -0.32,
      "1星期": -0.01,
      "1个月": 0.23,
      "1年": 0.19
    }
  }
}