{
  "updateTime": "2026-05-06 22:47:09",
  "assets": {
    "美元": {
      "收盘价": 98.014999,
      "1天": -0.004722,
      "1星期": -0.009149,
      "1个月": -0.016309,
      "1年": -0.012344,
      "QTD": -0.016407,
      "YTD": -0.004115
    },
    "2年美债": {
      "收盘价": 3.6,
      "1天": 0.0,
      "1星期": 0.002786,
      "1个月": -0.004149,
      "1年": -0.144487,
      "QTD": -0.001387,
      "YTD": 0.018964
    },
    "10年美债": {
      "收盘价": 4.356,
      "1天": -0.013587,
      "1星期": -0.014034,
      "1个月": 0.002993,
      "1年": 0.002993,
      "QTD": 0.008567,
      "YTD": 0.040363
    },
    "TLT": {
      "收盘价": 86.080002,
      "1天": 0.007609,
      "1星期": 0.008143,
      "1个月": -0.002795,
      "1年": 0.03149,
      "QTD": 0.001598,
      "YTD": 0.003843
    },
    "标普500": {
      "收盘价": 733.830017,
      "1天": 0.013899,
      "1星期": 0.031268,
      "1个月": 0.113179,
      "1年": 0.317177,
      "QTD": 0.119941,
      "YTD": 0.077088
    },
    "纳指": {
      "收盘价": 695.77002,
      "1天": 0.020774,
      "1星期": 0.051695,
      "1个月": 0.182096,
      "1年": 0.438763,
      "QTD": 0.190755,
      "YTD": 0.136233
    },
    "道指": {
      "收盘价": 499.049988,
      "1天": 0.012354,
      "1星期": 0.021241,
      "1个月": 0.071653,
      "1年": 0.229319,
      "QTD": 0.072574,
      "YTD": 0.036212
    },
    "黄金": {
      "收盘价": 430.959991,
      "1天": 0.030339,
      "1星期": 0.032462,
      "1个月": -0.001968,
      "1年": 0.404327,
      "QTD": -0.015669,
      "YTD": 0.082053
    },
    "WTI原油": {
      "收盘价": 133.949997,
      "1天": -0.070889,
      "1星期": -0.110735,
      "1个月": -0.02991,
      "1年": 1.147667,
      "QTD": 0.079458,
      "YTD": 0.94243
    },
    "VIX": {
      "收盘价": 17.389999,
      "1天": 0.000575,
      "1星期": -0.075492,
      "1个月": -0.325446,
      "1年": -0.264382,
      "QTD": -0.291361,
      "YTD": 0.198484
    },
    "罗素2000": {
      "收盘价": 286.799988,
      "1天": 0.015006,
      "1星期": 0.054102,
      "1个月": 0.134,
      "1年": 0.457176,
      "QTD": 0.149223,
      "YTD": 0.154876
    },
    "比特币": {
      "收盘价": 81302.859375,
      "1天": 0.004644,
      "1星期": 0.039958,
      "1个月": 0.086863,
      "1年": -0.269004,
      "QTD": 0.194251,
      "YTD": -0.083725
    },
    "通讯服务": {
      "收盘价": 125.330002,
      "1天": 0.018695,
      "1星期": 0.035186,
      "1个月": 0.084263,
      "1年": 0.278971,
      "QTD": 0.085672,
      "YTD": 0.036899
    },
    "非必需品消费": {
      "收盘价": 119.870003,
      "1天": 0.015245,
      "1星期": 0.025933,
      "1个月": 0.112276,
      "1年": 0.212479,
      "QTD": 0.091712,
      "YTD": 0.014878
    },
    "必需品消费": {
      "收盘价": 84.239998,
      "1天": 0.002141,
      "1星期": 0.015919,
      "1个月": 0.036672,
      "1年": 0.062334,
      "QTD": 0.034127,
      "YTD": 0.090413
    },
    "能源": {
      "收盘价": 57.0,
      "1天": -0.041211,
      "1星期": -0.034389,
      "1个月": -0.052527,
      "1年": 0.461614,
      "QTD": -0.033407,
      "YTD": 0.256789
    },
    "银行": {
      "收盘价": 87.300003,
      "1天": 0.012526,
      "1星期": 0.014762,
      "1个月": 0.074197,
      "1年": 0.428429,
      "QTD": 0.089344,
      "YTD": 0.02447
    },
    "公共事业": {
      "收盘价": 45.709999,
      "1天": -0.014233,
      "1星期": 0.000657,
      "1个月": -0.012103,
      "1年": 0.181917,
      "QTD": -0.008675,
      "YTD": 0.065993
    },
    "REITS": {
      "收盘价": 103.279999,
      "1天": 0.013145,
      "1星期": 0.023588,
      "1个月": 0.070703,
      "1年": 0.114582,
      "QTD": 0.088533,
      "YTD": 0.101925
    },
    "科技": {
      "收盘价": 170.029999,
      "1天": 0.026565,
      "1星期": 0.068632,
      "1个月": 0.237212,
      "1年": 0.587317,
      "QTD": 0.260322,
      "YTD": 0.179774
    },
    "医疗": {
      "收盘价": 145.399994,
      "1天": 0.000688,
      "1星期": 0.017922,
      "1个月": -0.007983,
      "1年": 0.071327,
      "QTD": -0.015772,
      "YTD": -0.061168
    },
    "趋势板块": {
      "收盘价": 299.179993,
      "1天": 0.027757,
      "1星期": 0.077311,
      "1个月": 0.200176,
      "1年": 0.395993,
      "QTD": 0.219948,
      "YTD": 0.184854
    },
    "保险板块": {
      "收盘价": 131.220001,
      "1天": -0.001218,
      "1星期": -0.001598,
      "1个月": 0.015713,
      "1年": 0.006439,
      "QTD": 0.028289,
      "YTD": -0.013261
    },
    "芯片": {
      "收盘价": 506.869995,
      "1天": 0.050007,
      "1星期": 0.126403,
      "1个月": 0.457528,
      "1年": 1.705142,
      "QTD": 0.497223,
      "YTD": 0.616826
    },
    "罗素1000价值": {
      "收盘价": 234.479996,
      "1天": 0.010559,
      "1星期": 0.032633,
      "1个月": 0.082149,
      "1年": 0.295994,
      "QTD": 0.090909,
      "YTD": 0.109199
    },
    "罗素1000成长": {
      "收盘价": 122.440002,
      "1天": 0.016859,
      "1星期": 0.03064,
      "1个月": 0.133782,
      "1年": 0.311966,
      "QTD": 0.138686,
      "YTD": 0.039069
    },
    "前7大科技": {
      "收盘价": 68.459999,
      "1天": 0.020116,
      "1星期": 0.028237,
      "1个月": 0.174472,
      "1年": 0.461191,
      "QTD": 0.166667,
      "YTD": 0.04759
    },
    "标普等权指数": {
      "收盘价": 204.850006,
      "1天": 0.007922,
      "1星期": 0.022155,
      "1个月": 0.058711,
      "1年": 0.215799,
      "QTD": 0.063935,
      "YTD": 0.066717
    },
    "PUT/CALL": {
      "收盘价": 1.05,
      "1天": -0.32,
      "1星期": -0.01,
      "1个月": 0.23,
      "1年": 0.19
    }
  }
}