{
  "updateTime": "2026-03-06 22:23:53",
  "assets": {
    "美元": {
      "收盘价": 98.855003,
      "1天": -0.004682,
      "1星期": 0.012755,
      "1个月": 0.012651,
      "1年": -0.050019,
      "QTD": 0.00442,
      "YTD": 0.00442
    },
    "2年美债": {
      "收盘价": 3.57,
      "1天": -0.005017,
      "1星期": -0.002236,
      "1个月": -0.006954,
      "1年": -0.151011,
      "QTD": 0.010473,
      "YTD": 0.010473
    },
    "10年美债": {
      "收盘价": 4.133,
      "1天": -0.003135,
      "1星期": 0.04316,
      "1个月": -0.033216,
      "1年": -0.030949,
      "QTD": -0.012897,
      "YTD": -0.012897
    },
    "TLT": {
      "收盘价": 88.459999,
      "1天": -0.003717,
      "1星期": -0.022747,
      "1个月": 0.025585,
      "1年": 0.015268,
      "QTD": 0.019811,
      "YTD": 0.019811
    },
    "标普500": {
      "收盘价": 672.380005,
      "1天": -0.013107,
      "1星期": -0.01984,
      "1个月": -0.020126,
      "1年": 0.166734,
      "QTD": -0.015794,
      "YTD": -0.015794
    },
    "纳指": {
      "收盘价": 599.75,
      "1天": -0.015043,
      "1星期": -0.012416,
      "1个月": -0.009905,
      "1年": 0.200756,
      "QTD": -0.021806,
      "YTD": -0.021806
    },
    "道指": {
      "收盘价": 475.230011,
      "1天": -0.009607,
      "1星期": -0.029469,
      "1个月": -0.038262,
      "1年": 0.120922,
      "QTD": -0.015792,
      "YTD": -0.015792
    },
    "黄金": {
      "收盘价": 473.51001,
      "1天": 0.015833,
      "1星期": -0.021168,
      "1个月": 0.043043,
      "1年": 0.756213,
      "QTD": 0.188887,
      "YTD": 0.188887
    },
    "WTI原油": {
      "收盘价": 108.769997,
      "1天": 0.129374,
      "1星期": 0.327273,
      "1个月": 0.396636,
      "1年": 0.522963,
      "QTD": 0.577291,
      "YTD": 0.577291
    },
    "VIX": {
      "收盘价": 29.49,
      "1天": 0.241684,
      "1星期": 0.484894,
      "1个月": 0.582082,
      "1年": 0.344733,
      "QTD": 1.032391,
      "YTD": 1.032391
    },
    "罗素2000": {
      "收盘价": 250.889999,
      "1天": -0.022862,
      "1星期": -0.040243,
      "1个月": -0.036964,
      "1年": 0.217017,
      "QTD": 0.008481,
      "YTD": 0.008481
    },
    "比特币": {
      "收盘价": 68343.34375,
      "1天": -0.035259,
      "1星期": 0.039631,
      "1个月": -0.007472,
      "1年": -0.361805,
      "QTD": -0.229778,
      "YTD": -0.229778
    },
    "通讯服务": {
      "收盘价": 119.959999,
      "1天": -0.006789,
      "1星期": -0.018812,
      "1个月": -0.022729,
      "1年": 0.203325,
      "QTD": -0.007529,
      "YTD": -0.007529
    },
    "非必需品消费": {
      "收盘价": 114.440002,
      "1天": -0.018104,
      "1星期": -0.020709,
      "1个月": -0.047127,
      "1年": 0.092003,
      "QTD": -0.033038,
      "YTD": -0.033038
    },
    "必需品消费": {
      "收盘价": 85.779999,
      "1天": 0.004332,
      "1星期": -0.046995,
      "1个月": -0.01391,
      "1年": 0.068936,
      "QTD": 0.104132,
      "YTD": 0.104132
    },
    "能源": {
      "收盘价": 56.57,
      "1天": 0.001593,
      "1星期": 0.011624,
      "1个月": 0.070793,
      "1年": 0.364284,
      "QTD": 0.239211,
      "YTD": 0.239211
    },
    "银行": {
      "收盘价": 79.089996,
      "1天": -0.024303,
      "1星期": -0.033838,
      "1个月": -0.112346,
      "1年": 0.238059,
      "QTD": -0.077775,
      "YTD": -0.077775
    },
    "公共事业": {
      "收盘价": 46.740002,
      "1天": -0.003412,
      "1星期": -0.020742,
      "1个月": 0.084958,
      "1年": 0.240808,
      "QTD": 0.082446,
      "YTD": 0.082446
    },
    "REITS": {
      "收盘价": 99.019997,
      "1天": -0.011579,
      "1星期": -0.022314,
      "1个月": 0.027605,
      "1年": 0.02509,
      "QTD": 0.053516,
      "YTD": 0.053516
    },
    "科技": {
      "收盘价": 137.289993,
      "1天": -0.020616,
      "1星期": -0.010594,
      "1个月": -0.006009,
      "1年": 0.246967,
      "QTD": -0.048579,
      "YTD": -0.048579
    },
    "医疗": {
      "收盘价": 152.699997,
      "1天": -0.007862,
      "1星期": -0.046816,
      "1个月": -0.021342,
      "1年": 0.03812,
      "QTD": -0.01807,
      "YTD": -0.01807
    },
    "趋势板块": {
      "收盘价": 241.479996,
      "1天": -0.022467,
      "1星期": -0.045383,
      "1个月": -0.022546,
      "1年": 0.146817,
      "QTD": -0.044514,
      "YTD": -0.044514
    },
    "保险板块": {
      "收盘价": 134.169998,
      "1天": -0.007178,
      "1星期": -0.017573,
      "1个月": -0.010619,
      "1年": 0.012242,
      "QTD": -0.006369,
      "YTD": -0.006369
    },
    "芯片": {
      "收盘价": 323.51001,
      "1天": -0.04219,
      "1星期": -0.081694,
      "1个月": -0.020794,
      "1年": 0.576695,
      "QTD": 0.031305,
      "YTD": 0.031305
    },
    "罗素1000价值": {
      "收盘价": 217.720001,
      "1天": -0.013011,
      "1星期": -0.034587,
      "1个月": -0.022055,
      "1年": 0.164638,
      "QTD": 0.026013,
      "YTD": 0.026013
    },
    "罗素1000成长": {
      "收盘价": 447.059998,
      "1天": -0.013156,
      "1星期": -0.006953,
      "1个月": -0.015156,
      "1年": 0.156693,
      "QTD": -0.052357,
      "YTD": -0.052357
    },
    "前7大科技": {
      "收盘价": 60.990002,
      "1天": -0.018822,
      "1星期": -0.005868,
      "1个月": -0.048369,
      "1年": 0.23204,
      "QTD": -0.066718,
      "YTD": -0.066718
    },
    "标普等权指数": {
      "收盘价": 198.149994,
      "1天": -0.011918,
      "1星期": -0.033273,
      "1个月": -0.010734,
      "1年": 0.138822,
      "QTD": 0.027429,
      "YTD": 0.027429
    },
    "垃圾债券利差": {
      "收盘价": 3.0,
      "1天": 0.03,
      "1星期": -0.1,
      "1个月": 0.03,
      "1年": -0.17
    },
    "PUT/CALL": {
      "收盘价": 1.05,
      "1天": -0.32,
      "1星期": -0.01,
      "1个月": 0.23,
      "1年": 0.19
    }
  }
}