{
  "updateTime": "2026-03-27 22:28:43",
  "assets": {
    "美元": {
      "收盘价": 100.193001,
      "1天": 0.002933,
      "1星期": 0.005449,
      "1个月": 0.024573,
      "1年": -0.037254,
      "QTD": 0.018015,
      "YTD": 0.018015
    },
    "2年美债": {
      "收盘价": 3.607,
      "1天": -0.003591,
      "1星期": -0.00304,
      "1个月": 0.005295,
      "1年": -0.139141,
      "QTD": 0.020945,
      "YTD": 0.020945
    },
    "10年美债": {
      "收盘价": 4.44,
      "1天": 0.005435,
      "1星期": 0.011159,
      "1个月": 0.105302,
      "1年": 0.023513,
      "QTD": 0.060425,
      "YTD": 0.060425
    },
    "TLT": {
      "收盘价": 85.639999,
      "1天": -0.005458,
      "1星期": -0.002214,
      "1个月": -0.048136,
      "1年": 0.003591,
      "QTD": -0.008923,
      "YTD": -0.008923
    },
    "标普500": {
      "收盘价": 634.090027,
      "1天": -0.017052,
      "1星期": -0.022326,
      "1个月": -0.077583,
      "1年": 0.127981,
      "QTD": -0.069307,
      "YTD": -0.069307
    },
    "纳指": {
      "收盘价": 562.580017,
      "1天": -0.019537,
      "1星期": -0.033467,
      "1个月": -0.076587,
      "1年": 0.165596,
      "QTD": -0.082431,
      "YTD": -0.082431
    },
    "道指": {
      "收盘价": 451.390015,
      "1天": -0.017243,
      "1星期": -0.009871,
      "1个月": -0.085872,
      "1年": 0.080622,
      "QTD": -0.063146,
      "YTD": -0.063146
    },
    "黄金": {
      "收盘价": 414.700012,
      "1天": 0.035094,
      "1星期": 0.003193,
      "1个月": -0.131482,
      "1年": 0.49044,
      "QTD": 0.041227,
      "YTD": 0.041227
    },
    "WTI原油": {
      "收盘价": 124.199997,
      "1天": 0.059185,
      "1星期": 0.022811,
      "1个月": 0.556976,
      "1年": 0.646778,
      "QTD": 0.801044,
      "YTD": 0.801044
    },
    "VIX": {
      "收盘价": 31.049999,
      "1天": 0.13156,
      "1星期": 0.159447,
      "1个月": 0.666667,
      "1年": 0.693944,
      "QTD": 1.139903,
      "YTD": 1.139903
    },
    "罗素2000": {
      "收盘价": 243.100006,
      "1天": -0.01754,
      "1星期": 0.003633,
      "1个月": -0.08443,
      "1年": 0.195193,
      "QTD": -0.021093,
      "YTD": -0.021093
    },
    "比特币": {
      "收盘价": 65966.1875,
      "1天": -0.041072,
      "1星期": -0.027696,
      "1个月": -0.031852,
      "1年": -0.44098,
      "QTD": -0.256568,
      "YTD": -0.256568
    },
    "通讯服务": {
      "收盘价": 111.0,
      "1天": -0.013859,
      "1星期": -0.038628,
      "1个月": -0.081734,
      "1年": 0.142918,
      "QTD": -0.081658,
      "YTD": -0.081658
    },
    "非必需品消费": {
      "收盘价": 105.68,
      "1天": -0.028944,
      "1星期": -0.01912,
      "1个月": -0.097138,
      "1年": 0.046123,
      "QTD": -0.107055,
      "YTD": -0.107055
    },
    "必需品消费": {
      "收盘价": 81.779999,
      "1天": 0.007888,
      "1星期": 0.006028,
      "1个月": -0.079676,
      "1年": 0.045947,
      "QTD": 0.052645,
      "YTD": 0.052645
    },
    "能源": {
      "收盘价": 62.560001,
      "1天": 0.016905,
      "1星期": 0.054797,
      "1个月": 0.136421,
      "1年": 0.368081,
      "QTD": 0.370427,
      "YTD": 0.370427
    },
    "银行": {
      "收盘价": 76.209999,
      "1天": -0.023825,
      "1星期": -0.011287,
      "1个月": -0.114558,
      "1年": 0.203456,
      "QTD": -0.111357,
      "YTD": -0.111357
    },
    "公共事业": {
      "收盘价": 45.59,
      "1天": 0.005736,
      "1星期": 0.021053,
      "1个月": -0.033701,
      "1年": 0.202681,
      "QTD": 0.055813,
      "YTD": 0.055813
    },
    "REITS": {
      "收盘价": 92.610001,
      "1天": -0.007821,
      "1星期": -0.008989,
      "1个月": -0.080951,
      "1年": -0.003927,
      "QTD": -0.011917,
      "YTD": -0.011917
    },
    "科技": {
      "收盘价": 129.919998,
      "1天": -0.019472,
      "1星期": -0.039692,
      "1个月": -0.078647,
      "1年": 0.222599,
      "QTD": -0.099654,
      "YTD": -0.099654
    },
    "医疗": {
      "收盘价": 143.259995,
      "1天": -0.017017,
      "1星期": -0.014243,
      "1个月": -0.08995,
      "1年": 0.003302,
      "QTD": -0.078773,
      "YTD": -0.078773
    },
    "趋势板块": {
      "收盘价": 235.759995,
      "1天": -0.010285,
      "1星期": -0.023849,
      "1个月": -0.074223,
      "1年": 0.148057,
      "QTD": -0.066311,
      "YTD": -0.066311
    },
    "保险板块": {
      "收盘价": 125.529999,
      "1天": -0.019986,
      "1星期": -0.012042,
      "1个月": -0.068262,
      "1年": -0.055334,
      "QTD": -0.056049,
      "YTD": -0.056049
    },
    "芯片": {
      "收盘价": 323.480011,
      "1天": -0.01633,
      "1星期": -0.027157,
      "1个月": -0.092827,
      "1年": 0.640282,
      "QTD": 0.031845,
      "YTD": 0.031845
    },
    "罗素1000价值": {
      "收盘价": 210.050003,
      "1天": -0.011576,
      "1星期": -0.005963,
      "1个月": -0.064473,
      "1年": 0.129258,
      "QTD": -0.006366,
      "YTD": -0.006366
    },
    "罗素1000成长": {
      "收盘价": 412.809998,
      "1天": -0.022588,
      "1星期": -0.034227,
      "1个月": -0.090227,
      "1年": 0.113799,
      "QTD": -0.124188,
      "YTD": -0.124188
    },
    "前7大科技": {
      "收盘价": 55.450001,
      "1天": -0.027705,
      "1星期": -0.050026,
      "1个月": -0.109523,
      "1年": 0.173634,
      "QTD": -0.151492,
      "YTD": -0.151492
    },
    "标普等权指数": {
      "收盘价": 188.460007,
      "1天": -0.013712,
      "1星期": -0.010605,
      "1个月": -0.07947,
      "1年": 0.090708,
      "QTD": -0.022814,
      "YTD": -0.022814
    },
    "PUT/CALL": {
      "收盘价": 1.05,
      "1天": -0.32,
      "1星期": -0.01,
      "1个月": 0.23,
      "1年": 0.19
    }
  }
}