{
  "updateTime": "2026-01-02 22:17:18",
  "assets": {
    "美元": {
      "收盘价": 98.432999,
      "1天": 0.001557,
      "1星期": 0.004623,
      "1个月": -0.00933,
      "1年": -0.100165
    },
    "2年美债": {
      "收盘价": 3.533,
      "1天": -0.003947,
      "1星期": -0.006188,
      "1个月": -0.037854,
      "1年": -0.155189
    },
    "10年美债": {
      "收盘价": 4.187,
      "1天": 0.005765,
      "1星期": 0.012331,
      "1个月": 0.024719,
      "1年": -0.078768
    },
    "TLT": {
      "收盘价": 87.029999,
      "1天": -0.001492,
      "1星期": -0.01136,
      "1个月": -0.016229,
      "1年": 0.035345
    },
    "标普500": {
      "收盘价": 683.169983,
      "1天": 0.001833,
      "1星期": -0.010444,
      "1个月": 0.005368,
      "1年": 0.175058
    },
    "纳指": {
      "收盘价": 613.119995,
      "1天": -0.001937,
      "1星期": -0.017326,
      "1个月": -0.013007,
      "1年": 0.195147
    },
    "道指": {
      "收盘价": 483.630005,
      "1天": 0.006367,
      "1星期": -0.00694,
      "1个月": 0.019827,
      "1年": 0.153632
    },
    "黄金": {
      "收盘价": 398.279999,
      "1天": 0.004971,
      "1星期": -0.033137,
      "1个月": 0.028509,
      "1年": 0.655155
    },
    "WTI原油": {
      "收盘价": 68.959999,
      "1天": -0.002892,
      "1星期": -0.017664,
      "1个月": -0.017664,
      "1年": -0.078321
    },
    "VIX": {
      "收盘价": 14.51,
      "1天": -0.029431,
      "1星期": 0.077209,
      "1个月": -0.125377,
      "1年": -0.166092
    },
    "罗素2000": {
      "收盘价": 248.779999,
      "1天": 0.010643,
      "1星期": -0.015551,
      "1个月": 0.018127,
      "1年": 0.140012
    },
    "比特币": {
      "收盘价": 90078.648438,
      "1天": 0.015177,
      "1星期": 0.025534,
      "1个月": -0.002124,
      "1年": -0.049006,
      "QTD": 0.015177,
      "YTD": 0.015177
    },
    "通讯服务": {
      "收盘价": 120.870003,
      "1天": -0.002887,
      "1星期": -0.003627,
      "1个月": 0.001184,
      "1年": 0.280747
    },
    "非必需品消费": {
      "收盘价": 118.349998,
      "1天": -0.008877,
      "1星期": -0.034587,
      "1个月": 0.003084,
      "1年": 0.056173
    },
    "必需品消费": {
      "收盘价": 77.690002,
      "1天": 0.000129,
      "1星期": -0.005504,
      "1个月": -0.005798,
      "1年": 0.018401
    },
    "能源": {
      "收盘价": 45.650002,
      "1天": 0.021024,
      "1星期": 0.028848,
      "1个月": 0.021503,
      "1年": 0.115903
    },
    "银行": {
      "收盘价": 85.760002,
      "1天": 0.01744,
      "1星期": -0.007407,
      "1个月": 0.086302,
      "1年": 0.343703
    },
    "公共事业": {
      "收盘价": 43.18,
      "1天": 0.011478,
      "1星期": 0.008643,
      "1个月": -0.009934,
      "1年": 0.172477
    },
    "REITS": {
      "收盘价": 93.989998,
      "1天": 0.001065,
      "1星期": -0.002441,
      "1个月": -0.006703,
      "1年": 0.043664
    },
    "科技": {
      "收盘价": 144.300003,
      "1天": 0.002292,
      "1星期": -0.013671,
      "1个月": -0.000906,
      "1年": 0.238529
    },
    "医疗": {
      "收盘价": 155.509995,
      "1天": 0.004587,
      "1星期": -0.001861,
      "1个月": 0.01174,
      "1年": 0.153055
    },
    "趋势板块": {
      "收盘价": 252.729996,
      "1天": 0.009668,
      "1星期": -0.010725,
      "1个月": 0.018507,
      "1年": 0.227553
    },
    "保险板块": {
      "收盘价": 135.029999,
      "1天": -0.008226,
      "1星期": -0.017535,
      "1个月": 0.018792,
      "1年": 0.089954
    },
    "芯片": {
      "收盘价": 313.690002,
      "1天": 0.04164,
      "1星期": 0.024662,
      "1个月": 0.037345,
      "1年": 0.453899
    },
    "罗素1000价值": {
      "收盘价": 212.199997,
      "1天": 0.008843,
      "1星期": -0.001647,
      "1个月": 0.023002,
      "1年": 0.170027
    },
    "罗素1000成长": {
      "收盘价": 471.76001,
      "1天": -0.003254,
      "1星期": -0.018128,
      "1个月": -0.00984,
      "1年": 0.168908
    },
    "前7大科技": {
      "收盘价": 65.349998,
      "1天": -0.009248,
      "1星期": -0.027294,
      "1个月": -0.010308,
      "1年": 0.201474
    },
    "标普等权指数": {
      "收盘价": 192.860001,
      "1天": 0.006786,
      "1星期": -0.004799,
      "1个月": 0.018875,
      "1年": 0.121727
    },
    "垃圾债券利差": {
      "收盘价": 2.81,
      "1天": -0.03,
      "1星期": -0.02,
      "1个月": -0.13,
      "1年": 0.01
    },
    "PUT/CALL": {
      "收盘价": 1.05,
      "1天": -0.32,
      "1星期": -0.01,
      "1个月": 0.23,
      "1年": 0.19
    }
  }
}