{
  "updateTime": "2026-04-08 22:35:54",
  "assets": {
    "美元": {
      "收盘价": 98.998001,
      "1天": -0.006443,
      "1星期": -0.009624,
      "1个月": -0.001835,
      "1年": -0.041274,
      "QTD": -0.006543,
      "YTD": 0.005873
    },
    "2年美债": {
      "收盘价": 3.6,
      "1天": -0.004149,
      "1星期": 0.0,
      "1个月": 0.001948,
      "1年": -0.133574,
      "QTD": -0.001387,
      "YTD": 0.018964
    },
    "10年美债": {
      "收盘价": 4.291,
      "1天": -0.011973,
      "1星期": -0.004639,
      "1个月": 0.037476,
      "1年": 0.076788,
      "QTD": -0.006483,
      "YTD": 0.024839
    },
    "TLT": {
      "收盘价": 86.919998,
      "1天": 0.003232,
      "1星期": 0.006659,
      "1个月": -0.021996,
      "1年": -0.021388,
      "QTD": 0.007651,
      "YTD": 0.009909
    },
    "标普500": {
      "收盘价": 676.01001,
      "1天": 0.02547,
      "1星期": 0.039472,
      "1个月": -0.00061,
      "1年": 0.353229,
      "QTD": 0.031698,
      "YTD": -0.007778
    },
    "纳指": {
      "收盘价": 606.090027,
      "1天": 0.029732,
      "1星期": 0.050088,
      "1个月": -0.00149,
      "1年": 0.440897,
      "QTD": 0.037275,
      "YTD": -0.010219
    },
    "道指": {
      "收盘价": 479.160004,
      "1天": 0.028505,
      "1星期": 0.034478,
      "1个月": 0.004845,
      "1年": 0.269859,
      "QTD": 0.029389,
      "YTD": -0.005509
    },
    "黄金": {
      "收盘价": 434.529999,
      "1天": 0.006299,
      "1星期": 0.009854,
      "1个月": -0.080418,
      "1年": 0.553446,
      "QTD": -0.007515,
      "YTD": 0.091016
    },
    "WTI原油": {
      "收盘价": 124.580002,
      "1天": -0.097769,
      "1星期": -0.020982,
      "1个月": 0.194096,
      "1年": 0.834217,
      "QTD": 0.003949,
      "YTD": 0.806555
    },
    "VIX": {
      "收盘价": 21.040001,
      "1天": -0.183863,
      "1星期": -0.166733,
      "1个月": -0.174902,
      "1年": -0.535643,
      "QTD": -0.142624,
      "YTD": 0.450034
    },
    "罗素2000": {
      "收盘价": 260.470001,
      "1天": 0.029892,
      "1星期": 0.050282,
      "1个月": 0.028836,
      "1年": 0.453044,
      "QTD": 0.043717,
      "YTD": 0.048852
    },
    "比特币": {
      "收盘价": 71214.398438,
      "1天": -0.010096,
      "1星期": 0.063996,
      "1个月": -0.000438,
      "1年": -0.395624,
      "QTD": 0.046062,
      "YTD": -0.197421
    },
    "通讯服务": {
      "收盘价": 118.610001,
      "1天": 0.026127,
      "1星期": 0.032648,
      "1个月": -0.016338,
      "1年": 0.365885,
      "QTD": 0.02746,
      "YTD": -0.018698
    },
    "非必需品消费": {
      "收盘价": 110.82,
      "1天": 0.028301,
      "1星期": 0.016884,
      "1个月": -0.030957,
      "1年": 0.222123,
      "QTD": 0.00929,
      "YTD": -0.061744
    },
    "必需品消费": {
      "收盘价": 82.779999,
      "1天": 0.018705,
      "1星期": 0.009758,
      "1个月": -0.031686,
      "1年": 0.084237,
      "QTD": 0.016204,
      "YTD": 0.071514
    },
    "能源": {
      "收盘价": 58.049999,
      "1天": -0.035073,
      "1星期": -0.0524,
      "1个月": 0.037452,
      "1年": 0.521424,
      "QTD": -0.015601,
      "YTD": 0.27994
    },
    "银行": {
      "收盘价": 84.32,
      "1天": 0.037529,
      "1星期": 0.065723,
      "1个月": 0.075668,
      "1年": 0.61331,
      "QTD": 0.052159,
      "YTD": -0.010501
    },
    "公共事业": {
      "收盘价": 46.779999,
      "1天": 0.011022,
      "1星期": 0.019394,
      "1个月": 0.005487,
      "1年": 0.291055,
      "QTD": 0.01453,
      "YTD": 0.090946
    },
    "REITS": {
      "收盘价": 98.190002,
      "1天": 0.017935,
      "1星期": 0.038388,
      "1个月": -0.007703,
      "1年": 0.128027,
      "QTD": 0.034886,
      "YTD": 0.047618
    },
    "科技": {
      "收盘价": 141.690002,
      "1天": 0.030998,
      "1星期": 0.06614,
      "1个月": 0.01507,
      "1年": 0.562754,
      "QTD": 0.050256,
      "YTD": -0.016866
    },
    "医疗": {
      "收盘价": 149.669998,
      "1天": 0.02115,
      "1星期": 0.020872,
      "1个月": -0.025766,
      "1年": 0.126103,
      "QTD": 0.013132,
      "YTD": -0.033597
    },
    "趋势板块": {
      "收盘价": 259.640015,
      "1天": 0.04156,
      "1星期": 0.081878,
      "1个月": 0.051095,
      "1年": 0.444755,
      "QTD": 0.058718,
      "YTD": 0.028262
    },
    "保险板块": {
      "收盘价": 131.559998,
      "1天": 0.018345,
      "1星期": 0.025489,
      "1个月": 0.010091,
      "1年": 0.078045,
      "QTD": 0.030954,
      "YTD": -0.010705
    },
    "芯片": {
      "收盘价": 370.399994,
      "1天": 0.065102,
      "1星期": 0.127001,
      "1个月": 0.101847,
      "1年": 1.36482,
      "QTD": 0.09411,
      "YTD": 0.181511
    },
    "罗素1000价值": {
      "收盘价": 221.949997,
      "1天": 0.024322,
      "1星期": 0.038751,
      "1个月": 0.018629,
      "1年": 0.32559,
      "QTD": 0.032614,
      "YTD": 0.049927
    },
    "罗素1000成长": {
      "收盘价": 443.149994,
      "1天": 0.025881,
      "1星期": 0.039282,
      "1个月": -0.019671,
      "1年": 0.365901,
      "QTD": 0.030318,
      "YTD": -0.059819
    },
    "前7大科技": {
      "收盘价": 59.82,
      "1天": 0.026248,
      "1星期": 0.032447,
      "1个月": -0.030784,
      "1年": 0.467557,
      "QTD": 0.019427,
      "YTD": -0.084621
    },
    "标普等权指数": {
      "收盘价": 197.960007,
      "1天": 0.023102,
      "1星期": 0.031471,
      "1个月": 0.000491,
      "1年": 0.280602,
      "QTD": 0.02815,
      "YTD": 0.030838
    },
    "PUT/CALL": {
      "收盘价": 1.05,
      "1天": -0.32,
      "1星期": -0.01,
      "1个月": 0.23,
      "1年": 0.19
    }
  }
}