{
  "updateTime": "2026-01-15 22:18:55",
  "assets": {
    "美元": {
      "收盘价": 99.358002,
      "1天": 0.0023,
      "1星期": 0.004326,
      "1个月": 0.012308,
      "1年": -0.089211,
      "QTD": 0.009531,
      "YTD": 0.009531
    },
    "2年美债": {
      "收盘价": 3.565,
      "1天": 0.001405,
      "1星期": 0.016538,
      "1个月": 0.007631,
      "1年": -0.15381,
      "QTD": 0.009057,
      "YTD": 0.009057
    },
    "10年美债": {
      "收盘价": 4.16,
      "1天": 0.004831,
      "1星期": -0.005499,
      "1个月": -0.005261,
      "1年": -0.131161,
      "QTD": -0.006449,
      "YTD": -0.006449
    },
    "TLT": {
      "收盘价": 88.309998,
      "1天": -0.000226,
      "1星期": 0.01099,
      "1个月": 0.014344,
      "1年": 0.08149,
      "QTD": 0.014708,
      "YTD": 0.014708
    },
    "标普500": {
      "收盘价": 692.23999,
      "1天": 0.002723,
      "1星期": 0.003959,
      "1个月": 0.019913,
      "1年": 0.202991,
      "QTD": 0.013276,
      "YTD": 0.013276
    },
    "纳指": {
      "收盘价": 621.780029,
      "1天": 0.003599,
      "1星期": 0.002111,
      "1个月": 0.019722,
      "1年": 0.237296,
      "QTD": 0.014125,
      "YTD": 0.014125
    },
    "道指": {
      "收盘价": 494.480011,
      "1天": 0.005899,
      "1星期": 0.003959,
      "1个月": 0.021408,
      "1年": 0.181233,
      "QTD": 0.022435,
      "YTD": 0.022435
    },
    "黄金": {
      "收盘价": 423.329987,
      "1天": -0.006128,
      "1星期": 0.028773,
      "1个月": 0.069555,
      "1年": 0.713678,
      "QTD": 0.062895,
      "YTD": 0.062895
    },
    "WTI原油": {
      "收盘价": 71.129997,
      "1天": -0.020383,
      "1星期": 0.008364,
      "1个月": 0.047724,
      "1年": -0.129056,
      "QTD": 0.031467,
      "YTD": 0.031467
    },
    "VIX": {
      "收盘价": 15.84,
      "1天": -0.054328,
      "1星期": 0.025243,
      "1个月": -0.04,
      "1年": -0.153394,
      "QTD": 0.091661,
      "YTD": 0.091661
    },
    "罗素2000": {
      "收盘价": 265.51001,
      "1天": 0.008815,
      "1星期": 0.028033,
      "1个月": 0.057438,
      "1年": 0.221991,
      "QTD": 0.067248,
      "YTD": 0.067248
    },
    "比特币": {
      "收盘价": 95482.914062,
      "1天": -0.014922,
      "1星期": 0.056383,
      "1个月": 0.094551,
      "1年": -0.07515,
      "QTD": 0.076082,
      "YTD": 0.076082
    },
    "通讯服务": {
      "收盘价": 120.190002,
      "1天": -0.004308,
      "1星期": -0.008415,
      "1个月": 0.007342,
      "1年": 0.297684,
      "QTD": -0.005626,
      "YTD": -0.005626
    },
    "非必需品消费": {
      "收盘价": 122.699997,
      "1天": 0.003681,
      "1星期": -0.00179,
      "1个月": 0.009966,
      "1年": 0.11678,
      "QTD": 0.036755,
      "YTD": 0.036755
    },
    "必需品消费": {
      "收盘价": 82.370003,
      "1天": 0.001703,
      "1星期": 0.050102,
      "1个月": 0.042577,
      "1年": 0.106288,
      "QTD": 0.060239,
      "YTD": 0.060239
    },
    "能源": {
      "收盘价": 47.610001,
      "1天": -0.009363,
      "1星期": 0.022771,
      "1个月": 0.062533,
      "1年": 0.078717,
      "QTD": 0.042935,
      "YTD": 0.042935
    },
    "银行": {
      "收盘价": 86.489998,
      "1天": 0.016095,
      "1星期": -0.016489,
      "1个月": 0.022374,
      "1年": 0.331902,
      "QTD": 0.008512,
      "YTD": 0.008512
    },
    "公共事业": {
      "收盘价": 43.610001,
      "1天": 0.010192,
      "1星期": 0.038581,
      "1个月": 0.016583,
      "1年": 0.185404,
      "QTD": 0.009958,
      "YTD": 0.009958
    },
    "REITS": {
      "收盘价": 97.029999,
      "1天": 0.007058,
      "1星期": 0.025904,
      "1个月": 0.029846,
      "1年": 0.08708,
      "QTD": 0.032344,
      "YTD": 0.032344
    },
    "科技": {
      "收盘价": 145.460007,
      "1天": 0.005252,
      "1星期": 0.008458,
      "1个月": 0.023757,
      "1年": 0.285267,
      "QTD": 0.008039,
      "YTD": 0.008039
    },
    "医疗": {
      "收盘价": 156.960007,
      "1天": -0.005701,
      "1星期": -0.007336,
      "1个月": 0.009791,
      "1年": 0.140863,
      "QTD": 0.009324,
      "YTD": 0.009324
    },
    "趋势板块": {
      "收盘价": 257.209991,
      "1天": 0.005787,
      "1星期": 0.015316,
      "1个月": 0.038523,
      "1年": 0.242738,
      "QTD": 0.017726,
      "YTD": 0.017726
    },
    "保险板块": {
      "收盘价": 131.365005,
      "1天": -0.003149,
      "1星期": -0.034223,
      "1个月": -0.047893,
      "1年": 0.067402,
      "QTD": -0.027142,
      "YTD": -0.027142
    },
    "芯片": {
      "收盘价": 337.220001,
      "1天": 0.016029,
      "1星期": 0.055197,
      "1个月": 0.133231,
      "1年": 0.550965,
      "QTD": 0.07501,
      "YTD": 0.07501
    },
    "罗素1000价值": {
      "收盘价": 219.199997,
      "1天": 0.004031,
      "1星期": 0.014157,
      "1个月": 0.038464,
      "1年": 0.194584,
      "QTD": 0.032988,
      "YTD": 0.032988
    },
    "罗素1000成长": {
      "收盘价": 470.670013,
      "1天": 0.001127,
      "1星期": -0.005515,
      "1个月": 0.004105,
      "1年": 0.195414,
      "QTD": -0.00231,
      "YTD": -0.00231
    },
    "前7大科技": {
      "收盘价": 65.089996,
      "1天": 0.001693,
      "1星期": -0.011992,
      "1个月": -0.002785,
      "1年": 0.232883,
      "QTD": -0.003979,
      "YTD": -0.003979
    },
    "标普等权指数": {
      "收盘价": 199.559998,
      "1天": 0.004429,
      "1星期": 0.015779,
      "1个月": 0.034617,
      "1年": 0.152983,
      "QTD": 0.03474,
      "YTD": 0.03474
    },
    "垃圾债券利差": {
      "收盘价": 2.76,
      "1天": 0.01,
      "1星期": -0.03,
      "1个月": -0.15,
      "1年": 0.1
    },
    "PUT/CALL": {
      "收盘价": 1.05,
      "1天": -0.32,
      "1星期": -0.01,
      "1个月": 0.23,
      "1年": 0.19
    }
  }
}