{
  "updateTime": "2026-04-09 22:37:48",
  "assets": {
    "美元": {
      "收盘价": 98.793999,
      "1天": -0.003389,
      "1星期": -0.00859,
      "1个月": -0.000364,
      "1年": -0.040462,
      "QTD": -0.00859,
      "YTD": 0.0038
    },
    "2年美债": {
      "收盘价": 3.588,
      "1天": -0.003333,
      "1星期": -0.004716,
      "1个月": -0.001947,
      "1年": -0.135422,
      "QTD": -0.004716,
      "YTD": 0.015568
    },
    "10年美债": {
      "收盘价": 4.293,
      "1天": 0.000466,
      "1星期": -0.00602,
      "1个月": 0.037959,
      "1年": 0.033213,
      "QTD": -0.00602,
      "YTD": 0.025317
    },
    "TLT": {
      "收盘价": 86.699997,
      "1天": -0.002531,
      "1星期": 0.005101,
      "1个月": -0.013974,
      "1年": 0.006487,
      "QTD": 0.005101,
      "YTD": 0.007353
    },
    "标普500": {
      "收盘价": 679.909973,
      "1天": 0.005769,
      "1星期": 0.03765,
      "1个月": 0.006773,
      "1年": 0.363464,
      "QTD": 0.03765,
      "YTD": -0.002054
    },
    "纳指": {
      "收盘价": 610.190002,
      "1天": 0.006765,
      "1星期": 0.044292,
      "1个月": 0.005248,
      "1年": 0.447151,
      "QTD": 0.044292,
      "YTD": -0.003524
    },
    "道指": {
      "收盘价": 481.899994,
      "1天": 0.005718,
      "1星期": 0.035275,
      "1个月": 0.010972,
      "1年": 0.289401,
      "QTD": 0.035275,
      "YTD": 0.000177
    },
    "黄金": {
      "收盘价": 437.910004,
      "1天": 0.007779,
      "1星期": 0.000206,
      "1个月": -0.083602,
      "1年": 0.599905,
      "QTD": 0.000206,
      "YTD": 0.099503
    },
    "WTI原油": {
      "收盘价": 126.959999,
      "1天": 0.019104,
      "1星期": 0.023128,
      "1个月": 0.19932,
      "1年": 0.924219,
      "QTD": 0.023128,
      "YTD": 0.841067
    },
    "VIX": {
      "收盘价": 19.49,
      "1天": -0.073669,
      "1星期": -0.205787,
      "1个月": -0.218211,
      "1年": -0.585143,
      "QTD": -0.205787,
      "YTD": 0.343212
    },
    "罗素2000": {
      "收盘价": 261.959991,
      "1天": 0.00572,
      "1星期": 0.049687,
      "1个月": 0.035783,
      "1年": 0.474703,
      "QTD": 0.049687,
      "YTD": 0.054852
    },
    "比特币": {
      "收盘价": 72551.390625,
      "1天": 0.020078,
      "1星期": 0.078182,
      "1个月": 0.037741,
      "1年": -0.373251,
      "QTD": 0.065701,
      "YTD": -0.182354
    },
    "通讯服务": {
      "收盘价": 119.029999,
      "1天": 0.003541,
      "1星期": 0.031098,
      "1个月": -0.019603,
      "1年": 0.37672,
      "QTD": 0.031098,
      "YTD": -0.015223
    },
    "非必需品消费": {
      "收盘价": 112.739998,
      "1天": 0.017325,
      "1星期": 0.026776,
      "1个月": -0.012876,
      "1年": 0.258164,
      "QTD": 0.026776,
      "YTD": -0.045488
    },
    "必需品消费": {
      "收盘价": 83.449997,
      "1天": 0.008094,
      "1星期": 0.024429,
      "1个月": -0.021002,
      "1年": 0.105838,
      "QTD": 0.024429,
      "YTD": 0.080187
    },
    "能源": {
      "收盘价": 57.330002,
      "1天": -0.012403,
      "1星期": -0.027811,
      "1个月": 0.037852,
      "1年": 0.512346,
      "QTD": -0.027811,
      "YTD": 0.264065
    },
    "银行": {
      "收盘价": 85.43,
      "1天": 0.013164,
      "1星期": 0.066009,
      "1个月": 0.089967,
      "1年": 0.618814,
      "QTD": 0.066009,
      "YTD": 0.002525
    },
    "公共事业": {
      "收盘价": 47.150002,
      "1天": 0.007909,
      "1星期": 0.022555,
      "1个月": 0.019752,
      "1年": 0.32148,
      "QTD": 0.022555,
      "YTD": 0.099575
    },
    "REITS": {
      "收盘价": 98.900002,
      "1天": 0.007231,
      "1星期": 0.042369,
      "1个月": 0.000581,
      "1年": 0.168171,
      "QTD": 0.042369,
      "YTD": 0.055193
    },
    "科技": {
      "收盘价": 142.070007,
      "1天": 0.002682,
      "1星期": 0.053072,
      "1个月": 0.017792,
      "1年": 0.557636,
      "QTD": 0.053072,
      "YTD": -0.01423
    },
    "医疗": {
      "收盘价": 149.330002,
      "1天": -0.002272,
      "1星期": 0.010831,
      "1个月": -0.020934,
      "1年": 0.130313,
      "QTD": 0.010831,
      "YTD": -0.035793
    },
    "趋势板块": {
      "收盘价": 262.410004,
      "1天": 0.010669,
      "1星期": 0.070013,
      "1个月": 0.057859,
      "1年": 0.447781,
      "QTD": 0.070013,
      "YTD": 0.039232
    },
    "保险板块": {
      "收盘价": 132.009995,
      "1天": 0.00342,
      "1星期": 0.03448,
      "1个月": 0.01393,
      "1年": 0.107265,
      "QTD": 0.03448,
      "YTD": -0.007321
    },
    "芯片": {
      "收盘价": 378.630005,
      "1天": 0.022219,
      "1星期": 0.11842,
      "1个月": 0.118218,
      "1年": 1.362803,
      "QTD": 0.11842,
      "YTD": 0.207763
    },
    "罗素1000价值": {
      "收盘价": 223.169998,
      "1天": 0.005497,
      "1星期": 0.03829,
      "1个月": 0.027281,
      "1年": 0.342489,
      "QTD": 0.03829,
      "YTD": 0.055698
    },
    "罗素1000成长": {
      "收盘价": 445.209991,
      "1天": 0.004649,
      "1星期": 0.035107,
      "1个月": -0.012779,
      "1年": 0.370735,
      "QTD": 0.035107,
      "YTD": -0.055448
    },
    "前7大科技": {
      "收盘价": 60.720001,
      "1天": 0.015045,
      "1星期": 0.034765,
      "1个月": -0.019538,
      "1年": 0.485686,
      "QTD": 0.034765,
      "YTD": -0.070849
    },
    "标普等权指数": {
      "收盘价": 198.080002,
      "1天": 0.000606,
      "1星期": 0.028773,
      "1个月": 0.00866,
      "1年": 0.292147,
      "QTD": 0.028773,
      "YTD": 0.031463
    },
    "PUT/CALL": {
      "收盘价": 1.05,
      "1天": -0.32,
      "1星期": -0.01,
      "1个月": 0.23,
      "1年": 0.19
    }
  }
}