{
  "updateTime": "2026-06-26 23:02:27",
  "assets": {
    "美元": {
      "收盘价": 101.365997,
      "1天": -0.000631,
      "1星期": 0.005116,
      "1个月": 0.021732,
      "1年": 0.037735,
      "3年": -0.012893,
      "QTD": 0.01722,
      "YTD": 0.029933
    },
    "2年美债": {
      "收盘价": 3.663,
      "1天": 0.001367,
      "1星期": 0.012438,
      "1个月": 0.0298,
      "1年": -0.132607,
      "3年": -0.275371,
      "QTD": 0.016089,
      "YTD": 0.036796
    },
    "10年美债": {
      "收盘价": 4.372,
      "1天": -0.017749,
      "1星期": -0.02563,
      "1个月": -0.043744,
      "1年": -0.005686,
      "3年": 0.172747,
      "QTD": 0.012271,
      "YTD": 0.044184
    },
    "TLT": {
      "收盘价": 87.360001,
      "1天": 0.000115,
      "1星期": 0.007032,
      "1个月": 0.028178,
      "1年": 0.043817,
      "3年": -0.033444,
      "QTD": 0.02049,
      "YTD": 0.022777
    },
    "标普500": {
      "收盘价": 728.98999,
      "1天": -0.007231,
      "1星期": -0.02377,
      "1个月": -0.026107,
      "1年": 0.214039,
      "3年": 0.73349,
      "QTD": 0.11542,
      "YTD": 0.07274
    },
    "纳指": {
      "收盘价": 706.52002,
      "1天": -0.013764,
      "1星期": -0.044994,
      "1个月": -0.03037,
      "1年": 0.311854,
      "3年": 0.963177,
      "QTD": 0.210482,
      "YTD": 0.155057
    },
    "道指": {
      "收盘价": 517.75,
      "1天": -0.002908,
      "1星期": 0.004326,
      "1个月": 0.024232,
      "1年": 0.222768,
      "3年": 0.60322,
      "QTD": 0.116416,
      "YTD": 0.078568
    },
    "黄金": {
      "收盘价": 373.630005,
      "1天": 0.011287,
      "1星期": -0.034847,
      "1个月": -0.085339,
      "1年": 0.21656,
      "3年": 1.10247,
      "QTD": -0.146613,
      "YTD": -0.061891
    },
    "WTI原油": {
      "收盘价": 105.480003,
      "1天": -0.035038,
      "1星期": -0.081745,
      "1个月": -0.194993,
      "1年": 0.438822,
      "3年": 0.68714,
      "QTD": -0.149972,
      "YTD": 0.529582
    },
    "VIX": {
      "收盘价": 18.41,
      "1天": -0.02541,
      "1星期": 0.122561,
      "1个月": 0.130141,
      "1年": 0.109705,
      "3年": 0.369792,
      "QTD": -0.249796,
      "YTD": 0.26878
    },
    "罗素2000": {
      "收盘价": 299.829987,
      "1天": 0.003078,
      "1星期": 0.014344,
      "1个月": 0.035035,
      "1年": 0.429184,
      "3年": 0.694352,
      "QTD": 0.204292,
      "YTD": 0.210216
    },
    "比特币": {
      "收盘价": 59957.648438,
      "1天": 0.003951,
      "1星期": -0.051866,
      "1个月": -0.01584,
      "1年": -0.436847,
      "3年": -0.114453,
      "5年": 1.858352,
      "QTD": -0.119287,
      "YTD": -0.324284
    },
    "通讯服务": {
      "收盘价": 112.18,
      "1天": -0.001691,
      "1星期": -0.044382,
      "1个月": -0.093577,
      "1年": 0.065446,
      "3年": 0.748998,
      "QTD": -0.021575,
      "YTD": -0.06553
    },
    "非必需品消费": {
      "收盘价": 114.370003,
      "1天": 0.008999,
      "1星期": -0.021868,
      "1个月": -0.057195,
      "1年": 0.081986,
      "3年": 0.400341,
      "QTD": 0.043697,
      "YTD": -0.029758
    },
    "必需品消费": {
      "收盘价": 84.709999,
      "1天": 0.009173,
      "1星期": 0.023983,
      "1个月": 0.008486,
      "1年": 0.084988,
      "3年": 0.237416,
      "QTD": 0.047112,
      "YTD": 0.104105
    },
    "能源": {
      "收盘价": 53.84,
      "1天": -0.004622,
      "1星期": 0.008523,
      "1个月": -0.04846,
      "1年": 0.313405,
      "3年": 0.521313,
      "QTD": -0.080409,
      "YTD": 0.195676
    },
    "银行": {
      "收盘价": 93.459999,
      "1天": -0.01299,
      "1星期": 0.014029,
      "1个月": 0.085004,
      "1年": 0.367538,
      "3年": 1.530386,
      "QTD": 0.172194,
      "YTD": 0.102386
    },
    "公共事业": {
      "收盘价": 46.200001,
      "1天": 0.007634,
      "1星期": 0.038763,
      "1个月": 0.030018,
      "1年": 0.179835,
      "3年": 0.532159,
      "QTD": 0.00835,
      "YTD": 0.0843
    },
    "REITS": {
      "收盘价": 104.639999,
      "1天": 0.014937,
      "1星期": 0.041712,
      "1个月": 0.022997,
      "1年": 0.138375,
      "3年": 0.356844,
      "QTD": 0.108282,
      "YTD": 0.121917
    },
    "科技": {
      "收盘价": 181.110001,
      "1天": -0.018746,
      "1星期": -0.052831,
      "1个月": -0.01683,
      "1年": 0.46028,
      "3年": 1.166977,
      "QTD": 0.344051,
      "YTD": 0.258153
    },
    "医疗": {
      "收盘价": 160.339996,
      "1天": 0.030264,
      "1星期": 0.07796,
      "1个月": 0.082379,
      "1年": 0.218376,
      "3年": 0.273058,
      "QTD": 0.090145,
      "YTD": 0.039864
    },
    "趋势板块": {
      "收盘价": 325.73999,
      "1天": -0.039965,
      "1星期": -0.037753,
      "1个月": 0.040755,
      "1年": 0.39479,
      "3年": 1.35154,
      "QTD": 0.329717,
      "YTD": 0.291466
    },
    "保险板块": {
      "收盘价": 141.460007,
      "1天": 0.02753,
      "1星期": 0.052608,
      "1个月": 0.081261,
      "1年": 0.110552,
      "3年": 0.740237,
      "QTD": 0.111765,
      "YTD": 0.066841
    },
    "芯片": {
      "收盘价": 589.940002,
      "1天": -0.056398,
      "1星期": -0.077426,
      "1个月": 0.046527,
      "1年": 1.4986,
      "3年": 2.659186,
      "QTD": 0.743428,
      "YTD": 0.882699
    },
    "罗素1000价值": {
      "收盘价": 242.759995,
      "1天": -0.006751,
      "1星期": 0.002395,
      "1个月": 0.023517,
      "1年": 0.288546,
      "3年": 0.66214,
      "QTD": 0.132992,
      "YTD": 0.151988
    },
    "罗素1000成长": {
      "收盘价": 119.040001,
      "1天": 0.007959,
      "1星期": -0.033688,
      "1个月": -0.052225,
      "1年": 0.150406,
      "3年": 0.778086,
      "QTD": 0.108041,
      "YTD": 0.011105
    },
    "前7大科技": {
      "收盘价": 61.599998,
      "1天": 0.008679,
      "1星期": -0.05868,
      "1个月": -0.124129,
      "1年": 0.146868,
      "3年": 1.096416,
      "QTD": 0.049761,
      "YTD": -0.057383
    },
    "标普等权指数": {
      "收盘价": 210.309998,
      "1天": -0.0068,
      "1星期": 0.005546,
      "1个月": 0.017516,
      "1年": 0.195204,
      "3年": 0.512727,
      "QTD": 0.096523,
      "YTD": 0.09939
    },
    "PUT/CALL": {
      "收盘价": 1.05,
      "1天": -0.32,
      "1星期": -0.01,
      "1个月": 0.23,
      "1年": 0.19,
      "3年": 0.15,
      "5年": 0.13
    }
  }
}