{
  "updateTime": "2026-03-18 22:29:11",
  "assets": {
    "美元": {
      "收盘价": 100.234001,
      "1天": 0.006568,
      "1星期": 0.010118,
      "1个月": 0.031639,
      "1年": -0.029117,
      "QTD": 0.018431,
      "YTD": 0.018431
    },
    "2年美债": {
      "收盘价": 3.61,
      "1天": 0.001387,
      "1星期": 0.002778,
      "1个月": 0.004731,
      "1年": -0.138013,
      "QTD": 0.021794,
      "YTD": 0.021794
    },
    "10年美债": {
      "收盘价": 4.259,
      "1天": 0.013565,
      "1星期": 0.01212,
      "1个月": 0.051086,
      "1年": -0.010915,
      "QTD": 0.017196,
      "YTD": 0.017196
    },
    "TLT": {
      "收盘价": 86.955002,
      "1天": -0.00566,
      "1星期": -0.002123,
      "1个月": -0.029218,
      "1年": 0.002696,
      "QTD": 0.006295,
      "YTD": 0.006295
    },
    "标普500": {
      "收盘价": 661.429993,
      "1天": -0.013954,
      "1星期": -0.022031,
      "1个月": -0.031369,
      "1年": 0.17993,
      "QTD": -0.031822,
      "YTD": -0.031822
    },
    "纳指": {
      "收盘价": 594.900024,
      "1天": -0.01394,
      "1星期": -0.021047,
      "1个月": -0.010644,
      "1年": 0.238513,
      "QTD": -0.029717,
      "YTD": -0.029717
    },
    "道指": {
      "收盘价": 463.0,
      "1天": -0.016776,
      "1星期": -0.024873,
      "1个月": -0.065091,
      "1年": 0.121409,
      "QTD": -0.041121,
      "YTD": -0.041121
    },
    "黄金": {
      "收盘价": 444.73999,
      "1天": -0.031637,
      "1星期": -0.066143,
      "1个月": -0.00772,
      "1年": 0.607126,
      "QTD": 0.116652,
      "YTD": 0.116652
    },
    "WTI原油": {
      "收盘价": 121.669998,
      "1天": 0.023814,
      "1星期": 0.126053,
      "1个月": 0.606629,
      "1年": 0.67336,
      "QTD": 0.764356,
      "YTD": 0.764356
    },
    "VIX": {
      "收盘价": 25.09,
      "1天": 0.121591,
      "1星期": 0.035493,
      "1个月": 0.23657,
      "1年": 0.223306,
      "QTD": 0.729152,
      "YTD": 0.729152
    },
    "罗素2000": {
      "收盘价": 246.020004,
      "1天": -0.016117,
      "1星期": -0.025281,
      "1个月": -0.063041,
      "1年": 0.21309,
      "QTD": -0.009335,
      "YTD": -0.009335
    },
    "比特币": {
      "收盘价": 71082.914062,
      "1天": -0.038413,
      "1星期": 0.001615,
      "1个月": 0.04595,
      "1年": -0.361492,
      "QTD": -0.198903,
      "YTD": -0.198903
    },
    "通讯服务": {
      "收盘价": 117.769997,
      "1天": -0.015548,
      "1星期": -0.026372,
      "1个月": -0.018992,
      "1年": 0.216148,
      "QTD": -0.025647,
      "YTD": -0.025647
    },
    "非必需品消费": {
      "收盘价": 110.57,
      "1天": -0.023061,
      "1星期": -0.031277,
      "1个月": -0.047139,
      "1年": 0.132193,
      "QTD": -0.065737,
      "YTD": -0.065737
    },
    "必需品消费": {
      "收盘价": 82.639999,
      "1天": -0.024321,
      "1星期": -0.023052,
      "1个月": -0.063039,
      "1年": 0.052403,
      "QTD": 0.063715,
      "YTD": 0.063715
    },
    "能源": {
      "收盘价": 58.43,
      "1天": -0.001367,
      "1星期": 0.025448,
      "1个月": 0.08707,
      "1年": 0.324305,
      "QTD": 0.279956,
      "YTD": 0.279956
    },
    "银行": {
      "收盘价": 76.57,
      "1天": -0.005972,
      "1星期": -0.022594,
      "1个月": -0.111614,
      "1年": 0.258051,
      "QTD": -0.10716,
      "YTD": -0.10716
    },
    "公共事业": {
      "收盘价": 46.73,
      "1天": -0.008487,
      "1星期": 0.012129,
      "1个月": 0.007546,
      "1年": 0.213758,
      "QTD": 0.082214,
      "YTD": 0.082214
    },
    "REITS": {
      "收盘价": 96.839996,
      "1天": -0.015554,
      "1星期": -0.009164,
      "1个月": -0.040492,
      "1年": 0.035249,
      "QTD": 0.033214,
      "YTD": 0.033214
    },
    "科技": {
      "收盘价": 137.960007,
      "1天": -0.011323,
      "1星期": -0.017589,
      "1个月": -0.010898,
      "1年": 0.288766,
      "QTD": -0.043936,
      "YTD": -0.043936
    },
    "医疗": {
      "收盘价": 147.139999,
      "1天": -0.016707,
      "1星期": -0.037357,
      "1个月": -0.065006,
      "1年": 0.020154,
      "QTD": -0.053823,
      "YTD": -0.053823
    },
    "趋势板块": {
      "收盘价": 246.240005,
      "1天": -0.008017,
      "1星期": -0.009362,
      "1个月": -0.020621,
      "1年": 0.21778,
      "QTD": -0.024806,
      "YTD": -0.024806
    },
    "保险板块": {
      "收盘价": 127.889999,
      "1天": -0.017138,
      "1星期": -0.006137,
      "1个月": -0.049077,
      "1年": -0.042171,
      "QTD": -0.038302,
      "YTD": -0.038302
    },
    "芯片": {
      "收盘价": 338.290009,
      "1天": -0.00576,
      "1星期": -0.010499,
      "1个月": -0.04406,
      "1年": 0.667417,
      "QTD": 0.079086,
      "YTD": 0.079086
    },
    "罗素1000价值": {
      "收盘价": 214.220001,
      "1天": -0.012083,
      "1星期": -0.011697,
      "1个月": -0.036581,
      "1年": 0.160826,
      "QTD": 0.01336,
      "YTD": 0.01336
    },
    "罗素1000成长": {
      "收盘价": 437.040009,
      "1天": -0.015032,
      "1星期": -0.030788,
      "1个月": -0.026539,
      "1年": 0.185822,
      "QTD": -0.072781,
      "YTD": -0.072781
    },
    "前7大科技": {
      "收盘价": 60.200001,
      "1天": -0.015213,
      "1星期": -0.031376,
      "1个月": -0.017464,
      "1年": 0.294421,
      "QTD": -0.078806,
      "YTD": -0.078806
    },
    "标普等权指数": {
      "收盘价": 193.470001,
      "1天": -0.01316,
      "1星期": -0.01577,
      "1个月": -0.044687,
      "1年": 0.12476,
      "QTD": 0.003163,
      "YTD": 0.003163
    },
    "PUT/CALL": {
      "收盘价": 1.05,
      "1天": -0.32,
      "1星期": -0.01,
      "1个月": 0.23,
      "1年": 0.19
    }
  }
}