{
  "updateTime": "2026-04-27 22:47:52",
  "assets": {
    "美元": {
      "收盘价": 98.496002,
      "1天": -0.000142,
      "1星期": 0.004549,
      "1个月": -0.014054,
      "1年": -0.009792,
      "QTD": -0.011581,
      "YTD": 0.000772
    },
    "2年美债": {
      "收盘价": 3.59,
      "1天": -0.000835,
      "1星期": -0.002223,
      "1个月": -0.008287,
      "1年": -0.144627,
      "QTD": -0.004161,
      "YTD": 0.016134
    },
    "10年美债": {
      "收盘价": 4.336,
      "1天": 0.006032,
      "1星期": 0.020235,
      "1个月": -0.018116,
      "1年": 0.007201,
      "QTD": 0.003936,
      "YTD": 0.035586
    },
    "TLT": {
      "收盘价": 86.279999,
      "1天": -0.004959,
      "1星期": -0.008846,
      "1个月": 0.005978,
      "1年": 0.022156,
      "QTD": 0.000232,
      "YTD": 0.002473
    },
    "标普500": {
      "收盘价": 715.169983,
      "1天": 0.001723,
      "1星期": 0.009101,
      "1个月": 0.108636,
      "1年": 0.323178,
      "QTD": 0.091463,
      "YTD": 0.049699
    },
    "纳指": {
      "收盘价": 664.22998,
      "1天": 0.000527,
      "1星期": 0.026964,
      "1个月": 0.157619,
      "1年": 0.428148,
      "QTD": 0.136777,
      "YTD": 0.084726
    },
    "道指": {
      "收盘价": 491.829987,
      "1天": -0.000772,
      "1星期": -0.005057,
      "1个月": 0.071256,
      "1年": 0.245615,
      "QTD": 0.057057,
      "YTD": 0.02122
    },
    "黄金": {
      "收盘价": 429.890015,
      "1天": -0.007755,
      "1星期": -0.027596,
      "1个月": 0.073008,
      "1年": 0.39543,
      "QTD": -0.018112,
      "YTD": 0.079366
    },
    "WTI原油": {
      "收盘价": 134.720001,
      "1天": 0.017523,
      "1星期": 0.110452,
      "1个月": 0.1489,
      "1年": 0.967864,
      "QTD": 0.085664,
      "YTD": 0.953596
    },
    "VIX": {
      "收盘价": 18.02,
      "1天": -0.036879,
      "1星期": -0.045045,
      "1个月": -0.343294,
      "1年": -0.319229,
      "QTD": -0.265689,
      "YTD": 0.241902
    },
    "罗素2000": {
      "收盘价": 277.140015,
      "1天": 0.001771,
      "1星期": -0.000757,
      "1个月": 0.120029,
      "1年": 0.443505,
      "QTD": 0.110515,
      "YTD": 0.115978
    },
    "比特币": {
      "收盘价": 77052.0,
      "1天": -0.020412,
      "1星期": -0.014719,
      "1个月": 0.118969,
      "1年": -0.3372,
      "QTD": 0.13181,
      "YTD": -0.131632
    },
    "通讯服务": {
      "收盘价": 122.050003,
      "1天": -0.004242,
      "1星期": -0.008852,
      "1个月": 0.084311,
      "1年": 0.298723,
      "QTD": 0.057259,
      "YTD": 0.009763
    },
    "非必需品消费": {
      "收盘价": 117.839996,
      "1天": -0.007162,
      "1星期": -0.016935,
      "1个月": 0.08279,
      "1年": 0.223753,
      "QTD": 0.073224,
      "YTD": -0.002309
    },
    "必需品消费": {
      "收盘价": 82.339996,
      "1天": -0.010693,
      "1星期": -0.000607,
      "1个月": 0.014789,
      "1年": 0.04401,
      "QTD": 0.010803,
      "YTD": 0.065819
    },
    "能源": {
      "收盘价": 56.77,
      "1天": -0.001758,
      "1星期": 0.03087,
      "1个月": -0.077211,
      "1年": 0.419738,
      "QTD": -0.037307,
      "YTD": 0.251718
    },
    "银行": {
      "收盘价": 86.970001,
      "1天": 0.013873,
      "1星期": -0.009228,
      "1个月": 0.114,
      "1年": 0.477343,
      "QTD": 0.085226,
      "YTD": 0.020597
    },
    "公共事业": {
      "收盘价": 46.189999,
      "1天": 0.000217,
      "1星期": 0.009617,
      "1个月": 0.018972,
      "1年": 0.211074,
      "QTD": 0.001735,
      "YTD": 0.077187
    },
    "REITS": {
      "收盘价": 100.830002,
      "1天": -0.005719,
      "1星期": -0.023249,
      "1个月": 0.080244,
      "1年": 0.117958,
      "QTD": 0.062711,
      "YTD": 0.075785
    },
    "科技": {
      "收盘价": 160.570007,
      "1天": 0.002185,
      "1星期": 0.038885,
      "1个月": 0.211849,
      "1年": 0.572191,
      "QTD": 0.190201,
      "YTD": 0.114135
    },
    "医疗": {
      "收盘价": 143.460007,
      "1天": -0.004994,
      "1星期": -0.026862,
      "1个月": -0.015644,
      "1年": 0.062803,
      "QTD": -0.028904,
      "YTD": -0.073695
    },
    "趋势板块": {
      "收盘价": 280.75,
      "1天": -0.000534,
      "1星期": 0.026283,
      "1个月": 0.178582,
      "1年": 0.381759,
      "QTD": 0.144797,
      "YTD": 0.111865
    },
    "保险板块": {
      "收盘价": 132.009995,
      "1天": 0.001289,
      "1星期": -0.011531,
      "1个月": 0.030603,
      "1年": 0.034517,
      "QTD": 0.03448,
      "YTD": -0.007321
    },
    "芯片": {
      "收盘价": 455.410004,
      "1天": -0.01341,
      "1星期": 0.090672,
      "1个月": 0.384856,
      "1年": 1.504069,
      "QTD": 0.345218,
      "YTD": 0.452678
    },
    "罗素1000价值": {
      "收盘价": 227.669998,
      "1天": 8.8e-05,
      "1星期": 0.001672,
      "1个月": 0.071338,
      "1年": 0.281391,
      "QTD": 0.059226,
      "YTD": 0.076985
    },
    "罗素1000成长": {
      "收盘价": 479.940002,
      "1天": 0.00167,
      "1星期": 0.010975,
      "1个月": 0.136356,
      "1年": 0.340576,
      "QTD": 0.115854,
      "YTD": 0.018235
    },
    "前7大科技": {
      "收盘价": 67.080002,
      "1天": 0.007661,
      "1星期": 0.020073,
      "1个月": 0.176223,
      "1年": 0.508527,
      "QTD": 0.143149,
      "YTD": 0.026473
    },
    "标普等权指数": {
      "收盘价": 201.789993,
      "1天": -0.001188,
      "1星期": -0.009863,
      "1个月": 0.05605,
      "1年": 0.223563,
      "QTD": 0.048042,
      "YTD": 0.050782
    },
    "PUT/CALL": {
      "收盘价": 1.05,
      "1天": -0.32,
      "1星期": -0.01,
      "1个月": 0.23,
      "1年": 0.19
    }
  }
}