{
  "updateTime": "2026-04-20 22:40:18",
  "assets": {
    "美元": {
      "收盘价": 98.054001,
      "1天": -0.000469,
      "1星期": -0.003212,
      "1个月": -0.011851,
      "1年": -0.013343,
      "QTD": -0.016016,
      "YTD": -0.003719
    },
    "2年美债": {
      "收盘价": 3.598,
      "1天": -0.000556,
      "1星期": -0.001388,
      "1个月": -0.003876,
      "1年": -0.144962,
      "QTD": -0.001942,
      "YTD": 0.018398
    },
    "10年美债": {
      "收盘价": 4.25,
      "1天": 0.000942,
      "1星期": -0.010938,
      "1个月": -0.007241,
      "1年": -0.006777,
      "QTD": -0.015976,
      "YTD": 0.015047
    },
    "TLT": {
      "收盘价": 87.050003,
      "1天": -0.00023,
      "1星期": 0.003458,
      "1个月": -0.001054,
      "1年": 0.030461,
      "QTD": 0.009158,
      "YTD": 0.01142
    },
    "标普500": {
      "收盘价": 708.719971,
      "1天": -0.002,
      "1星期": 0.032969,
      "1个月": 0.077077,
      "1年": 0.363704,
      "QTD": 0.081619,
      "YTD": 0.040232
    },
    "纳指": {
      "收盘价": 646.789978,
      "1天": -0.003175,
      "1星期": 0.04762,
      "1个月": 0.092047,
      "1年": 0.463192,
      "QTD": 0.10693,
      "YTD": 0.056246
    },
    "道指": {
      "收盘价": 494.329987,
      "1天": 0.000223,
      "1星期": 0.025739,
      "1个月": 0.074932,
      "1年": 0.265859,
      "QTD": 0.06243,
      "YTD": 0.026411
    },
    "黄金": {
      "收盘价": 442.089996,
      "1天": -0.008611,
      "1星期": 0.015458,
      "1个月": 0.036772,
      "1年": 0.437831,
      "QTD": 0.009753,
      "YTD": 0.109998
    },
    "WTI原油": {
      "收盘价": 121.32,
      "1天": 0.045502,
      "1星期": -0.055655,
      "1个月": 0.033742,
      "1年": 0.790701,
      "QTD": -0.022322,
      "YTD": 0.759281
    },
    "VIX": {
      "收盘价": 18.870001,
      "1天": 0.07952,
      "1星期": -0.013075,
      "1个月": -0.215711,
      "1年": -0.421875,
      "QTD": -0.231051,
      "YTD": 0.300482
    },
    "罗素2000": {
      "收盘价": 277.350006,
      "1天": 0.005693,
      "1星期": 0.046327,
      "1个月": 0.120018,
      "1年": 0.515591,
      "QTD": 0.111356,
      "YTD": 0.116824
    },
    "比特币": {
      "收盘价": 76036.3125,
      "1天": 0.029516,
      "1星期": 0.016459,
      "1个月": 0.140121,
      "1年": -0.359594,
      "QTD": 0.116891,
      "YTD": -0.143079
    },
    "通讯服务": {
      "收盘价": 123.139999,
      "1天": -0.006294,
      "1星期": 0.037667,
      "1个月": 0.050593,
      "1年": 0.369702,
      "QTD": 0.066701,
      "YTD": 0.01878
    },
    "非必需品消费": {
      "收盘价": 119.870003,
      "1天": -0.004485,
      "1星期": 0.05223,
      "1个月": 0.094902,
      "1年": 0.311522,
      "QTD": 0.091712,
      "YTD": 0.014878
    },
    "必需品消费": {
      "收盘价": 82.389999,
      "1天": -0.000849,
      "1星期": 0.0103,
      "1个月": 0.010781,
      "1年": 0.056243,
      "QTD": 0.011417,
      "YTD": 0.066466
    },
    "能源": {
      "收盘价": 55.07,
      "1天": 0.000909,
      "1星期": -0.035721,
      "1个月": -0.066209,
      "1年": 0.426299,
      "QTD": -0.066135,
      "YTD": 0.214235
    },
    "银行": {
      "收盘价": 87.779999,
      "1天": 0.010243,
      "1星期": 0.023554,
      "1个月": 0.150731,
      "1年": 0.598823,
      "QTD": 0.095333,
      "YTD": 0.030102
    },
    "公共事业": {
      "收盘价": 45.75,
      "1天": -0.008882,
      "1星期": -0.013796,
      "1个月": -0.010102,
      "1年": 0.222444,
      "QTD": -0.007807,
      "YTD": 0.066926
    },
    "REITS": {
      "收盘价": 103.230003,
      "1天": 0.002428,
      "1星期": 0.038009,
      "1个月": 0.070074,
      "1年": 0.166553,
      "QTD": 0.088006,
      "YTD": 0.101391
    },
    "科技": {
      "收盘价": 154.559998,
      "1天": 0.00136,
      "1星期": 0.061466,
      "1个月": 0.117909,
      "1年": 0.603252,
      "QTD": 0.145653,
      "YTD": 0.072434
    },
    "医疗": {
      "收盘价": 147.419998,
      "1天": -0.009274,
      "1星期": -0.003717,
      "1个月": 0.009658,
      "1年": 0.100955,
      "QTD": -0.002098,
      "YTD": -0.048125
    },
    "趋势板块": {
      "收盘价": 273.559998,
      "1天": -0.003279,
      "1星期": 0.028228,
      "1个月": 0.108158,
      "1年": 0.416353,
      "QTD": 0.115479,
      "YTD": 0.08339
    },
    "保险板块": {
      "收盘价": 133.550003,
      "1天": -0.001271,
      "1星期": 0.014201,
      "1个月": 0.052984,
      "1年": 0.05577,
      "QTD": 0.046548,
      "YTD": 0.00426
    },
    "芯片": {
      "收盘价": 417.549988,
      "1天": 0.004426,
      "1星期": 0.06155,
      "1个月": 0.227366,
      "1年": 1.510412,
      "QTD": 0.233384,
      "YTD": 0.331911
    },
    "罗素1000价值": {
      "收盘价": 227.289993,
      "1天": 0.000616,
      "1星期": 0.016003,
      "1个月": 0.062351,
      "1年": 0.315708,
      "QTD": 0.057458,
      "YTD": 0.075187
    },
    "罗素1000成长": {
      "收盘价": 474.730011,
      "1天": -0.003526,
      "1星期": 0.049313,
      "1个月": 0.090281,
      "1年": 0.394757,
      "QTD": 0.103741,
      "YTD": 0.007181
    },
    "前7大科技": {
      "收盘价": 65.760002,
      "1天": -0.010384,
      "1星期": 0.064767,
      "1个月": 0.104282,
      "1年": 0.559733,
      "QTD": 0.120654,
      "YTD": 0.006274
    },
    "标普等权指数": {
      "收盘价": 203.800003,
      "1天": 0.00315,
      "1星期": 0.024996,
      "1个月": 0.058724,
      "1年": 0.283433,
      "QTD": 0.058481,
      "YTD": 0.061249
    },
    "PUT/CALL": {
      "收盘价": 1.05,
      "1天": -0.32,
      "1星期": -0.01,
      "1个月": 0.23,
      "1年": 0.19
    }
  }
}