{
  "updateTime": "2026-03-20 22:25:14",
  "assets": {
    "美元": {
      "收盘价": 99.502998,
      "1天": 0.002751,
      "1星期": -0.008539,
      "1个月": 0.016062,
      "1年": -0.041858,
      "QTD": 0.011004,
      "YTD": 0.011004
    },
    "2年美债": {
      "收盘价": 3.618,
      "1天": 0.001661,
      "1星期": 0.004163,
      "1个月": 0.006398,
      "1年": -0.136516,
      "QTD": 0.024059,
      "YTD": 0.024059
    },
    "10年美债": {
      "收盘价": 4.391,
      "1天": 0.025695,
      "1星期": 0.024737,
      "1个月": 0.077546,
      "1年": 0.03172,
      "QTD": 0.048722,
      "YTD": 0.048722
    },
    "TLT": {
      "收盘价": 85.830002,
      "1天": -0.018974,
      "1星期": -0.008204,
      "1个月": -0.039105,
      "1年": -0.016355,
      "QTD": -0.006724,
      "YTD": -0.006724
    },
    "标普500": {
      "收盘价": 648.570007,
      "1天": -0.01702,
      "1星期": -0.020716,
      "1个月": -0.052463,
      "1年": 0.15703,
      "QTD": -0.050646,
      "YTD": -0.050646
    },
    "纳指": {
      "收盘价": 582.059998,
      "1天": -0.018482,
      "1星期": -0.019639,
      "1个月": -0.035478,
      "1年": 0.216519,
      "QTD": -0.050659,
      "YTD": -0.050659
    },
    "道指": {
      "收盘价": 455.890015,
      "1天": -0.011213,
      "1星期": -0.022555,
      "1个月": -0.07671,
      "1年": 0.10101,
      "QTD": -0.055846,
      "YTD": -0.055846
    },
    "黄金": {
      "收盘价": 413.380005,
      "1天": -0.030557,
      "1星期": -0.102986,
      "1个月": -0.100487,
      "1年": 0.470528,
      "QTD": 0.037913,
      "YTD": 0.037913
    },
    "WTI原油": {
      "收盘价": 121.43,
      "1天": 0.03468,
      "1星期": 0.012845,
      "1个月": 0.495627,
      "1年": 0.676747,
      "QTD": 0.760876,
      "YTD": 0.760876
    },
    "VIX": {
      "收盘价": 26.780001,
      "1天": 0.113051,
      "1星期": -0.015079,
      "1个月": 0.323777,
      "1年": 0.345729,
      "QTD": 0.845624,
      "YTD": 0.845624
    },
    "罗素2000": {
      "收盘价": 242.220001,
      "1天": -0.021847,
      "1星期": -0.015974,
      "1个月": -0.082952,
      "1年": 0.186366,
      "QTD": -0.024637,
      "YTD": -0.024637
    },
    "比特币": {
      "收盘价": 70739.46875,
      "1天": 0.011824,
      "1星期": -0.028169,
      "1个月": 0.073733,
      "1年": -0.398049,
      "QTD": -0.202774,
      "YTD": -0.202774
    },
    "通讯服务": {
      "收盘价": 115.459999,
      "1天": -0.01493,
      "1星期": -0.023181,
      "1个月": -0.036227,
      "1年": 0.20132,
      "QTD": -0.044759,
      "YTD": -0.044759
    },
    "非必需品消费": {
      "收盘价": 107.739998,
      "1天": -0.017867,
      "1星期": -0.028144,
      "1个月": -0.073125,
      "1年": 0.102096,
      "QTD": -0.089649,
      "YTD": -0.089649
    },
    "必需品消费": {
      "收盘价": 81.290001,
      "1天": -0.008296,
      "1星期": -0.040713,
      "1个月": -0.072773,
      "1年": 0.047153,
      "QTD": 0.046338,
      "YTD": 0.046338
    },
    "能源": {
      "收盘价": 59.310001,
      "1天": -0.000842,
      "1星期": 0.027903,
      "1个月": 0.074846,
      "1年": 0.320502,
      "QTD": 0.299233,
      "YTD": 0.299233
    },
    "银行": {
      "收盘价": 77.080002,
      "1天": 0.004038,
      "1星期": 0.01635,
      "1个月": -0.106215,
      "1年": 0.246034,
      "QTD": -0.101213,
      "YTD": -0.101213
    },
    "公共事业": {
      "收盘价": 44.650002,
      "1天": -0.04061,
      "1星期": -0.049191,
      "1个月": -0.031663,
      "1年": 0.163552,
      "QTD": 0.034044,
      "YTD": 0.034044
    },
    "REITS": {
      "收盘价": 93.449997,
      "1天": -0.031305,
      "1星期": -0.038848,
      "1个月": -0.061281,
      "1年": 0.001425,
      "QTD": -0.002955,
      "YTD": -0.002955
    },
    "科技": {
      "收盘价": 135.289993,
      "1天": -0.022683,
      "1星期": -0.011038,
      "1个月": -0.03509,
      "1年": 0.266882,
      "QTD": -0.062439,
      "YTD": -0.062439
    },
    "医疗": {
      "收盘价": 145.330002,
      "1天": -0.008731,
      "1星期": -0.029775,
      "1个月": -0.075862,
      "1年": 0.006577,
      "QTD": -0.065462,
      "YTD": -0.065462
    },
    "趋势板块": {
      "收盘价": 241.520004,
      "1天": -0.021632,
      "1星期": -0.006998,
      "1个月": -0.045651,
      "1年": 0.192408,
      "QTD": -0.043499,
      "YTD": -0.043499
    },
    "保险板块": {
      "收盘价": 127.059998,
      "1天": 0.001813,
      "1星期": -0.014774,
      "1个月": -0.040636,
      "1年": -0.032549,
      "QTD": -0.044543,
      "YTD": -0.044543
    },
    "芯片": {
      "收盘价": 332.51001,
      "1天": -0.022604,
      "1星期": 0.00421,
      "1个月": -0.064987,
      "1年": 0.647553,
      "QTD": 0.060649,
      "YTD": 0.060649
    },
    "罗素1000价值": {
      "收盘价": 211.309998,
      "1天": -0.012339,
      "1星期": -0.012229,
      "1个月": -0.052936,
      "1年": 0.140975,
      "QTD": -0.000406,
      "YTD": -0.000406
    },
    "罗素1000成长": {
      "收盘价": 427.440002,
      "1天": -0.018327,
      "1星期": -0.023897,
      "1个月": -0.050858,
      "1年": 0.162647,
      "QTD": -0.093149,
      "YTD": -0.093149
    },
    "前7大科技": {
      "收盘价": 58.369999,
      "1天": -0.019815,
      "1星期": -0.026193,
      "1个月": -0.052281,
      "1年": 0.266885,
      "QTD": -0.106809,
      "YTD": -0.106809
    },
    "标普等权指数": {
      "收盘价": 190.479996,
      "1天": -0.014691,
      "1星期": -0.015709,
      "1个月": -0.062322,
      "1年": 0.104978,
      "QTD": -0.012341,
      "YTD": -0.012341
    },
    "PUT/CALL": {
      "收盘价": 1.05,
      "1天": -0.32,
      "1星期": -0.01,
      "1个月": 0.23,
      "1年": 0.19
    }
  }
}