{
  "updateTime": "2026-04-22 22:43:28",
  "assets": {
    "美元": {
      "收盘价": 98.605003,
      "1天": 0.001982,
      "1星期": 0.005558,
      "1个月": -0.003487,
      "1年": -0.003184,
      "QTD": -0.010487,
      "YTD": 0.00188
    },
    "2年美债": {
      "收盘价": 3.595,
      "1天": -0.000834,
      "1星期": -0.004707,
      "1个月": -0.004707,
      "1年": -0.146081,
      "QTD": -0.002774,
      "YTD": 0.017549
    },
    "10年美债": {
      "收盘价": 4.294,
      "1天": 0.000466,
      "1星期": 0.002802,
      "1个月": -0.009229,
      "1年": -0.025199,
      "QTD": -0.005788,
      "YTD": 0.025555
    },
    "TLT": {
      "收盘价": 86.739998,
      "1天": 0.001964,
      "1星期": -0.001037,
      "1个月": 0.008063,
      "1年": 0.054371,
      "QTD": 0.005565,
      "YTD": 0.007818
    },
    "标普500": {
      "收盘价": 711.210022,
      "1天": 0.010127,
      "1星期": 0.016101,
      "1个月": 0.085187,
      "1年": 0.399866,
      "QTD": 0.085419,
      "YTD": 0.043887
    },
    "纳指": {
      "收盘价": 655.109985,
      "1天": 0.016731,
      "1星期": 0.027785,
      "1个月": 0.114133,
      "1年": 0.519893,
      "QTD": 0.121169,
      "YTD": 0.069833
    },
    "道指": {
      "收盘价": 494.76001,
      "1天": 0.00692,
      "1星期": 0.021146,
      "1个月": 0.071433,
      "1年": 0.316604,
      "QTD": 0.063354,
      "YTD": 0.027304
    },
    "黄金": {
      "收盘价": 435.26001,
      "1天": 0.013246,
      "1星期": -0.011806,
      "1个月": 0.07727,
      "1年": 0.379195,
      "QTD": -0.005847,
      "YTD": 0.092849
    },
    "WTI原油": {
      "收盘价": 129.399994,
      "1天": 0.008967,
      "1星期": 0.055551,
      "1个月": 0.170405,
      "1年": 0.885747,
      "QTD": 0.042792,
      "YTD": 0.87645
    },
    "VIX": {
      "收盘价": 18.92,
      "1天": -0.029744,
      "1星期": 0.041277,
      "1个月": -0.276482,
      "1年": -0.440568,
      "QTD": -0.229014,
      "YTD": 0.303928
    },
    "罗素2000": {
      "收盘价": 276.480011,
      "1天": 0.007176,
      "1星期": 0.026319,
      "1个月": 0.117317,
      "1年": 0.529274,
      "QTD": 0.10787,
      "YTD": 0.11332
    },
    "比特币": {
      "收盘价": 78602.75,
      "1天": 0.029468,
      "1星期": 0.019136,
      "1个月": 0.154589,
      "1年": -0.362736,
      "QTD": 0.154589,
      "YTD": -0.114155
    },
    "通讯服务": {
      "收盘价": 122.779999,
      "1天": 0.008046,
      "1星期": 0.005816,
      "1个月": 0.053906,
      "1年": 0.384521,
      "QTD": 0.063583,
      "YTD": 0.015802
    },
    "非必需品消费": {
      "收盘价": 118.93,
      "1天": -0.000336,
      "1星期": 0.006346,
      "1个月": 0.080004,
      "1年": 0.328568,
      "QTD": 0.083151,
      "YTD": 0.006919
    },
    "必需品消费": {
      "收盘价": 82.110001,
      "1天": 0.003299,
      "1星期": 0.012953,
      "1个月": 0.011456,
      "1年": 0.040581,
      "QTD": 0.007979,
      "YTD": 0.062842
    },
    "能源": {
      "收盘价": 56.540001,
      "1天": 0.011992,
      "1星期": 0.013989,
      "1个月": -0.05182,
      "1年": 0.47046,
      "QTD": -0.041207,
      "YTD": 0.246647
    },
    "银行": {
      "收盘价": 87.190002,
      "1天": -0.005248,
      "1星期": 0.01313,
      "1个月": 0.122425,
      "1年": 0.597743,
      "QTD": 0.087971,
      "YTD": 0.023179
    },
    "公共事业": {
      "收盘价": 44.869999,
      "1天": -0.00178,
      "1星期": -0.024989,
      "1个月": 0.00201,
      "1年": 0.21551,
      "QTD": -0.026892,
      "YTD": 0.046404
    },
    "REITS": {
      "收盘价": 100.629997,
      "1天": -0.008083,
      "1星期": 0.001592,
      "1个月": 0.069281,
      "1年": 0.143737,
      "QTD": 0.060603,
      "YTD": 0.073651
    },
    "科技": {
      "收盘价": 158.089996,
      "1天": 0.021979,
      "1星期": 0.05183,
      "1个月": 0.154363,
      "1年": 0.6925,
      "QTD": 0.171818,
      "YTD": 0.096927
    },
    "医疗": {
      "收盘价": 146.380005,
      "1天": 0.003152,
      "1星期": -0.009407,
      "1个月": 0.011121,
      "1年": 0.123863,
      "QTD": -0.009138,
      "YTD": -0.05484
    },
    "趋势板块": {
      "收盘价": 275.98999,
      "1天": 0.016201,
      "1星期": 0.022223,
      "1个月": 0.128701,
      "1年": 0.464744,
      "QTD": 0.125387,
      "YTD": 0.093014
    },
    "保险板块": {
      "收盘价": 132.220001,
      "1天": -0.009885,
      "1星期": -0.000756,
      "1个月": 0.032082,
      "1年": 0.078548,
      "QTD": 0.036126,
      "YTD": -0.005742
    },
    "芯片": {
      "收盘价": 431.769989,
      "1天": 0.026313,
      "1星期": 0.074429,
      "1个月": 0.282777,
      "1年": 1.655394,
      "QTD": 0.275388,
      "YTD": 0.377271
    },
    "罗素1000价值": {
      "收盘价": 226.550003,
      "1天": 0.003011,
      "1星期": 0.011294,
      "1个月": 0.062966,
      "1年": 0.333421,
      "QTD": 0.054015,
      "YTD": 0.071687
    },
    "罗素1000成长": {
      "收盘价": 478.869995,
      "1天": 0.016148,
      "1星期": 0.021241,
      "1个月": 0.103336,
      "1年": 0.445506,
      "QTD": 0.113366,
      "YTD": 0.015964
    },
    "前7大科技": {
      "收盘价": 66.440002,
      "1天": 0.017302,
      "1星期": 0.018082,
      "1个月": 0.120783,
      "1年": 0.641874,
      "QTD": 0.132243,
      "YTD": 0.016679
    },
    "标普等权指数": {
      "收盘价": 202.460007,
      "1天": -0.000444,
      "1星期": 0.013669,
      "1个月": 0.056184,
      "1年": 0.291552,
      "QTD": 0.051522,
      "YTD": 0.054271
    },
    "PUT/CALL": {
      "收盘价": 1.05,
      "1天": -0.32,
      "1星期": -0.01,
      "1个月": 0.23,
      "1年": 0.19
    }
  }
}