{
  "updateTime": "2026-03-13 22:25:06",
  "assets": {
    "2年美债": {
      "收盘价": 3.603,
      "1天": -0.000555,
      "1星期": 0.009244,
      "1个月": 0.000833,
      "1年": -0.14153,
      "QTD": 0.019813,
      "YTD": 0.019813
    },
    "10年美债": {
      "收盘价": 4.285,
      "1天": 0.002808,
      "1星期": 0.036777,
      "1个月": 0.027085,
      "1年": -0.007642,
      "QTD": 0.023406,
      "YTD": 0.023406
    },
    "TLT": {
      "收盘价": 86.540001,
      "1天": -0.004944,
      "1星期": -0.021705,
      "1个月": -0.013993,
      "1年": 0.006351,
      "QTD": 0.001492,
      "YTD": 0.001492
    },
    "标普500": {
      "收盘价": 662.289978,
      "1天": -0.00566,
      "1星期": -0.015006,
      "1个月": -0.042878,
      "1年": 0.198968,
      "QTD": -0.030563,
      "YTD": -0.030563
    },
    "纳指": {
      "收盘价": 593.719971,
      "1天": -0.005927,
      "1星期": -0.010054,
      "1个月": -0.031626,
      "1年": 0.251218,
      "QTD": -0.031641,
      "YTD": -0.031641
    },
    "道指": {
      "收盘价": 466.410004,
      "1天": -0.002289,
      "1星期": -0.018559,
      "1个月": -0.0685,
      "1年": 0.144022,
      "QTD": -0.034059,
      "YTD": -0.034059
    },
    "黄金": {
      "收盘价": 460.839996,
      "1天": -0.012937,
      "1星期": -0.026758,
      "1个月": -0.01452,
      "1年": 0.704731,
      "QTD": 0.157075,
      "YTD": 0.157075
    },
    "WTI原油": {
      "收盘价": 119.889999,
      "1天": 0.01267,
      "1星期": 0.102234,
      "1个月": 0.519711,
      "1年": 0.646841,
      "QTD": 0.738544,
      "YTD": 0.738544
    },
    "VIX": {
      "收盘价": 27.190001,
      "1天": -0.003664,
      "1星期": -0.077993,
      "1个月": 0.54051,
      "1年": 0.122163,
      "QTD": 0.87388,
      "YTD": 0.87388
    },
    "罗素2000": {
      "收盘价": 246.589996,
      "1天": -0.003314,
      "1星期": -0.017139,
      "1个月": -0.069296,
      "1年": 0.239995,
      "QTD": -0.008803,
      "YTD": -0.008803
    },
    "比特币": {
      "收盘价": 70714.101562,
      "1天": 0.00313,
      "1星期": 0.071917,
      "1个月": 0.03983,
      "1年": -0.345448,
      "QTD": -0.20306,
      "YTD": -0.20306
    },
    "通讯服务": {
      "收盘价": 118.199997,
      "1天": -0.009054,
      "1星期": -0.014672,
      "1个月": -0.035889,
      "1年": 0.22476,
      "QTD": -0.02209,
      "YTD": -0.02209
    },
    "非必需品消费": {
      "收盘价": 110.860001,
      "1天": -0.005918,
      "1星期": -0.031283,
      "1个月": -0.058594,
      "1年": 0.132174,
      "QTD": -0.063287,
      "YTD": -0.063287
    },
    "必需品消费": {
      "收盘价": 84.739998,
      "1天": 0.005816,
      "1星期": -0.012124,
      "1个月": -0.041403,
      "1年": 0.09228,
      "QTD": 0.090745,
      "YTD": 0.090745
    },
    "能源": {
      "收盘价": 57.700001,
      "1天": 0.003304,
      "1星期": 0.019975,
      "1个月": 0.049473,
      "1年": 0.358562,
      "QTD": 0.263965,
      "YTD": 0.263965
    },
    "银行": {
      "收盘价": 75.839996,
      "1天": -0.00707,
      "1星期": -0.041092,
      "1个月": -0.139844,
      "1年": 0.274489,
      "QTD": -0.115672,
      "YTD": -0.115672
    },
    "公共事业": {
      "收盘价": 46.959999,
      "1天": 0.009892,
      "1星期": 0.004707,
      "1个月": 0.053151,
      "1年": 0.251818,
      "QTD": 0.08754,
      "YTD": 0.08754
    },
    "REITS": {
      "收盘价": 97.5,
      "1天": 0.00185,
      "1星期": -0.01535,
      "1个月": -0.014455,
      "1年": 0.056758,
      "QTD": 0.037344,
      "YTD": 0.037344
    },
    "科技": {
      "收盘价": 136.800003,
      "1天": -0.007545,
      "1星期": -0.003569,
      "1个月": -0.043156,
      "1年": 0.300569,
      "QTD": -0.051975,
      "YTD": -0.051975
    },
    "医疗": {
      "收盘价": 149.789993,
      "1天": -0.002464,
      "1星期": -0.019057,
      "1个月": -0.041344,
      "1年": 0.054112,
      "QTD": -0.036782,
      "YTD": -0.036782
    },
    "趋势板块": {
      "收盘价": 243.440002,
      "1天": -0.001886,
      "1星期": 0.008117,
      "1个月": -0.045895,
      "1年": 0.229815,
      "QTD": -0.036759,
      "YTD": -0.036759
    },
    "保险板块": {
      "收盘价": 130.949997,
      "1天": 0.0,
      "1星期": -0.023999,
      "1个月": -0.036636,
      "1年": 0.010126,
      "QTD": -0.030216,
      "YTD": -0.030216
    },
    "芯片": {
      "收盘价": 331.320007,
      "1天": 0.003422,
      "1星期": 0.024141,
      "1个月": -0.080178,
      "1年": 0.70164,
      "QTD": 0.056202,
      "YTD": 0.056202
    },
    "罗素1000价值": {
      "收盘价": 214.740005,
      "1天": 0.000326,
      "1星期": -0.013687,
      "1个月": -0.044878,
      "1年": 0.188408,
      "QTD": 0.01197,
      "YTD": 0.01197
    },
    "罗素1000成长": {
      "收盘价": 438.290009,
      "1天": -0.011302,
      "1星期": -0.019617,
      "1个月": -0.042868,
      "1年": 0.196016,
      "QTD": -0.070947,
      "YTD": -0.070947
    },
    "前7大科技": {
      "收盘价": 59.939999,
      "1天": -0.016571,
      "1星期": -0.017216,
      "1个月": -0.051432,
      "1年": 0.278267,
      "QTD": -0.082785,
      "YTD": -0.082785
    },
    "标普等权指数": {
      "收盘价": 193.520004,
      "1天": -5.2e-05,
      "1星期": -0.023366,
      "1个月": -0.048855,
      "1年": 0.150831,
      "QTD": 0.003422,
      "YTD": 0.003422
    },
    "PUT/CALL": {
      "收盘价": 1.05,
      "1天": -0.32,
      "1星期": -0.01,
      "1个月": 0.23,
      "1年": 0.19
    }
  }
}