{
  "updateTime": "2026-02-05 22:22:52",
  "assets": {
    "美元": {
      "收盘价": 97.931999,
      "1天": 0.003196,
      "1星期": 0.017158,
      "1个月": -0.006573,
      "1年": -0.089682,
      "QTD": -0.004958,
      "YTD": -0.004958
    },
    "2年美债": {
      "收盘价": 3.578,
      "1天": -0.004729,
      "1星期": -0.000559,
      "1个月": 0.016477,
      "1年": -0.150724,
      "QTD": 0.012737,
      "YTD": 0.012737
    },
    "10年美债": {
      "收盘价": 4.21,
      "1天": -0.015205,
      "1星期": -0.004022,
      "1个月": 0.007418,
      "1年": -0.067139,
      "QTD": 0.005493,
      "YTD": 0.005493
    },
    "TLT": {
      "收盘价": 87.480003,
      "1天": 0.010862,
      "1星期": 0.002221,
      "1个月": 0.006125,
      "1年": 0.033549,
      "QTD": 0.009015,
      "YTD": 0.009015
    },
    "标普500": {
      "收盘价": 677.619995,
      "1天": -0.012489,
      "1星期": -0.023659,
      "1个月": -0.020511,
      "1年": 0.139249,
      "QTD": -0.008124,
      "YTD": -0.008124
    },
    "纳指": {
      "收盘价": 597.030029,
      "1天": -0.014395,
      "1星期": -0.051475,
      "1个月": -0.042331,
      "1年": 0.144123,
      "QTD": -0.026243,
      "YTD": -0.026243
    },
    "道指": {
      "收盘价": 488.910004,
      "1天": -0.011804,
      "1星期": -0.002652,
      "1个月": -0.011166,
      "1年": 0.114487,
      "QTD": 0.011283,
      "YTD": 0.011283
    },
    "黄金": {
      "收盘价": 441.880005,
      "1天": -0.026632,
      "1星期": -0.108933,
      "1个月": 0.069461,
      "1年": 0.683352,
      "QTD": 0.109471,
      "YTD": 0.109471
    },
    "WTI原油": {
      "收盘价": 76.690002,
      "1天": -0.01528,
      "1星期": -0.030958,
      "1个月": 0.119399,
      "1年": -0.010579,
      "QTD": 0.112094,
      "YTD": 0.112094
    },
    "VIX": {
      "收盘价": 21.77,
      "1天": 0.167919,
      "1星期": 0.289692,
      "1个月": 0.475932,
      "1年": 0.264962,
      "QTD": 0.500345,
      "YTD": 0.500345
    },
    "罗素2000": {
      "收盘价": 255.830002,
      "1天": -0.018002,
      "1星期": -0.028629,
      "1个月": -0.000976,
      "1年": 0.14003,
      "QTD": 0.028338,
      "YTD": 0.028338
    },
    "比特币": {
      "收盘价": 62818.996094,
      "1天": -0.139698,
      "1星期": -0.200991,
      "1个月": -0.342562,
      "1年": -0.405358,
      "QTD": -0.292037,
      "YTD": -0.292037
    },
    "通讯服务": {
      "收盘价": 122.139999,
      "1天": -0.004969,
      "1星期": -0.034543,
      "1个月": 0.005433,
      "1年": 0.195302,
      "QTD": 0.010507,
      "YTD": 0.010507
    },
    "非必需品消费": {
      "收盘价": 117.510002,
      "1天": -0.021565,
      "1星期": -0.030366,
      "1个月": -0.029404,
      "1年": 0.022663,
      "QTD": -0.007098,
      "YTD": -0.007098
    },
    "必需品消费": {
      "收盘价": 86.919998,
      "1天": -0.000805,
      "1星期": 0.058322,
      "1个月": 0.121983,
      "1年": 0.13577,
      "QTD": 0.118805,
      "YTD": 0.118805
    },
    "能源": {
      "收盘价": 52.209999,
      "1天": -0.011736,
      "1星期": 0.033657,
      "1个月": 0.143953,
      "1年": 0.198444,
      "QTD": 0.143702,
      "YTD": 0.143702
    },
    "银行": {
      "收盘价": 88.129997,
      "1天": -0.010887,
      "1星期": 0.022153,
      "1个月": -0.005641,
      "1年": 0.279045,
      "QTD": 0.027635,
      "YTD": 0.027635
    },
    "公共事业": {
      "收盘价": 43.099998,
      "1天": 0.000464,
      "1星期": -0.005308,
      "1个月": 0.004428,
      "1年": 0.142408,
      "QTD": -0.001853,
      "YTD": -0.001853
    },
    "REITS": {
      "收盘价": 96.139999,
      "1天": -0.002283,
      "1星期": -0.00135,
      "1个月": 0.014242,
      "1年": 0.040917,
      "QTD": 0.022875,
      "YTD": 0.022875
    },
    "科技": {
      "收盘价": 135.630005,
      "1天": -0.018028,
      "1星期": -0.07653,
      "1个月": -0.075145,
      "1年": 0.181703,
      "QTD": -0.060083,
      "YTD": -0.060083
    },
    "医疗": {
      "收盘价": 154.839996,
      "1天": -0.007627,
      "1星期": 0.006631,
      "1个月": -0.020558,
      "1年": 0.071569,
      "QTD": -0.004308,
      "YTD": -0.004308
    },
    "趋势板块": {
      "收盘价": 244.130005,
      "1天": -0.011819,
      "1星期": -0.065066,
      "1个月": -0.054163,
      "1年": 0.118628,
      "QTD": -0.034028,
      "YTD": -0.034028
    },
    "保险板块": {
      "收盘价": 136.75,
      "1天": 0.008406,
      "1星期": 0.032933,
      "1个月": 0.009896,
      "1年": 0.081859,
      "QTD": 0.012738,
      "YTD": 0.012738
    },
    "芯片": {
      "收盘价": 330.829987,
      "1天": 0.001362,
      "1星期": -0.083903,
      "1个月": 0.007553,
      "1年": 0.539576,
      "QTD": 0.05464,
      "YTD": 0.05464
    },
    "罗素1000价值": {
      "收盘价": 220.830002,
      "1天": -0.008085,
      "1星期": 0.002633,
      "1个月": 0.01967,
      "1年": 0.164208,
      "QTD": 0.040669,
      "YTD": 0.040669
    },
    "罗素1000成长": {
      "收盘价": 446.109985,
      "1天": -0.017249,
      "1星期": -0.049698,
      "1个月": -0.062262,
      "1年": 0.091588,
      "QTD": -0.054371,
      "YTD": -0.054371
    },
    "前7大科技": {
      "收盘价": 62.82,
      "1天": -0.019816,
      "1星期": -0.053631,
      "1个月": -0.043107,
      "1年": 0.144795,
      "QTD": -0.038715,
      "YTD": -0.038715
    },
    "标普等权指数": {
      "收盘价": 198.559998,
      "1天": -0.008687,
      "1星期": 0.000201,
      "1个月": 0.007919,
      "1年": 0.119299,
      "QTD": 0.029555,
      "YTD": 0.029555
    },
    "垃圾债券利差": {
      "收盘价": 2.86,
      "1天": 0.01,
      "1星期": 0.09,
      "1个月": 0.07,
      "1年": 0.24
    },
    "PUT/CALL": {
      "收盘价": 1.05,
      "1天": -0.32,
      "1星期": -0.01,
      "1个月": 0.23,
      "1年": 0.19
    }
  }
}